policy_id,policy_no,policy_status,issuing_entity,business_category,segment_code,market_segment,key_account,company_name,partner_code,carrier_code,product_category,product_id,premium_term,payment_mode,currency_code,premium_orig,premium,ape,sum_assured,Is_Premium_Financing,customer_type,SQ_rate,res_date,sign_date,submit_date,issue_date,referral_code,tr_register_number,tr_name
订单编号,保单号码,保单状态,签单供应商,业务类型,业务细分,市场细分,KEY ACCOUNT,公司名字,合作伙伴,保险公司,产品品类,产品名称,年期,供款方式,币种,保费,保费（港币）,APE,保额,是否融资单,客户分群,首年特殊折扣,预约日期,签单日期,递交日期,批核日（年/月/日）,同行推荐人,注册编号IA,TR
J000458,601994937,生效,九富保险服务有限公司,代理人业务,天领业务,天领机构,天领重庆,鼎汇,皮磊,香港永明金融有限公司,储蓄,万年青星河尊享计划,5,年缴,美金,50000,390000,390000,,0,NONPI,,45471,45475,45476,45665,,JF7748,吕嘉盈
D000829,611181928,生效,怡泰财富管理有限公司,代理人业务,成事家办,IYB分公司,杨洪美,机构,黄耀耀,香港永明金融有限公司,储蓄,万年青星河尊享计划,5,年缴,美金,3800,29640,29640,,0,NONPI,,45590,45596,45597,45716,,JF7523,吕静文
FU000003,8122790118,生效,泰溢国际有限公司,代理人业务,天领业务,天领机构,天领成都,泰睿锦,贺静,中国人寿保险（海外）股份有限公司（香港）,储蓄,丰盛连年储蓄保险计划,5,预缴,美金,30000,234000,234000,,0,NONPI,,45600,45607,45607,45670,,JG2017,黄健铭
J000561,601994455,生效,九富保险服务有限公司,代理人业务,天领业务,天领机构,天领重庆,聚忻,王凯,香港永明金融有限公司,储蓄,万年青星河尊享计划,2,预缴,美金,15000,117000,117000,,0,NONPI,,45602,45605,45608,45757,,JF7605,林思思
D001131,611181935,生效,怡泰财富管理有限公司,经代业务,BK业务,银行网点,民生银行,,民生北京,香港永明金融有限公司,储蓄,万年青·卓金计划,5,年缴,美金,100000,780000,780000,500000,0,NONPI,20%,45603,45604,45608,45671,,JF9727,杨荔茜
D001135,611181938,生效,怡泰财富管理有限公司,经代业务,BK业务,银行网点,民生银行,,民生南京,香港永明金融有限公司,储蓄,万年青·卓金计划,5,预缴,美金,60000,468000,468000,300000,0,NONPI,20%,45603,45623,45624,45663,,JF9727,杨荔茜
D000833,8122800183,生效,怡泰财富管理有限公司,代理人业务,天领业务,天领机构,天领重庆,Global  District,畅晋阳,中国人寿保险（海外）股份有限公司（香港）,储蓄,傲珑创富储蓄保险计划,2,预缴,美金,25000,195000,195000,,0,NONPI,,45604,45616,45616,45705,,JF7523,吕静文
D000834,8122800216,生效,怡泰财富管理有限公司,代理人业务,天领业务,天领机构,天领重庆,Global  District,畅晋阳,中国人寿保险（海外）股份有限公司（香港）,储蓄,傲珑创富储蓄保险计划,2,预缴,美金,25000,195000,195000,,0,NONPI,,45604,45616,45616,45664,,JF7523,吕静文
D001136,611181864,生效,怡泰财富管理有限公司,经代业务,BK业务,银行网点,民生银行,,民生北京,香港永明金融有限公司,储蓄,万年青·卓金计划,5,年缴,美金,60000,468000,468000,300000,0,NONPI,59%,45611,45618,45622,45663,,JF9727,杨荔茜
J000572,601994524,生效,九富保险服务有限公司,代理人业务,天领业务,天领机构,天领重庆,鼎汇,张欣,香港永明金融有限公司,储蓄,万年青星河尊享计划,5,年缴,美金,100000,780000,780000,,0,NONPI,,45616,45638,45639,45670,,JF6047,林冠丞
D001137,611181971,生效,怡泰财富管理有限公司,经代业务,BK业务,银行网点,民生银行,,民生深圳,香港永明金融有限公司,储蓄,万年青·卓金计划,5,年缴,美金,50000,390000,390000,250000,0,NONPI,59%,45616,45635,45637,45666,,JF9727,杨荔茜
L000078,92389678,生效,利泰丰财富管理有限公司,代理人业务,天领业务,天领机构,天领重庆,鼎汇,毛静,万通保险国际有限公司,储蓄,富饶千秋储蓄计划,5,预缴,美金,5000,39000,39000,,0,NONPI,,45617,45621,45623,45666,,JH1915,刘婉莹
D001139,611181959,生效,怡泰财富管理有限公司,经代业务,BK业务,银行网点,民生银行,,民生南京,香港永明金融有限公司,储蓄,万年青·卓金计划,5,预缴,美金,50000,390000,390000,250000,0,NONPI,59%,45617,45628,45629,45660,,JF9727,杨荔茜
D001141,611181984,生效,怡泰财富管理有限公司,经代业务,BK业务,银行网点,民生银行,,民生南京,香港永明金融有限公司,储蓄,万年青·卓金计划,5,年缴,美金,50000,390000,390000,250000,0,NONPI,20%,45621,45625,45629,45663,,JF9727,杨荔茜
D001142,611181943,生效,怡泰财富管理有限公司,经代业务,BK业务,银行网点,民生银行,,民生南京,香港永明金融有限公司,储蓄,万年青·卓金计划,5,年缴,美金,50000,390000,390000,250000,0,NONPI,20%,45621,45635,45636,45663,,JH6936,余迪慷
D000851,8122812322,生效,怡泰财富管理有限公司,代理人业务,天领业务,天领机构,天领重庆,鼎汇,文君,中国人寿保险（海外）股份有限公司（香港）,储蓄,傲珑创富储蓄保险计划,2,年缴,美金,10000,78000,78000,,0,NONPI,,45622,45626,45626,45659,,JF2281,赖晔敏
L000084,92405204,生效,利泰丰财富管理有限公司,KA业务,合伙转介业务,同行机构转介,坤泰,坤泰,坤泰,万通保险国际有限公司,储蓄,富饶千秋储蓄计划,5,预缴,美金,10000,78000,78000,,0,NONPI,,45624,45624,45625,45665,,JH1915,刘婉莹
D000857,611169808,生效,怡泰财富管理有限公司,KA业务,合伙转介业务,同行机构转介,加利利,加利利,尤静,香港永明金融有限公司,储蓄,万年青星河尊享计划,5,预缴,美金,30000,234000,234000,,0,NONPI,,45624,45630,45635,45670,,IA6464,连亮晴
D000858,611181955,生效,怡泰财富管理有限公司,KA业务,ICLUB业务,异业机构转介,个人转介,理财师,张锐,香港永明金融有限公司,储蓄,万年青星河尊享计划,5,年缴,美金,30000,234000,234000,,0,NONPI,,45624,45628,45632,45672,,JH6936,余迪慷
D001143,611181953,生效,怡泰财富管理有限公司,经代业务,BK业务,银行网点,民生银行,,民生杭州,香港永明金融有限公司,储蓄,万年青·卓金计划,5,年缴,美金,50000,390000,390000,250000,0,NONPI,20%,45624,45629,45632,45660,,JH6936,余迪慷
D000861,611181949,生效,怡泰财富管理有限公司,KA业务,ICLUB业务,异业机构转介,银科,机构,银科,香港永明金融有限公司,储蓄,万年青星河传承计划,5,预缴,美金,18000,140400,140400,,0,NONPI,,45625,45630,45632,45663,,JH6936,余迪慷
D000862,611169800,生效,怡泰财富管理有限公司,代理人业务,成事家办,IYB分公司,刘微,机构,杨凯,香港永明金融有限公司,储蓄,万年青星河尊享计划,5,年缴,美金,30000,234000,234000,,0,NONPI,,45625,45635,45636,45680,,JF7523,吕静文
D000863,611181950,生效,怡泰财富管理有限公司,KA业务,ICLUB业务,异业机构转介,银科,机构,银科,香港永明金融有限公司,储蓄,万年青星河传承计划,5,预缴,美金,10000,78000,78000,,0,NONPI,,45625,45630,45631,45664,,JF5589,朱雨雁
D000864,611181947,生效,怡泰财富管理有限公司,代理人业务,成事家办,IYB分公司,杨璐熙,机构,秦凤君,香港永明金融有限公司,储蓄,万年青星河传承计划,5,预缴,美金,50000,390000,390000,,0,NONPI,,45628,45638,45642,45671,,JF5589,朱雨雁
D000865,611181942,生效,怡泰财富管理有限公司,代理人业务,成事家办,IYB分公司,杨帆,机构,陈永健,香港永明金融有限公司,储蓄,万年青星河传承计划,5,预缴,美金,300000,2340000,2340000,,0,NONPI,,45628,45632,45635,45699,,JF5589,朱雨雁
D001144,611181961,生效,怡泰财富管理有限公司,经代业务,BK业务,银行网点,民生银行,,民生北京,香港永明金融有限公司,储蓄,万年青·卓金计划,5,年缴,美金,50000,390000,390000,250000,0,NONPI,20%,45628,45629,45632,45664,,JF9727,杨荔茜
D001145,611181966,生效,怡泰财富管理有限公司,经代业务,BK业务,银行网点,民生银行,,民生上海,香港永明金融有限公司,储蓄,万年青·卓金计划,5,年缴,美金,150000,1170000,1170000,750000,0,NONPI,20%,45628,45631,45632,45666,,JF9727,杨荔茜
D001146,611181968,生效,怡泰财富管理有限公司,经代业务,BK业务,银行网点,民生银行,,民生上海,香港永明金融有限公司,储蓄,万年青·卓金计划,5,年缴,美金,150000,1170000,1170000,750000,0,NONPI,20%,45628,45631,45632,45680,,JH6936,余迪慷
D000866,611181946,生效,怡泰财富管理有限公司,经代业务,同行经代,持牌资管,松石保险,Pinerock,松石保险,香港永明金融有限公司,储蓄,万年青星河尊享计划,5,预缴,美金,20000,156000,156000,,0,NONPI,,45629,45636,45638,45681,Mark,JH6936,余迪慷
D000867,611169801,生效,怡泰财富管理有限公司,经代业务,同行经代,持牌资管,松石保险,Pinerock,松石保险,香港永明金融有限公司,储蓄,万年青星河尊享计划,5,预缴,美金,20000,156000,156000,,0,NONPI,,45629,45636,45638,45671,Mark,JF7523,吕静文
D000872,611181951,生效,怡泰财富管理有限公司,KA业务,ICLUB业务,异业机构转介,个人转介,理财师,张锐,香港永明金融有限公司,储蓄,万年青星河尊享计划,5,年缴,美金,30000,234000,234000,,0,NONPI,,45630,45635,45638,45664,,JF7523,吕静文
D000873,611181941,生效,怡泰财富管理有限公司,代理人业务,成事家办,IYB分公司,杨帆,机构,李海奇,香港永明金融有限公司,储蓄,万年青星河传承计划,5,年缴,美金,100000,780000,780000,,0,NONPI,,45630,45637,45638,45667,,JF5589,朱雨雁
D000875,611181873,生效,怡泰财富管理有限公司,KA业务,ICLUB业务,异业机构转介,个人转介,理财师,刘光媚,香港永明金融有限公司,储蓄,万年青星河尊享计划,5,年缴,美金,20000,156000,156000,,0,NONPI,,45630,45636,45644,45672,,JF7523,吕静文
D000876,611181945,生效,怡泰财富管理有限公司,代理人业务,成事家办,IYB分公司,杨璐熙,机构,余立昌,香港永明金融有限公司,储蓄,万年青星河传承计划,5,年缴,美金,60000,468000,468000,,0,NONPI,,45631,45636,45638,45663,,JF5589,朱雨雁
D000877,611181862,生效,怡泰财富管理有限公司,KA业务,ICLUB业务,异业机构转介,个人转介,理财师,孙如筠,香港永明金融有限公司,储蓄,万年青星河传承计划,5,预缴,美金,275000,2145000,2145000,,0,NONPI,,45631,45635,45638,45663,,JF7523,吕静文
D001148,611181957,生效,怡泰财富管理有限公司,经代业务,BK业务,银行网点,民生银行,梁驹,民生香港,香港永明金融有限公司,储蓄,万年青·卓金计划,5,预缴,美金,50000,390000,390000,250000,0,NONPI,59%,45631,45632,45638,45663,,JF9727,杨荔茜
D001149,611181979,生效,怡泰财富管理有限公司,经代业务,BK业务,银行网点,民生银行,梁驹,民生香港,香港永明金融有限公司,储蓄,万年青·卓金计划,5,年缴,美金,50000,390000,390000,250000,0,NONPI,59%,45631,45638,45643,45660,,JF9727,杨荔茜
D001150,611181960,生效,怡泰财富管理有限公司,经代业务,BK业务,银行网点,民生银行,,民生北京,香港永明金融有限公司,储蓄,万年青·卓金计划,5,年缴,美金,50000,390000,390000,250000,0,NONPI,20%,45631,45638,45643,45665,,JF9727,杨荔茜
D000868,611169802,生效,怡泰财富管理有限公司,代理人业务,成事家办,IYB分公司,杨璐熙,机构,余立昌,香港永明金融有限公司,储蓄,万年青星河传承计划,5,年缴,美金,100000,780000,780000,,0,NONPI,,45632,45635,45637,45663,,JF2281,赖晔敏
D000879,611181863,生效,怡泰财富管理有限公司,KA业务,合伙转介业务,持牌转介,总部职能,总部职能,陈剑远志,香港永明金融有限公司,重疾,万家康卓越保,20,年缴,美金,2151,16777.8,16777.8,100000,0,NONPI,,45632,45637,45660,45825,,JF7523,吕静文
D000880,611181872,生效,怡泰财富管理有限公司,KA业务,合伙转介业务,异业机构转介,明德长青,明德长青,明德长青,香港永明金融有限公司,储蓄,万年青星河尊享计划,5,年缴,美金,100000,780000,780000,,0,NONPI,,45632,45643,45646,45664,,JF7523,吕静文
J000583,601994796,生效,九富保险服务有限公司,代理人业务,天领业务,天领机构,天领重庆,Starry,王璐洁,香港永明金融有限公司,储蓄,万年青星河尊享计划,5,年缴,美金,50000,390000,390000,,0,NONPI,,45635,45637,45639,45660,,JF7748,吕嘉盈
J000584,601994511,生效,九富保险服务有限公司,代理人业务,天领业务,天领机构,天领成都,高山,卢建明,香港永明金融有限公司,储蓄,万年青星河尊享计划,5,预缴,美金,60000,468000,468000,,0,NONPI,,45635,45637,45639,45660,,JF7748,吕嘉盈
D001151,611194436,生效,怡泰财富管理有限公司,经代业务,BK业务,银行网点,民生银行,张江支行,民生上海,香港永明金融有限公司,储蓄,万年青·卓金计划,5,年缴,美金,50000,390000,390000,250000,0,NONPI,0.48,45635,45638,45657,45664,,JH6936,余迪慷
D000887,611181865,生效,怡泰财富管理有限公司,KA业务,ICLUB业务,异业机构转介,新风,机构,新风,香港永明金融有限公司,储蓄,万年青星河传承计划,5,年缴,美金,50000,390000,390000,,0,NONPI,,45636,45642,45643,45663,,JF2281,赖晔敏
J000585,9.00006E+11,生效,九富保险服务有限公司,KA业务,ICLUB业务,异业机构转介,保险师,机构,保险师,周大福人寿保险有限公司,储蓄,匠心传承储蓄寿险计划2（尊尚版）,5,预缴,美金,20000.03,156000.234,156000.234,,0,NONPI,,45636,45644,45649,45680,,JF7748,吕嘉盈
J000586,601994512,生效,九富保险服务有限公司,代理人业务,天领业务,天领机构,天领重庆,Starry,王璐洁,香港永明金融有限公司,储蓄,万年青星河尊享计划,2,年缴,美金,15000,117000,117000,,0,NONPI,,45636,45637,45638,45670,,JF7748,吕嘉盈
D001152,611181962,生效,怡泰财富管理有限公司,经代业务,BK业务,银行网点,民生银行,,民生上海,香港永明金融有限公司,储蓄,万年青·卓金计划,5,年缴,美金,100000,780000,780000,500000,0,NONPI,20%,45636,45636,45637,45666,,JF9727,杨荔茜
J000587,601994427,生效,九富保险服务有限公司,KA业务,合伙转介业务,同行机构转介,德约,广西分公司,覃玲玲,香港永明金融有限公司,储蓄,万年青星河尊享计划,5,年缴,美金,10000,78000,78000,,0,NONPI,,45637,45643,45643,45664,,JF7605,林思思
D001153,611194408,生效,怡泰财富管理有限公司,经代业务,BK业务,银行网点,民生银行,梁驹,民生香港,香港永明金融有限公司,储蓄,万年青·卓金计划,5,年缴,美金,50000,390000,390000,250000,0,NONPI,59%,45637,45638,,45671,,JF5589,朱雨雁
D000886,611169807,生效,怡泰财富管理有限公司,KA业务,ICLUB业务,异业机构转介,新风,机构,新风,香港永明金融有限公司,储蓄,万年青星河传承计划,5,预缴,美金,50000,390000,390000,,0,NONPI,,45638,45644,45645,45681,,JF2281,赖晔敏
D000888,611194410,生效,怡泰财富管理有限公司,KA业务,ICLUB业务,异业机构转介,个人转介,理财师,李一忱,香港永明金融有限公司,储蓄,万年青星河传承计划,5,年缴,美金,20000,156000,156000,,0,NONPI,,45638,45647,45649,45663,,JF7523,吕静文
D000889,611194489,生效,怡泰财富管理有限公司,代理人业务,成事家办,IYB分公司,杨洪美,机构,黄耀耀,香港永明金融有限公司,储蓄,万年青星河尊享计划,5,预缴,美金,30000,234000,234000,,0,NONPI,,45638,45644,45645,45670,,JF2281,赖晔敏
D000890,611169805,生效,怡泰财富管理有限公司,代理人业务,成事家办,IYB分公司,杨洪美,机构,黄耀耀,香港永明金融有限公司,储蓄,万年青星河尊享计划,5,预缴,美金,50000,390000,390000,,0,NONPI,,45638,45646,45650,45670,,JF2281,赖晔敏
D001154,611181964,生效,怡泰财富管理有限公司,经代业务,BK业务,银行网点,民生银行,,民生北京,香港永明金融有限公司,储蓄,万年青·卓金计划,5,年缴,美金,50000,390000,390000,250000,0,NONPI,20%,45638,45645,45660,45673,,JF9727,杨荔茜
D001155,611195271,生效,怡泰财富管理有限公司,经代业务,BK业务,银行网点,民生银行,,民生杭州,香港永明金融有限公司,储蓄,万年青·卓金计划,5,年缴,美金,50000,390000,390000,250000,0,NONPI,20%,45638,45649,45657,45706,,JH6936,余迪慷
D000895,611181875,生效,怡泰财富管理有限公司,KA业务,ICLUB业务,异业机构转介,银科,机构,银科,香港永明金融有限公司,储蓄,万年青星河传承计划,5,年缴,美金,60000,468000,468000,,0,NONPI,,45639,45643,45646,45671,,JF2281,赖晔敏
D000896,611194476,生效,怡泰财富管理有限公司,KA业务,ICLUB业务,异业机构转介,新风,机构,新风,香港永明金融有限公司,储蓄,万年青星河传承计划,5,年缴,美金,5000,39000,39000,,0,NONPI,,45639,45645,45646,45666,,JF2281,赖晔敏
D000897,611181963,生效,怡泰财富管理有限公司,KA业务,ICLUB业务,异业机构转介,银科,机构,银科,香港永明金融有限公司,储蓄,万年青星河传承计划,5,年缴,美金,10000,78000,78000,,0,NONPI,,45639,45645,45646,45679,,JF7523,吕静文
D000898,611194418,生效,怡泰财富管理有限公司,KA业务,ICLUB业务,异业机构转介,银科,机构,银科,香港永明金融有限公司,储蓄,万年青星河传承计划,5,预缴,美金,10000,78000,78000,,0,NONPI,,45639,45645,45646,45664,,JF7523,吕静文
J000589,601994426,生效,九富保险服务有限公司,KA业务,合伙转介业务,同行机构转介,雨泽,雨泽,白博文,香港永明金融有限公司,储蓄,万年青星河传承计划,5,年缴,美金,10000,78000,78000,,0,NONPI,,45639,45643,45649,45663,,JF7605,林思思
J000590,601994428,生效,九富保险服务有限公司,KA业务,合伙转介业务,同行机构转介,雨泽,雨泽,白博文,香港永明金融有限公司,储蓄,万年青星河传承计划,5,年缴,美金,5000,39000,39000,,0,NONPI,,45639,45644,45649,45664,,JF7605,吕嘉盈
J000591,601994425,生效,九富保险服务有限公司,KA业务,合伙转介业务,同行机构转介,雨泽,雨泽,白博文,香港永明金融有限公司,储蓄,万年青星河传承计划,5,年缴,美金,10000,78000,78000,,0,NONPI,,45639,45643,45649,45664,,JF7605,林思思
D000900,611194409,生效,怡泰财富管理有限公司,代理人业务,成事家办,IYB分公司,杨璐熙,机构,汤家俊,香港永明金融有限公司,重疾,万家康卓越保,20,年缴,美金,1692,13197.6,13197.6,150000,0,NONPI,,45642,45645,45649,45665,,JF7523,吕静文
D000901,611194401,生效,怡泰财富管理有限公司,KA业务,ICLUB业务,异业机构转介,个人转介,理财师,LIU SIMIN,香港永明金融有限公司,储蓄,万年青星河尊享计划,5,预缴,美金,30000,234000,234000,,0,NONPI,,45642,45644,45646,45677,,JF7523,吕静文
D000902,611194428,生效,怡泰财富管理有限公司,KA业务,合伙转介业务,异业机构转介,明德长青,明德长青,明德长青,香港永明金融有限公司,储蓄,万年青星河尊享计划,5,年缴,美金,10000,78000,78000,,0,NONPI,,45642,45653,45664,45671,,JH6936,余迪慷
J000594,601994518,生效,九富保险服务有限公司,代理人业务,天领业务,天领机构,天领重庆,Miracle,兰梦洁,香港永明金融有限公司,储蓄,万年青星河传承计划,5,预缴,美金,50000,390000,390000,,0,NONPI,申请保司折扣优惠,45642,45646,45653,45671,,JF6047,林冠丞
D000903,8122842720,生效,怡泰财富管理有限公司,代理人业务,天领业务,天领机构,天领重庆,Win,王华,中国人寿保险（海外）股份有限公司（香港）,储蓄,傲珑创富储蓄保险计划,2,年缴,美金,15000,117000,117000,,0,NONPI,,45643,45649,45649,45663,,JF7523,吕静文
D000904,8122842663,生效,怡泰财富管理有限公司,代理人业务,天领业务,天领机构,天领重庆,Win,王华,中国人寿保险（海外）股份有限公司（香港）,储蓄,傲珑创富储蓄保险计划,2,年缴,美金,15000,117000,117000,,0,NONPI,,45643,45649,45649,45673,,JF7523,吕静文
D000905,611194460,生效,怡泰财富管理有限公司,KA业务,ICLUB业务,异业机构转介,银科,机构,银科,香港永明金融有限公司,储蓄,万年青星河传承计划,5,预缴,美金,10000,78000,78000,,0,NONPI,,45643,45645,45660,45670,,JH6936,余迪慷
D000906,611194406,生效,怡泰财富管理有限公司,代理人业务,成事家办,IYB分公司,杨璐熙,机构,余立昌,香港永明金融有限公司,储蓄,万年青星河传承计划,5,预缴,美金,10000,78000,78000,,0,NONPI,,45643,45645,45657,45664,,JH6936,余迪慷
D000907,611194422,生效,怡泰财富管理有限公司,代理人业务,成事家办,IYB分公司,杨璐熙,机构,余立昌,香港永明金融有限公司,储蓄,万年青星河传承计划,5,预缴,美金,10000,78000,78000,,0,NONPI,,45643,45645,45664,45671,,JH6936,余迪慷
J000597,601994432,生效,九富保险服务有限公司,KA业务,合伙转介业务,同行机构转介,雨泽,雨泽,白博文,香港永明金融有限公司,储蓄,万年青星河传承计划,5,年缴,美金,3000,23400,23400,,0,NONPI,,45643,45644,45649,45700,,JF7605,林思思
D001156,611194402,生效,怡泰财富管理有限公司,经代业务,BK业务,银行网点,民生银行,,民生南京,香港永明金融有限公司,储蓄,万年青·卓金计划,5,年缴,美金,50000,390000,390000,250000,0,NONPI,20%,45643,45643,45665,45680,,JH6936,余迪慷
D000908,611194467,生效,怡泰财富管理有限公司,KA业务,ICLUB业务,异业机构转介,银科,机构,银科,香港永明金融有限公司,储蓄,万年青星河传承计划,5,预缴,美金,10000,78000,78000,,0,NONPI,,45644,45646,45651,45663,,JF2281,赖晔敏
D000909,611195299,生效,怡泰财富管理有限公司,经代业务,同行经代,持牌资管,利泰丰,员工,张潇,香港永明金融有限公司,储蓄,永誉传承储蓄计划,1,整付,美金,4750000,37050000,3705000,,1,NONPI,4.50%,45644,45653,45657,45757,,JF2281,赖晔敏
D000910,611194405,生效,怡泰财富管理有限公司,代理人业务,成事家办,IYB分公司,杨璐熙,机构,汤家俊,香港永明金融有限公司,储蓄,万年青星河传承计划,5,年缴,美金,30000,234000,234000,,0,NONPI,,45644,45645,45649,45664,,JF7523,吕静文
J000596,601994526,生效,九富保险服务有限公司,KA业务,合伙转介业务,同行机构转介,德约,浙江分公司,蒋双华,香港永明金融有限公司,储蓄,万年青星河尊享计划,5,年缴,美金,50000,390000,390000,,0,NONPI,,45644,45656,45660,45674,,JF6047,林冠丞
D000914,92401064,生效,怡泰财富管理有限公司,代理人业务,成事家办,IYB分公司,刘微,机构,杨凯,万通保险国际有限公司,重疾,万通危疾加护保(优越版),20,年缴,美金,2397,18696.6,18696.6,100000,0,NONPI,,45645,45649,45653,45664,,JF7523,吕静文
J000598,601994517,生效,九富保险服务有限公司,代理人业务,天领业务,天领机构,天领重庆,Starry,王璐洁,香港永明金融有限公司,储蓄,万年青星河尊享计划,2,年缴,美金,40000,312000,312000,,0,NONPI,,45645,45646,45649,45674,,JF6047,林冠丞
D001158,611181969,生效,怡泰财富管理有限公司,经代业务,BK业务,银行网点,民生银行,,民生合肥,香港永明金融有限公司,储蓄,万年青·卓金计划,5,年缴,美金,50000,390000,390000,250000,0,NONPI,20%,45645,45649,45660,45684,,JF9727,杨荔茜
D001159,611181970,生效,怡泰财富管理有限公司,经代业务,BK业务,银行网点,民生银行,,民生合肥,香港永明金融有限公司,储蓄,万年青·卓金计划,5,年缴,美金,100000,780000,780000,500000,0,NONPI,59%,45645,45649,45660,45685,,JF9727,杨荔茜
D001160,611195275,生效,怡泰财富管理有限公司,经代业务,BK业务,银行网点,民生银行,,民生合肥,香港永明金融有限公司,储蓄,万年青·卓金计划,5,年缴,美金,30000,234000,234000,150000,0,NONPI,59%,45645,45649,45657,45667,,JH6936,余迪慷
D001161,611195274,生效,怡泰财富管理有限公司,经代业务,BK业务,银行网点,民生银行,,民生合肥,香港永明金融有限公司,储蓄,万年青·卓金计划,5,年缴,美金,50000,390000,390000,250000,0,NONPI,59%,45645,45649,45657,45702,,JH6936,余迪慷
D001162,611181987,生效,怡泰财富管理有限公司,经代业务,BK业务,银行网点,民生银行,,民生北京,香港永明金融有限公司,储蓄,万年青·卓金计划,5,预缴,美金,50000,390000,390000,250000,0,NONPI,20%,45645,45645,45660,45681,,JF9727,杨荔茜
D001172,92401064,生效,怡泰财富管理有限公司,代理人业务,成事家办,IYB分公司,刘微,机构,杨凯,万通保险国际有限公司,重疾,万通危疾加护保(优越版),20,年缴,美金,479,3736.2,3736.2,,0,NONPI,,45645,45649,45653,45664,,JF7523,吕静文
J000599,601994440,生效,九富保险服务有限公司,KA业务,合伙转介业务,同行个人转介,蓝雪丹,,蓝雪丹,香港永明金融有限公司,储蓄,万年青星河尊享计划,5,年缴,美金,60000,468000,468000,,0,NONPI,,45646,45647,45657,45663,,JF7605,林思思
J000602,601994438,生效,九富保险服务有限公司,KA业务,合伙转介业务,同行个人转介,蓝雪丹,,蓝雪丹,香港永明金融有限公司,重疾,万家康卓越保,20,年缴,美金,810.5,6321.9,6321.9,50000,0,NONPI,,45646,45647,45657,45708,,JF7605,林思思
J000606,601994523,生效,九富保险服务有限公司,KA业务,合伙转介业务,同行机构转介,德约,浙江分公司,劳燕妮莎白,香港永明金融有限公司,储蓄,万年青星河尊享计划,5,年缴,美金,100000,780000,780000,,0,NONPI,,45646,45649,45677,45691,,JF6047,林冠丞
J000608,601994532,生效,九富保险服务有限公司,代理人业务,天领业务,天领机构,天领成都,致合,鲁茜,香港永明金融有限公司,储蓄,万年青星河传承计划,5,预缴,美金,50000,390000,390000,,0,NONPI,申请保司折扣优惠,45646,45657,45660,45680,,JF6047,林冠丞
D001167,611181974,生效,怡泰财富管理有限公司,经代业务,BK业务,银行网点,民生银行,,民生广州,香港永明金融有限公司,储蓄,万年青·卓金计划,5,年缴,美金,50000,390000,390000,250000,0,NONPI,20%,45646,45649,45660,45666,,JF9727,杨荔茜
D001168,611181989,生效,怡泰财富管理有限公司,经代业务,BK业务,银行网点,民生银行,,民生合肥,香港永明金融有限公司,重疾,万家康卓越保,20,年缴,美金,1128,8798.4,8798.4,100000,0,NONPI,,45647,45649,45660,45763,,JF9727,杨荔茜
D000911,611195280,生效,怡泰财富管理有限公司,KA业务,ICLUB业务,异业机构转介,个人转介,理财师,范文杰,香港永明金融有限公司,储蓄,万年青星河尊享计划,5,年缴,美金,50000,390000,390000,,0,NONPI,,45649,45653,45657,45709,,JF2281,赖晔敏
D001169,611195285,生效,怡泰财富管理有限公司,经代业务,BK业务,银行网点,民生银行,,民生合肥,香港永明金融有限公司,储蓄,万年青·卓金计划,5,年缴,美金,50000,390000,390000,250000,0,NONPI,20%,45649,45649,45657,45674,,JH6936,余迪慷
D001174,611194425,生效,怡泰财富管理有限公司,KA业务,ICLUB业务,异业机构转介,个人转介,理财师,刘光媚,香港永明金融有限公司,储蓄,万年青星河尊享计划,5,年缴,美金,30000,234000,234000,,0,NONPI,,45649,45653,45660,45670,,JH6936,余迪慷
D001175,8122846860,生效,怡泰财富管理有限公司,代理人业务,天领业务,天领机构,天领重庆,鼎汇,卢诗敔,中国人寿保险（海外）股份有限公司（香港）,储蓄,傲珑创富储蓄保险计划,2,预缴,美金,20000,156000,156000,,0,NONPI,,45649,45653,45653,45663,,JF2281,赖晔敏
J000610,9.00006E+11,生效,九富保险服务有限公司,KA业务,IFA业务,异业机构转介,IFA,IFA,李璞,周大福人寿保险有限公司,储蓄,匠心传承储蓄寿险计划2（尊尚版）,5,预缴,美金,145000.14,1131001.092,1131001.092,,0,NONPI,,45649,45656,45659,45784,,JF6047,林冠丞
Y000037,TPLMO100003825072008,生效,盈富理财顾问有限公司,代理人业务,天领业务,天领机构,天领成都,致合,罗兴丹,中国太平保险（澳门）有限公司,储蓄,盈满世代储蓄计划,3,预缴,港币,1666666.65,1666666.65,1666666.65,5000000,1,NONPI,,45649,45657,,45671,,,
D001176,611194420,生效,怡泰财富管理有限公司,代理人业务,成事家办,IYB分公司,杨璐熙,机构,余立昌,香港永明金融有限公司,储蓄,万年青星河传承计划,5,年缴,美金,20000,156000,156000,,0,NONPI,,45650,45653,45660,45667,,JH6936,余迪慷
D001177,92387749,生效,怡泰财富管理有限公司,代理人业务,天领业务,天领机构,天领重庆,Miracle,赵守娟,万通保险国际有限公司,储蓄,富饶千秋储蓄计划,5,年缴,美金,10000,78000,78000,,0,NONPI,,45650,45652,45653,45685,,JF2281,赖晔敏
D001178,8122852708,生效,怡泰财富管理有限公司,代理人业务,天领业务,天领机构,天领重庆,鼎汇,毛静,中国人寿保险（海外）股份有限公司（香港）,储蓄,傲珑创富储蓄保险计划,2,预缴,美金,25000,195000,195000,,0,NONPI,,45652,45656,45656,45691,,JF2281,赖晔敏
J000612,601994525,生效,九富保险服务有限公司,代理人业务,天领业务,天领机构,天领重庆,Miracle,赵守娟,香港永明金融有限公司,储蓄,万年青星河尊享计划,5,年缴,美金,20000,156000,156000,,0,NONPI,,45652,45653,45653,45756,,JF6047,林冠丞
D001170,611181972,生效,怡泰财富管理有限公司,经代业务,BK业务,银行网点,民生银行,,民生南京,香港永明金融有限公司,储蓄,万年青·卓金计划,5,年缴,美金,50000,390000,390000,250000,0,NONPI,20%,45653,45659,45664,45672,,JF9727,杨荔茜
D001171,611195272,生效,怡泰财富管理有限公司,经代业务,BK业务,银行网点,民生银行,,民生南京,香港永明金融有限公司,储蓄,万年青·卓金计划,5,年缴,美金,50000,390000,390000,250000,0,NONPI,20%,45653,45657,45657,45670,,JH6936,余迪慷
D001179,8122852271,生效,怡泰财富管理有限公司,代理人业务,天领业务,天领机构,天领重庆,鼎汇,熊真丹,中国人寿保险（海外）股份有限公司（香港）,储蓄,傲珑创富储蓄保险计划,2,预缴,美金,10000,78000,78000,,0,NONPI,,45653,45656,45656,45670,,JF2281,赖晔敏
D001180,611194417,生效,怡泰财富管理有限公司,KA业务,ICLUB业务,异业机构转介,睿合思盛,机构,睿合思盛,香港永明金融有限公司,储蓄,万年青星河尊享计划,5,年缴,美金,60000,468000,468000,,0,NONPI,,45653,45656,45665,45701,,JH6936,余迪慷
J000613,601994529,生效,九富保险服务有限公司,代理人业务,天领业务,天领机构,天领重庆,聚忻,唐亚兰,香港永明金融有限公司,储蓄,万年青星河尊享计划,5,年缴,美金,8000,62400,62400,,0,NONPI,,45653,45656,45660,45674,,JF6047,林冠丞
J000615,601994527,生效,九富保险服务有限公司,代理人业务,天领业务,天领机构,天领重庆,聚忻,唐亚兰,香港永明金融有限公司,储蓄,万年青星河尊享计划,5,年缴,美金,50000,390000,390000,,0,NONPI,,45653,45656,45660,45684,,JF6047,林冠丞
D001188,611194458,生效,怡泰财富管理有限公司,代理人业务,天领业务,天领机构,天领成都,致合,罗啸,香港永明金融有限公司,储蓄,永盈储蓄计划,1,整付,美金,2000000,15600000,1560000,,0,NONPI,,45653,45656,45709,45743,,JF2281,赖晔敏
D001182,611194490,生效,怡泰财富管理有限公司,KA业务,合伙转介业务,异业机构转介,明德长青,明德长青,明德长青,香港永明金融有限公司,储蓄,万年青星河尊享计划,5,年缴,美金,100000,780000,780000,,0,NONPI,,45656,45660,45660,45679,,JH6936,余迪慷
D001183,611194433,生效,怡泰财富管理有限公司,KA业务,ICLUB业务,异业机构转介,新风,机构,新风,香港永明金融有限公司,储蓄,万年青星河尊享计划,5,年缴,美金,100000,780000,780000,,0,NONPI,,45656,45660,45660,45667,,JH6936,余迪慷
D001184,611194430,生效,怡泰财富管理有限公司,代理人业务,成事家办,IYB分公司,杨璐熙,机构,余立昌,香港永明金融有限公司,储蓄,万年青星河传承计划,5,预缴,美金,30000,234000,234000,,0,NONPI,,45656,45667,45670,45679,,JF7523,吕静文
D001185,611193786,生效,怡泰财富管理有限公司,KA业务,ICLUB业务,异业机构转介,睿合思盛,机构,睿合思盛,香港永明金融有限公司,储蓄,万年青星河尊享计划,5,年缴,美金,60000,468000,468000,,0,NONPI,,45656,45656,45665,45694,,JH6936,余迪慷
D001186,611194416,生效,怡泰财富管理有限公司,KA业务,ICLUB业务,异业机构转介,睿合思盛,机构,睿合思盛,香港永明金融有限公司,储蓄,万年青星河尊享计划,5,年缴,美金,60000,468000,468000,,0,NONPI,,45656,45656,45665,45695,,JH6936,余迪慷
D001190,A000001602,生效,怡泰财富管理有限公司,KA业务,IFA业务,异业机构转介,IFA,IFA,李璞,中国太平洋保险（香港）有限公司,储蓄,世代悦享储蓄寿险计划2,5,预缴,美金,10200,79560,79560,,0,NONPI,,45656,45656,45651,45708,,JF2281,赖晔敏
J000616,601994530,生效,九富保险服务有限公司,代理人业务,天领业务,天领机构,天领重庆,聚忻,唐亚兰,香港永明金融有限公司,储蓄,万年青星河尊享计划,5,预缴,美金,8000,62400,62400,,0,NONPI,,45656,45656,45660,45666,,JF6047,林冠丞
J000617,601994533,生效,九富保险服务有限公司,KA业务,合伙转介业务,同行机构转介,德约,浙江分公司,方小静,香港永明金融有限公司,储蓄,万年青星河尊享计划,5,年缴,美金,10000,78000,78000,,0,NONPI,,45656,45663,45665,45671,,JF6047,林冠丞
J000618,601994534,生效,九富保险服务有限公司,代理人业务,天领业务,天领机构,天领重庆,鼎汇,张欣,香港永明金融有限公司,储蓄,万年青星河尊享计划,5,年缴,美金,140000,1092000,1092000,,0,NONPI,,45656,45665,45667,45673,,JF6047,林冠丞
J000619,601994465,生效,九富保险服务有限公司,代理人业务,天领业务,天领机构,天领成都,泰睿锦,贺静,香港永明金融有限公司,储蓄,万年青星河尊享计划,5,年缴,美金,20000,156000,156000,,0,NONPI,,45657,45665,45667,45699,,JF7605,林思思
J000620,601994442,生效,九富保险服务有限公司,代理人业务,天领业务,天领机构,天领重庆,鼎汇,杨雪,香港永明金融有限公司,储蓄,万年青星河尊享计划,5,预缴,美金,10000,78000,78000,,0,NONPI,,45659,45674,45674,45684,,JF6047,林冠丞
FU000006,8122875041,生效,泰溢国际有限公司,代理人业务,天领业务,天领机构,天领重庆,聚忻,王惠琴,中国人寿保险（海外）股份有限公司（香港）,储蓄,智裕世代多元货币保险计划(卓越),5,年缴,美金,10000,78000,78000,,0,NONPI,,45659,45663,45667,45716,,JG2017,黄健铭
FU000007,8122861438,生效,泰溢国际有限公司,KA业务,合伙转介业务,同行机构转介,德约,浙江分公司,方小静,中国人寿保险（海外）股份有限公司（香港）,储蓄,享乐一生储蓄保险计划,1,整付,美金,10000,78000,7800,,0,NONPI,,45659,45663,45659,45665,,JG2017,黄健铭
D001189,611194431,生效,怡泰财富管理有限公司,代理人业务,成事家办,IYB分公司,刘微,机构,陈薇,香港永明金融有限公司,储蓄,万年青星河尊享计划,5,年缴,美金,20000,156000,156000,,0,NONPI,,45660,45663,45664,45674,,JF7523,吕静文
D001191,611181977,生效,怡泰财富管理有限公司,经代业务,BK业务,银行网点,民生银行,,民生沈阳,香港永明金融有限公司,储蓄,万年青·卓金计划,5,年缴,美金,100000,780000,780000,500000,0,NONPI,20%,45660,45663,45665,45672,,JH6936,余迪慷
J000621,601994535,生效,九富保险服务有限公司,代理人业务,天领业务,天领机构,天领成都,高山,李霞,香港永明金融有限公司,储蓄,万年青星河传承计划,5,预缴,美金,100000,780000,780000,,0,NONPI,申请保司折扣优惠,45660,45660,45663,45680,,JF6047,林冠丞
J000623,601994468,生效,九富保险服务有限公司,代理人业务,天领业务,天领机构,天领成都,致合,张维,香港永明金融有限公司,储蓄,万年青星河尊享计划,5,预缴,美金,10000,78000,78000,,0,NONPI,,45663,45673,45677,45701,,JF7605,林思思
D001193,611195273,生效,怡泰财富管理有限公司,代理人业务,成事家办,IYB分公司,杨璐熙,机构,汤家俊,香港永明金融有限公司,储蓄,万年青星河传承计划,5,预缴,美金,13000,101400,101400,,0,NONPI,,45663,45666,45667,45674,,JH6936,余迪慷
D001192,611181981,生效,怡泰财富管理有限公司,经代业务,BK业务,银行网点,民生银行,,民生北京,香港永明金融有限公司,储蓄,万年青·卓金计划,5,年缴,美金,50000,390000,390000,250000,0,NONPI,20%,45664,45672,45677,45707,,JF9727,杨荔茜
D001194,611195269,生效,怡泰财富管理有限公司,KA业务,ICLUB业务,异业机构转介,个人转介,理财师,高瑶,香港永明金融有限公司,储蓄,万年青星河传承计划,2,年缴,美金,30000,234000,234000,,0,NONPI,,45664,45668,45670,45673,,JH6936,余迪慷
J000625,601994501,生效,九富保险服务有限公司,代理人业务,天领业务,天领机构,天领重庆,Miracle,程子桐,香港永明金融有限公司,储蓄,万年青星河传承计划,5,预缴,美金,50000,390000,390000,,0,NONPI,申请保司折扣优惠,45665,45671,45671,45681,,JF7605,林思思
D001231,611195255,生效,怡泰财富管理有限公司,经代业务,BK业务,银行网点,民生银行,,民生上海,香港永明金融有限公司,储蓄,万年青·卓金计划,5,年缴,美金,100000,780000,780000,500000,0,NONPI,20%,45665,45674,45678,45734,,JH6936,余迪慷
D001197,611194426,生效,怡泰财富管理有限公司,代理人业务,成事家办,IYB分公司,杨璐熙,机构,余立昌,香港永明金融有限公司,储蓄,万年青星河传承计划,5,年缴,美金,50000,390000,390000,,0,NONPI,,45666,45672,45673,45695,,JH6936,余迪慷
D001233,611195283,生效,怡泰财富管理有限公司,经代业务,BK业务,银行网点,民生银行,梁驹,民生香港,香港永明金融有限公司,储蓄,万年青·卓金计划,5,年缴,美金,30000,234000,234000,150000,0,NONPI,59%,45666,45670,45671,45679,,JF2281,赖晔敏
D001234,611181980,生效,怡泰财富管理有限公司,经代业务,BK业务,银行网点,民生银行,,民生合肥,香港永明金融有限公司,储蓄,万年青·卓金计划,5,年缴,美金,50000,390000,390000,250000,0,NONPI,20%,45666,45670,45671,45700,,JF9727,杨荔茜
D001235,611181978,生效,怡泰财富管理有限公司,经代业务,BK业务,银行网点,民生银行,,民生合肥,香港永明金融有限公司,储蓄,万年青·卓金计划,5,年缴,美金,50000,390000,390000,250000,0,NONPI,20%,45666,45670,45671,45715,,JF9727,杨荔茜
D001236,611181965,生效,怡泰财富管理有限公司,经代业务,BK业务,银行网点,民生银行,,民生合肥,香港永明金融有限公司,储蓄,万年青·卓金计划,5,年缴,美金,100000,780000,780000,500000,0,NONPI,20%,45666,45670,45671,45681,,IA6464,连亮晴
J000626,601994450,生效,九富保险服务有限公司,KA业务,合伙转介业务,同行个人转介,林滨,,林滨,香港永明金融有限公司,储蓄,万年青星河传承计划,5,预缴,美金,50000,390000,390000,,0,NONPI,申请保司折扣优惠,45666,45675,45677,45694,,JF6047,林冠丞
D001196,611194421,生效,怡泰财富管理有限公司,KA业务,ICLUB业务,异业机构转介,个人转介,理财师,张锐,香港永明金融有限公司,储蓄,万年青星河尊享计划,5,预缴,美金,14000,109200,109200,,0,NONPI,,45667,45670,45671,45685,,JF2281,赖晔敏
D001198,611194423,生效,怡泰财富管理有限公司,KA业务,ICLUB业务,异业机构转介,个人转介,理财师,钮静娟,香港永明金融有限公司,储蓄,万年青星河尊享计划,5,年缴,澳元,50000,250000,250000,,0,NONPI,,45667,45671,45672,45674,,JF7523,吕静文
D001199,611195291,生效,怡泰财富管理有限公司,KA业务,ICLUB业务,异业机构转介,新风,机构,新风,香港永明金融有限公司,人寿,永延保障计划,20,年缴,美金,2894,22573.2,22573.2,200000,0,NONPI,,45667,45673,45680,45719,,JF2281,赖晔敏
D001200,13942905,生效,怡泰财富管理有限公司,KA业务,ICLUB业务,异业机构转介,新风,机构,新风,保诚保险有限公司,医疗,高端医疗自由行（计划三，自付额10000HKD）,终身,年缴,美金,1234.7,9630.66,9630.66,,0,NONPI,,45667,45673,45673,45673,,JF2281,赖晔敏
D001201,8122879668,生效,怡泰财富管理有限公司,代理人业务,天领业务,天领机构,天领重庆,Starry,王璐洁,中国人寿保险（海外）股份有限公司（香港）,储蓄,傲珑创富储蓄保险计划,2,年缴,美金,100000,780000,780000,,0,NONPI,,45667,45672,45672,45693,,JH6936,余迪慷
D001202,611194452,生效,怡泰财富管理有限公司,经代业务,同行经代,持牌资管,松石保险,Pinerock,松石保险,香港永明金融有限公司,储蓄,万年青星河尊享计划,5,年缴,美金,30000,234000,234000,,0,NONPI,,45667,45674,45675,45685,Mark,JF2281,赖晔敏
D001204,611195289,生效,怡泰财富管理有限公司,KA业务,ICLUB业务,异业机构转介,新风,机构,新风,香港永明金融有限公司,重疾,万家康卓越保,25,年缴,美金,2977,23220.6,23220.6,100000,0,NONPI,,45667,45673,45680,45740,,JF2281,赖晔敏
D001205,611195289,生效,怡泰财富管理有限公司,KA业务,ICLUB业务,异业机构转介,新风,机构,新风,香港永明金融有限公司,重疾,万家康卓越保,25,年缴,美金,1786,13930.8,13930.8,100000,0,NONPI,,45667,45673,45680,45740,,JF2281,赖晔敏
D001206,611195290,生效,怡泰财富管理有限公司,KA业务,ICLUB业务,异业机构转介,新风,机构,新风,香港永明金融有限公司,重疾,万家康卓越保,25,年缴,美金,2889,22534.2,22534.2,300000,0,NONPI,,45667,45673,45680,45716,,JF2281,赖晔敏
J000627,601994464,生效,九富保险服务有限公司,代理人业务,天领业务,天领机构,天领成都,致合,邢雯,香港永明金融有限公司,储蓄,万年青星河尊享计划,5,年缴,美金,5500,42900,42900,,0,NONPI,,45667,45670,45671,45679,,JF7605,林思思
D001237,611195252,生效,怡泰财富管理有限公司,经代业务,BK业务,银行网点,民生银行,,民生沈阳,香港永明金融有限公司,储蓄,万年青·卓金计划,5,预缴,美金,40000,312000,312000,200000,0,NONPI,59%,45668,45670,45670,45735,,JH6936,余迪慷
D001207,3808585453,生效,怡泰财富管理有限公司,KA业务,合伙转介业务,同行个人转介,个人转介,,刘旭,宏利人寿保险（国际）有限公司,储蓄,宏挚传承保障计划,1,整付,美金,100000,780000,78000,,0,NONPI,,45670,45673,45677,45714,,JH6936,余迪慷
J000628,601994469,生效,九富保险服务有限公司,代理人业务,天领业务,天领机构,天领重庆,知予,李丽君,香港永明金融有限公司,储蓄,万年青星河传承计划,5,预缴,美金,50000,390000,390000,,0,NONPI,申请保司折扣优惠,45670,45671,45673,45680,,JF7605,林思思
Z000005,G684323268,生效,置富理财(香港)有限公司,KA业务,合伙转介业务,同行个人转介,个人转介,,徐学庆,友邦保险（国际）有限公司,重疾,爱伴航,18,年缴,美金,6179.04,48196.512,48196.512,144000,0,NONPI,,45670,45677,,45714,,,
Y000038,TPLMO100003876160008,生效,盈富理财顾问有限公司,KA业务,合伙转介业务,同行机构转介,德约,江苏分公司,叶慧,中国太平保险（澳门）有限公司,储蓄,盈满世代储蓄计划,3,预缴,港币,1666666.65,1666666.65,1666666.65,5000000,1,NONPI,,45670,45673,,45708,,,
D001211,611195296,生效,怡泰财富管理有限公司,经代业务,同行经代,持牌资管,利泰丰,员工,袁斯彦,香港永明金融有限公司,储蓄,万年青星河尊享计划,5,年缴,美金,100000,780000,780000,,0,NONPI,,45671,45674,45675,45685,,JF2281,赖晔敏
D001212,611195333,生效,怡泰财富管理有限公司,KA业务,合伙转介业务,同行个人转介,个人转介,,AMY,香港永明金融有限公司,储蓄,万年青星河尊享计划,2,预缴,美金,26000,202800,202800,,0,NONPI,,45671,45674,45677,45680,,JH6936,余迪慷
D001214,3808585974,生效,怡泰财富管理有限公司,代理人业务,成事家办,IYB分公司,杨帆,机构,吕旭光,宏利人寿保险（国际）有限公司,储蓄,宏挚传承保障计划,5,预缴,美金,50000,390000,390000,,0,NONPI,,45672,45681,45681,45715,,JH6936,余迪慷
D001238,611181983,生效,怡泰财富管理有限公司,经代业务,BK业务,银行网点,民生银行,,民生郑州,香港永明金融有限公司,储蓄,万年青·卓金计划,5,年缴,美金,50000,390000,390000,250000,0,NONPI,59%,45672,45673,45679,45685,,JF9727,杨荔茜
D001239,611181982,生效,怡泰财富管理有限公司,经代业务,BK业务,银行网点,民生银行,,民生郑州,香港永明金融有限公司,储蓄,万年青·卓金计划,5,年缴,美金,50000,390000,390000,250000,0,NONPI,59%,45672,45673,45679,45680,,IA6464,连亮晴
D001215,3808692713,生效,怡泰财富管理有限公司,KA业务,ICLUB业务,异业机构转介,个人转介,理财师,李皓,宏利人寿保险（国际）有限公司,储蓄,宏挚传承保障计划,5,预缴,美金,100000,780000,780000,,0,NONPI,,45673,45679,45679,45706,,JF2281,赖晔敏
D001216,611194450,生效,怡泰财富管理有限公司,代理人业务,成事家办,IYB分公司,杨璐熙,机构,朱灵珊,香港永明金融有限公司,储蓄,万年青星河传承计划,5,预缴,美金,5000,39000,39000,,0,NONPI,,45673,45677,45678,45701,,JF2281,赖晔敏
D001217,611194456,生效,怡泰财富管理有限公司,代理人业务,成事家办,IYB分公司,杨璐熙,机构,谭指女,香港永明金融有限公司,储蓄,万年青星河传承计划,5,年缴,美金,3000,23400,23400,,0,NONPI,,45673,45677,45678,45680,,JF2281,赖晔敏
D001240,611181976,生效,怡泰财富管理有限公司,经代业务,BK业务,银行网点,民生银行,,民生南京,香港永明金融有限公司,储蓄,万年青·卓金计划,5,年缴,美金,50000,390000,390000,250000,0,NONPI,20%,45673,45674,45679,45706,,JF9727,杨荔茜
J000630,601994443,生效,九富保险服务有限公司,代理人业务,天领业务,天领机构,天领成都,致合,余镜屹,香港永明金融有限公司,储蓄,万年青星河尊享计划,5,年缴,美金,10000,78000,78000,,0,NONPI,,45673,45677,45678,45681,,JF6047,林冠丞
D001241,611195335,生效,怡泰财富管理有限公司,经代业务,BK业务,银行网点,民生银行,,民生北京,香港永明金融有限公司,储蓄,万年青·卓金计划,5,年缴,美金,100000,780000,780000,500000,0,NONPI,20%,45675,45677,45678,45709,,JH6936,余迪慷
D001218,8122889092,生效,怡泰财富管理有限公司,代理人业务,天领业务,天领机构,天领重庆,鼎汇,卢诗敔,中国人寿保险（海外）股份有限公司（香港）,储蓄,傲珑创富储蓄保险计划,2,预缴,美金,10000,78000,78000,,0,NONPI,,45677,45677,45677,45692,,JF7523,吕静文
D001219,611194459,生效,怡泰财富管理有限公司,代理人业务,成事家办,IYB分公司,杨帆,机构,张维昭,香港永明金融有限公司,储蓄,万年青星河尊享计划,5,年缴,美金,200000,1560000,1560000,,0,NONPI,,45678,45681,45681,45715,,JF2281,赖晔敏
D001243,611195338,生效,怡泰财富管理有限公司,经代业务,BK业务,银行网点,民生银行,,民生上海,香港永明金融有限公司,储蓄,万年青·卓金计划,5,年缴,美金,50000,390000,390000,250000,0,NONPI,20%,45678,45694,45700,45712,,JF9727,杨荔茜
D001220,611195306,生效,怡泰财富管理有限公司,KA业务,ICLUB业务,异业机构转介,新风,机构,新风,香港永明金融有限公司,储蓄,万年青星河尊享计划,5,年缴,美金,50000,390000,390000,,0,NONPI,,45679,45680,45681,45685,,JF2281,赖晔敏
D001221,3808692721,生效,怡泰财富管理有限公司,KA业务,ICLUB业务,异业机构转介,个人转介,理财师,李皓,宏利人寿保险（国际）有限公司,储蓄,宏挚传承保障计划,5,预缴,美金,10000,78000,78000,,0,NONPI,,45679,45679,45679,45694,,JF2281,赖晔敏
J000632,601994445,生效,九富保险服务有限公司,KA业务,合伙转介业务,持牌转介,总部职能,总部职能,林冠丞,香港永明金融有限公司,储蓄,万年青星河传承计划,5,年缴,美金,4000,31200,31200,,0,NONPI,,45679,45684,45684,45691,,JF6047,林冠丞
D001225,611195251,生效,怡泰财富管理有限公司,KA业务,ICLUB业务,异业机构转介,睿合思盛,机构,睿合思盛,香港永明金融有限公司,储蓄,万年青星河尊享计划,5,预缴,美金,60000,468000,468000,,0,NONPI,,45680,45681,45684,45712,,JH6936,余迪慷
D001244,611195277,生效,怡泰财富管理有限公司,经代业务,BK业务,银行网点,民生银行,,民生上海,香港永明金融有限公司,储蓄,万年青·卓金计划,5,预缴,美金,100000,780000,780000,500000,0,NONPI,20%,45680,45681,45681,45726,,JH6936,余迪慷
J000633,601994447,生效,九富保险服务有限公司,代理人业务,天领业务,天领机构,天领成都,致合,李晓珂,香港永明金融有限公司,储蓄,万年青星河尊享计划,5,年缴,美金,3000,23400,23400,,0,NONPI,,45679,45679,45681,45734,,JF6047,林冠丞
D001222,611194455,生效,怡泰财富管理有限公司,KA业务,ICLUB业务,异业机构转介,银科,机构,银科,香港永明金融有限公司,储蓄,万年青星河传承计划,5,年缴,美金,10000,78000,78000,,0,NONPI,,45681,45693,45694,45699,,JF2281,赖晔敏
D001223,611181874,生效,怡泰财富管理有限公司,KA业务,ICLUB业务,异业机构转介,银科,机构,银科,香港永明金融有限公司,储蓄,万年青星河传承计划,5,预缴,美金,15000,117000,117000,,0,NONPI,,45681,45698,45699,45714,,JF7523,吕静文
Z000006,G684337021,生效,置富理财(香港)有限公司,KA业务,合伙转介业务,异业机构转介,励欧移民,励欧移民,励欧移民,友邦保险（国际）有限公司,重疾,爱伴航,18,年缴,美金,2100.02,16380.156,16380.156,,0,NONPI,,45681,45684,,45705,,,
Z000007,G684337092,生效,置富理财(香港)有限公司,KA业务,合伙转介业务,异业机构转介,励欧移民,励欧移民,励欧移民,友邦保险（国际）有限公司,重疾,爱伴航,18,年缴,美金,2100.01,16380.078,16380.078,,0,NONPI,,45681,45684,,45694,,,
FU000008,8122920030,生效,泰溢国际有限公司,代理人业务,天领业务,天领机构,天领重庆,鼎汇,文君,中国人寿保险（海外）股份有限公司（香港）,储蓄,智裕世代多元货币保险计划(卓越),5,年缴,美金,10000,78000,78000,,0,NONPI,申请保司折扣优惠,45682,45696,45699,45770,,JG2017,黄健铭
FU000009,8122920287,生效,泰溢国际有限公司,代理人业务,天领业务,天领机构,天领重庆,鼎汇,文君,中国人寿保险（海外）股份有限公司（香港）,储蓄,智裕世代多元货币保险计划(卓越),5,预缴,美金,10000,78000,78000,,0,NONPI,申请保司折扣优惠,45682,45696,45699,45727,,JG2017,黄健铭
D001245,611195310,生效,怡泰财富管理有限公司,经代业务,BK业务,银行网点,民生银行,,民生北京,香港永明金融有限公司,储蓄,万年青·卓金计划,5,年缴,美金,30000,234000,234000,150000,0,NONPI,59%,45684,45691,45692,45728,,IA6464,连亮晴
J000634,601994470,生效,九富保险服务有限公司,KA业务,合伙转介业务,同行机构转介,德约,浙江分公司,瞿月霞,香港永明金融有限公司,储蓄,万年青星河尊享计划,5,预缴,美金,16600,129480,129480,,0,NONPI,,45693,45703,45744,45757,,JF7605,林思思
J000635,601994449,生效,九富保险服务有限公司,代理人业务,天领业务,天领机构,天领重庆,Win,陈元龙,香港永明金融有限公司,储蓄,万年青星河尊享计划,5,年缴,美金,12000,93600,93600,,0,NONPI,,45693,45699,45701,45712,,JF6047,林冠丞
D001265,611169804,生效,怡泰财富管理有限公司,经代业务,同行经代,持牌资管,松石保险,Pinerock,松石保险,香港永明金融有限公司,储蓄,万年青星河尊享计划,5,年缴,美金,30000,234000,234000,,0,NONPI,,45695,45696,45699,45796,Mark,JF2281,赖晔敏
D001266,611195555,生效,怡泰财富管理有限公司,KA业务,ICLUB业务,异业机构转介,新风,机构,新风,香港永明金融有限公司,储蓄,万年青星河传承计划,5,预缴,美金,400000,3120000,3120000,,0,NONPI,0.25885,45696,45713,45714,45719,,JF2281,赖晔敏
D001267,611195250,生效,怡泰财富管理有限公司,KA业务,ICLUB业务,异业机构转介,个人转介,理财师,陈海鹰,香港永明金融有限公司,储蓄,万年青星河尊享计划,5,年缴,美金,50000,390000,390000,,0,NONPI,,45696,45700,45701,45708,,JF7523,吕静文
Y000039,8201064835,生效,盈富理财顾问有限公司,KA业务,ICLUB业务,异业机构转介,个人转介,理财师,傅箭,中国人寿保险（海外）股份有限公司（澳门）,储蓄,裕饶传承储蓄保险计划II,5,预缴,港币,2000000,2000000,2000000,,1,NONPI,,45696,45699,,45719,,,
D001269,611195292,生效,怡泰财富管理有限公司,KA业务,ICLUB业务,异业机构转介,新风,机构,新风,香港永明金融有限公司,储蓄,万年青星河传承计划,5,预缴,美金,50000,390000,390000,,0,NONPI,0.29885,45698,45699,45700,45707,,JF2281,赖晔敏
D001270,611195268,生效,怡泰财富管理有限公司,KA业务,ICLUB业务,异业机构转介,银科,机构,银科,香港永明金融有限公司,储蓄,万年青星河传承计划,5,年缴,美金,5000,39000,39000,,0,NONPI,,45698,45701,45702,45728,,JF7523,吕静文
J000637,601994444,生效,九富保险服务有限公司,KA业务,合伙转介业务,持牌转介,总部职能,总部职能,林冠丞,香港永明金融有限公司,重疾,万家康卓越保,25,年缴,美金,1815,14157,14157,100000,0,NONPI,,45698,45698,45698,45702,,JF7605,林思思
J000639,601994471,生效,九富保险服务有限公司,代理人业务,天领业务,天领机构,天领重庆,知予,张鹏,香港永明金融有限公司,储蓄,万年青星河尊享计划,5,预缴,美金,17000,132600,132600,,0,NONPI,,45698,45700,45702,45707,,JF7605,林思思
D001246,611195278,生效,怡泰财富管理有限公司,经代业务,BK业务,银行网点,民生银行,,民生沈阳,香港永明金融有限公司,储蓄,万年青·卓金计划,5,预缴,美金,40000,312000,312000,200000,0,NONPI,59%,45699,45705,45706,45729,,JH6936,余迪慷
D001247,611195339,生效,怡泰财富管理有限公司,经代业务,BK业务,银行网点,民生银行,,民生南京,香港永明金融有限公司,储蓄,万年青·卓金计划,5,年缴,美金,50000,390000,390000,250000,0,NONPI,20%,45699,45702,45702,45716,,JF9727,杨荔茜
D001275,8122920096,生效,怡泰财富管理有限公司,代理人业务,天领业务,天领机构,天领重庆,Win,陈元龙,中国人寿保险（海外）股份有限公司（香港）,储蓄,傲珑创富储蓄保险计划,2,年缴,美金,30000,234000,234000,,0,NONPI,,45700,45700,45700,45707,,JF7523,吕静文
D001276,611195262,生效,怡泰财富管理有限公司,代理人业务,成事家办,IYB分公司,杨璐熙,机构,袁云,香港永明金融有限公司,储蓄,万年青星河传承计划,5,预缴,美金,3000,23400,23400,,0,NONPI,,45700,45700,45701,45744,,JF7523,吕静文
J000641,601994478,生效,九富保险服务有限公司,代理人业务,天领业务,天领机构,天领重庆,鼎汇,卢诗敔,香港永明金融有限公司,储蓄,万年青星河尊享计划,5,年缴,美金,10000,78000,78000,,0,NONPI,,45700,45708,45701,45716,,JF7605,林思思
J000644,601994474,生效,九富保险服务有限公司,代理人业务,天领业务,天领机构,天领成都,致合,庄轩奕,香港永明金融有限公司,储蓄,万年青星河尊享计划,5,预缴,美金,30000,234000,234000,,0,NONPI,,45700,45707,45708,45716,,JF7605,林思思
D001249,611194477,生效,怡泰财富管理有限公司,经代业务,BK业务,银行网点,民生银行,,民生合肥,香港永明金融有限公司,储蓄,万年青·卓金计划,5,年缴,美金,50000,390000,390000,250000,0,NONPI,20%,45701,45705,45706,45733,,JF2281,赖晔敏
D001251,611194461,生效,怡泰财富管理有限公司,经代业务,BK业务,银行网点,民生银行,,民生合肥,香港永明金融有限公司,储蓄,万年青·卓金计划,5,年缴,美金,50000,390000,390000,250000,0,NONPI,20%,45701,45705,45706,45715,,JF2281,赖晔敏
D001277,611195260,生效,怡泰财富管理有限公司,代理人业务,成事家办,IYB分公司,杨璐熙,机构,余立昌,香港永明金融有限公司,储蓄,万年青星河传承计划,5,预缴,美金,20000,156000,156000,,0,NONPI,,45701,45705,45706,45716,,JF7523,吕静文
D001278,611195259,生效,怡泰财富管理有限公司,代理人业务,成事家办,IYB分公司,杨璐熙,机构,余立昌,香港永明金融有限公司,储蓄,万年青星河传承计划,5,年缴,美金,10000,78000,78000,,0,NONPI,,45701,45705,45706,45709,,JF7523,吕静文
D001279,611194464,生效,怡泰财富管理有限公司,代理人业务,成事家办,IYB分公司,杨帆,机构,张艳忠,香港永明金融有限公司,储蓄,万年青星河传承计划,5,预缴,美金,10000,78000,78000,,0,NONPI,,45701,45714,45715,45743,,JF2281,赖晔敏
J000642,601994475,生效,九富保险服务有限公司,代理人业务,天领业务,天领机构,天领成都,致合,庄轩奕,香港永明金融有限公司,储蓄,万年青星河尊享计划,5,预缴,美金,16000,124800,124800,,0,NONPI,,45701,45705,45706,45708,,JF7605,林思思
D001252,611195266,生效,怡泰财富管理有限公司,经代业务,BK业务,银行网点,民生银行,,民生沈阳,香港永明金融有限公司,储蓄,万年青·卓金计划,5,年缴,美金,40000,312000,312000,200000,0,NONPI,59%,45702,45705,45706,45727,,JH6936,余迪慷
D001253,611195330,生效,怡泰财富管理有限公司,经代业务,BK业务,银行网点,民生银行,,民生温州,香港永明金融有限公司,储蓄,万年青·卓金计划,5,年缴,美金,50000,390000,390000,250000,0,NONPI,59%,45702,45705,45706,45714,,JF9727,杨荔茜
D001280,8122937883,生效,怡泰财富管理有限公司,KA业务,合伙转介业务,同行个人转介,个人转介,,盧玉玲,中国人寿保险（海外）股份有限公司（香港）,年金,优暇人生延期年金计划,5,年缴,港币,80013.64,80013.64,80013.64,,0,NONPI,,45702,45709,45709,45709,,JF2281,赖晔敏
D001281,611195258,生效,怡泰财富管理有限公司,代理人业务,成事家办,IYB分公司,杨璐熙,机构,余立昌,香港永明金融有限公司,储蓄,万年青星河传承计划,5,年缴,美金,3000,23400,23400,,0,NONPI,,45702,45705,45706,45709,,JF7523,吕静文
D001282,611195661,生效,怡泰财富管理有限公司,代理人业务,成事家办,IYB分公司,杨璐熙,机构,余立昌,香港永明金融有限公司,重疾,万家康尊尚保,20,年缴,美金,1696.19,13230.282,13230.282,71000,0,NONPI,,45702,45712,45714,45726,,JF7523,吕静文
J000643,601994490,生效,九富保险服务有限公司,KA业务,合伙转介业务,同行机构转介,懿丰家族,FO,Henry,香港永明金融有限公司,重疾,万家康尊尚保-福宝保,25,年缴,美金,2078,16208.4,16208.4,200000,0,NONPI,,45702,45702,45702,45707,,JF7605,林思思
J000645,601994499,生效,九富保险服务有限公司,代理人业务,天领业务,天领机构,天领成都,致合,王琳,香港永明金融有限公司,储蓄,万年青星河尊享计划,5,年缴,美金,15000,117000,117000,,0,NONPI,,45702,45715,45744,45743,,JJ3840,温海伦
J000646,601994483,生效,九富保险服务有限公司,代理人业务,天领业务,天领机构,天领成都,致合,王琳,香港永明金融有限公司,储蓄,万年青星河传承计划,5,年缴,美金,20000,156000,156000,,0,NONPI,,45702,45715,45716,45723,,JF7605,林思思
J000647,601994486,生效,九富保险服务有限公司,代理人业务,天领业务,天领机构,天领成都,致合,王琳,香港永明金融有限公司,储蓄,万年青星河尊享计划,5,年缴,美金,15000,117000,117000,,0,NONPI,,45702,45715,45716,45734,,JF7605,林思思
D001283,611195662,生效,怡泰财富管理有限公司,代理人业务,成事家办,IYB分公司,杨璐熙,机构,余立昌,香港永明金融有限公司,重疾,万家康尊尚保,20,年缴,美金,1552,12105.6,12105.6,100000,0,NONPI,,45702,45712,45714,45726,,JF7523,吕静文
D001254,611195337,生效,怡泰财富管理有限公司,经代业务,BK业务,银行网点,民生银行,,民生南京,香港永明金融有限公司,储蓄,万年青·卓金计划,5,年缴,美金,50000,390000,390000,250000,0,NONPI,20%,45705,45708,45709,45722,,JF9727,杨荔茜
D001255,611195265,退保,怡泰财富管理有限公司,经代业务,BK业务,银行网点,民生银行,,民生南京,香港永明金融有限公司,储蓄,万年青·卓金计划,5,年缴,美金,50000,390000,390000,250000,0,NONPI,20%,45705,45708,45709,45722,,JH6936,余迪慷
D001284,611195635,生效,怡泰财富管理有限公司,代理人业务,成事家办,IYB分公司,杨璐熙,机构,余立昌,香港永明金融有限公司,重疾,万家康尊尚保,25,年缴,美金,1423,11099.4,11099.4,50000,0,NONPI,,45705,45715,45716,45721,,JH6936,余迪慷
D001285,611195636,生效,怡泰财富管理有限公司,代理人业务,成事家办,IYB分公司,杨璐熙,机构,余立昌,香港永明金融有限公司,重疾,万家康尊尚保,25,年缴,美金,1110,8658,8658,100000,0,NONPI,,45705,45715,45716,45733,,JH6936,余迪慷
D001286,611195256,生效,怡泰财富管理有限公司,代理人业务,成事家办,IYB分公司,刘微,机构,刘微,香港永明金融有限公司,储蓄,万年青星河传承计划,5,预缴,美金,100000,780000,780000,,0,NONPI,,45705,45708,45709,45747,,JF7523,吕静文
D001288,611195261,生效,怡泰财富管理有限公司,代理人业务,成事家办,IYB分公司,刘微,机构,陈薇,香港永明金融有限公司,储蓄,万年青星河传承计划,5,年缴,美金,10000,78000,78000,,0,NONPI,,45705,45707,45708,45714,,JF7523,吕静文
D001289,611194479,生效,怡泰财富管理有限公司,代理人业务,成事家办,IYB分公司,杨璐熙,机构,汤家俊,香港永明金融有限公司,储蓄,万年青星河传承计划,5,年缴,美金,10000,78000,78000,,0,NONPI,,45705,45712,45714,45719,,JH6936,余迪慷
J000648,601994451,生效,九富保险服务有限公司,代理人业务,天领业务,天领机构,天领成都,致合,董晓雯,香港永明金融有限公司,储蓄,万年青星河尊享计划,5,预缴,美金,10000,78000,78000,,0,NONPI,,45705,45712,45715,45722,,JF6047,林冠丞
J000649,601994452,生效,九富保险服务有限公司,代理人业务,天领业务,天领机构,天领成都,致合,董晓雯,香港永明金融有限公司,储蓄,万年青星河尊享计划,5,预缴,美金,15000,117000,117000,,0,NONPI,,45705,45712,45715,45776,,JF6047,林冠丞
J000650,601994479,生效,九富保险服务有限公司,代理人业务,天领业务,天领机构,天领成都,致合,董晓雯,香港永明金融有限公司,储蓄,万年青星河尊享计划,5,预缴,美金,10000,78000,78000,,0,NONPI,,45705,45712,45713,45722,,JF7605,林思思
D001256,611195334,生效,怡泰财富管理有限公司,经代业务,BK业务,银行网点,民生银行,,民生上海,香港永明金融有限公司,储蓄,万年青·卓金计划,5,年缴,美金,50000,390000,390000,250000,0,NONPI,59%,45706,45715,45716,45728,,JF9727,杨荔茜
D001291,611195267,生效,怡泰财富管理有限公司,代理人业务,成事家办,IYB分公司,杨洪美,机构,黄耀耀,香港永明金融有限公司,储蓄,万年青星河传承计划,5,预缴,美金,35000,273000,273000,,0,NONPI,,45706,45708,45719,45734,,JH6936,余迪慷
D001292,611195623,生效,怡泰财富管理有限公司,KA业务,ICLUB业务,异业机构转介,银科,机构,银科,香港永明金融有限公司,储蓄,万年青星河传承计划,5,年缴,美金,5000,39000,39000,,0,NONPI,,45706,45710,45713,45726,,JH6936,余迪慷
D001294,611195253,生效,怡泰财富管理有限公司,经代业务,同行经代,持牌资管,松石保险,Pinerock,松石保险,香港永明金融有限公司,储蓄,万年青星河尊享计划,2,年缴,美金,70000,546000,546000,,0,NONPI,,45706,45707,45708,45727,Mark,JF7523,吕静文
D001295,611195633,生效,怡泰财富管理有限公司,KA业务,合伙转介业务,同行机构转介,加利利,加利利,卢俊杰,香港永明金融有限公司,人寿,永延保障计划,12,年缴,美金,4055,31629,31629,500000,0,NONPI,,45706,45710,45716,45742,,IA6464,连亮晴
D001296,611195632,生效,怡泰财富管理有限公司,KA业务,合伙转介业务,同行机构转介,加利利,加利利,卢俊杰,香港永明金融有限公司,人寿,永延保障计划,12,年缴,美金,3940,30732,30732,500000,0,NONPI,,45706,45710,45716,45742,,IA6464,连亮晴
J000651,601994477,生效,九富保险服务有限公司,KA业务,合伙转介业务,同行机构转介,德约,江苏分公司,马学玲,香港永明金融有限公司,储蓄,万年青星河尊享计划,5,预缴,美金,10000,78000,78000,,0,NONPI,,45706,45709,45713,45735,,JF7605,林思思
J000652,601994460,生效,九富保险服务有限公司,KA业务,合伙转介业务,同行个人转介,林滨,,程鹏,香港永明金融有限公司,储蓄,万年青星河传承计划,5,预缴,美金,100000,780000,780000,,0,NONPI,申请保司折扣优惠,45706,45713,45715,45747,,JF6047,林冠丞
D001257,611195621,生效,怡泰财富管理有限公司,经代业务,BK业务,银行网点,民生银行,,民生南京,香港永明金融有限公司,储蓄,万年青·卓金计划,5,年缴,美金,50000,390000,390000,250000,0,NONPI,59%,45707,45709,45712,45716,,IA6464,连亮晴
D001258,611195619,生效,怡泰财富管理有限公司,经代业务,BK业务,银行网点,民生银行,,民生南京,香港永明金融有限公司,储蓄,万年青·卓金计划,5,年缴,美金,50000,390000,390000,250000,0,NONPI,20%,45707,45709,45712,45713,,IA6464,连亮晴
D001259,611195656,生效,怡泰财富管理有限公司,经代业务,BK业务,银行网点,民生银行,,民生沈阳,香港永明金融有限公司,储蓄,万年青·卓金计划,5,预缴,美金,40000,312000,312000,200000,0,NONPI,59%,45707,45712,45730,45737,,JH6936,余迪慷
J000653,601994480,生效,九富保险服务有限公司,代理人业务,天领业务,天领机构,天领重庆,聚忻,余美玲,香港永明金融有限公司,储蓄,万年青星河尊享计划,5,年缴,美金,10000,78000,78000,,0,NONPI,,45707,45709,45713,45714,,JF7605,林思思
J000654,601994481,生效,九富保险服务有限公司,代理人业务,天领业务,天领机构,天领重庆,聚忻,余美玲,香港永明金融有限公司,储蓄,万年青星河尊享计划,5,年缴,美金,10000,78000,78000,,0,NONPI,,45707,45709,45713,45715,,JF7605,林思思
J000655,601994476,生效,九富保险服务有限公司,代理人业务,天领业务,天领机构,天领重庆,聚忻,王惠琴,香港永明金融有限公司,储蓄,万年青星河尊享计划,5,预缴,美金,30000,234000,234000,,0,NONPI,,45707,45709,45713,45715,,JF7605,林思思
D001264,611195331,生效,怡泰财富管理有限公司,经代业务,BK业务,银行网点,民生银行,,民生福州,香港永明金融有限公司,储蓄,万年青·卓金计划,5,预缴,美金,50000,390000,390000,250000,0,NONPI,20%,45708,45713,45714,45730,,JF9727,杨荔茜
D001293,611195620,生效,怡泰财富管理有限公司,KA业务,ICLUB业务,异业机构转介,个人转介,理财师,范文杰,香港永明金融有限公司,储蓄,万年青星河尊享计划,5,预缴,美金,10000,78000,78000,,0,NONPI,,45708,45714,45716,45750,,JF7523,吕静文
D001297,611195659,生效,怡泰财富管理有限公司,KA业务,ICLUB业务,异业机构转介,个人转介,理财师,朱缨,香港永明金融有限公司,储蓄,万年青星河尊享计划,5,年缴,美金,15000,117000,117000,,0,NONPI,,45708,45726,45727,45730,,JH6936,余迪慷
D001298,611195655,生效,怡泰财富管理有限公司,KA业务,ICLUB业务,异业机构转介,个人转介,理财师,朱缨,香港永明金融有限公司,储蓄,万年青星河尊享计划,5,年缴,美金,50000,390000,390000,,0,NONPI,,45708,45726,45727,45730,,JH6936,余迪慷
D001299,611195522,生效,怡泰财富管理有限公司,KA业务,ICLUB业务,异业机构转介,个人转介,理财师,朱缨,香港永明金融有限公司,储蓄,万年青星河尊享计划,5,年缴,美金,50000,390000,390000,,0,NONPI,,45708,45726,45727,45735,,JF7523,吕静文
D001300,611195658,生效,怡泰财富管理有限公司,代理人业务,成事家办,IYB分公司,杨帆,机构,李海奇,香港永明金融有限公司,储蓄,万年青星河传承计划,5,年缴,美金,100000,780000,780000,,0,NONPI,,45708,45713,45714,45733,,JF7523,吕静文
D001302,611195631,生效,怡泰财富管理有限公司,代理人业务,成事家办,IYB分公司,杨璐熙,机构,萧淑婷,香港永明金融有限公司,储蓄,万年青星河传承计划,5,年缴,人民币,30000,34200,34200,,0,NONPI,,45708,45715,45719,45722,,JH6936,余迪慷
D001260,611195550,生效,怡泰财富管理有限公司,经代业务,BK业务,银行网点,民生银行,梁驹,民生香港,香港永明金融有限公司,储蓄,万年青·卓金计划,5,预缴,美金,50000,390000,390000,250000,0,NONPI,59%,45709,45716,45719,45757,,JF9727,杨荔茜
D001261,611195332,生效,怡泰财富管理有限公司,经代业务,BK业务,银行网点,民生银行,,民生上海,香港永明金融有限公司,储蓄,万年青·卓金计划,5,年缴,美金,50000,390000,390000,250000,0,NONPI,59%,45709,45716,45719,45728,,JF9727,杨荔茜
D001303,611195663,生效,怡泰财富管理有限公司,KA业务,ICLUB业务,异业机构转介,银科,机构,银科,香港永明金融有限公司,储蓄,万年青星河传承计划,5,预缴,美金,20000,156000,156000,,0,NONPI,,45709,45713,45714,45719,,JH6936,余迪慷
D001304,611195626,生效,怡泰财富管理有限公司,KA业务,ICLUB业务,异业机构转介,银科,机构,银科,香港永明金融有限公司,储蓄,万年青星河传承计划,5,年缴,美金,10000,78000,78000,,0,NONPI,,45709,45713,45714,45719,,JH6936,余迪慷
D001305,611194453,生效,怡泰财富管理有限公司,KA业务,ICLUB业务,异业机构转介,银科,机构,银科,香港永明金融有限公司,储蓄,万年青星河传承计划,5,年缴,美金,10000,78000,78000,,0,NONPI,,45709,45715,45716,45720,,JF2281,赖晔敏
D001306,611195625,生效,怡泰财富管理有限公司,KA业务,ICLUB业务,异业机构转介,个人转介,理财师,张燕,香港永明金融有限公司,储蓄,万年青星河传承计划,5,年缴,美金,50000,390000,390000,,0,NONPI,,45709,45710,45713,45730,,JH6936,余迪慷
D001307,611195520,生效,怡泰财富管理有限公司,KA业务,ICLUB业务,异业机构转介,个人转介,理财师,廖小凤,香港永明金融有限公司,储蓄,万年青星河尊享计划,5,预缴,美金,12000,93600,93600,,0,NONPI,,45709,45714,45715,45719,,IA6464,连亮晴
D001308,13964647,生效,怡泰财富管理有限公司,KA业务,ICLUB业务,异业机构转介,ICHAT,机构,黄硕,保诚保险有限公司,储蓄,信守明天多元货币计划,5,年缴,美金,50000,390000,390000,,0,NONPI,,45709,45710,45710,45776,,JF7523,吕静文
D001309,13964453,生效,怡泰财富管理有限公司,KA业务,ICLUB业务,异业机构转介,ICHAT,机构,黄硕,保诚保险有限公司,储蓄,信守明天多元货币计划,5,预缴,美金,40000,312000,312000,,0,NONPI,,45709,45710,45710,45715,,JF7523,吕静文
L000087,92386109,生效,利泰丰财富管理有限公司,代理人业务,天领业务,天领机构,天领重庆,Global  District,李昱清,万通保险国际有限公司,储蓄,富饶千秋储蓄计划,5,年缴,美金,20000,156000,156000,,0,NONPI,,45709,45713,45715,45722,,JG7460,李茜
Y000040,TPLMO100003967021008,生效,盈富理财顾问有限公司,代理人业务,天领业务,天领机构,天领成都,致合,罗啸,中国太平保险（澳门）有限公司,储蓄,盈满世代储蓄计划,3,预缴,港币,1666666.65,1666666.65,1666666.65,5000000,1,NONPI,,45709,45714,,45727,,,
D001311,611195624,生效,怡泰财富管理有限公司,KA业务,ICLUB业务,异业机构转介,银科,机构,银科,香港永明金融有限公司,储蓄,万年青星河传承计划,5,年缴,美金,5000,39000,39000,,0,NONPI,,45710,45710,45713,45726,,JH6936,余迪慷
D001313,611195521,生效,怡泰财富管理有限公司,KA业务,ICLUB业务,异业机构转介,个人转介,理财师,高瑶,香港永明金融有限公司,储蓄,万年青星河传承计划,5,预缴,美金,75000,585000,585000,,0,NONPI,0.29885,45712,45714,45715,45716,,JF7523,吕静文
J000657,601994487,生效,九富保险服务有限公司,代理人业务,天领业务,天领机构,天领成都,致合,庄轩奕,香港永明金融有限公司,储蓄,万年青星河尊享计划,5,年缴,人民币,146000,166440,166440,,0,NONPI,,45712,45714,45716,45737,,JF7605,林思思
D001314,611195523,生效,怡泰财富管理有限公司,KA业务,ICLUB业务,异业机构转介,银科,机构,银科,香港永明金融有限公司,储蓄,万年青星河传承计划,5,年缴,美金,20000,156000,156000,,0,NONPI,,45713,45715,45716,45742,,JF7523,吕静文
D001316,8122947528,生效,怡泰财富管理有限公司,代理人业务,天领业务,天领机构,天领重庆,Win,余治国,中国人寿保险（海外）股份有限公司（香港）,储蓄,傲珑创富储蓄保险计划,2,预缴,美金,20000,156000,156000,,0,NONPI,,45712,45714,45712,45740,,JH6936,余迪慷
D001317,611194466,生效,怡泰财富管理有限公司,KA业务,ICLUB业务,异业机构转介,银科,机构,银科,香港永明金融有限公司,储蓄,万年青星河传承计划,5,预缴,美金,20000,156000,156000,,0,NONPI,,45713,45713,45715,45728,,JF2281,赖晔敏
D001318,611195257,生效,怡泰财富管理有限公司,经代业务,同行经代,持牌资管,松石保险,Pinerock,松石保险,香港永明金融有限公司,储蓄,万年青星河尊享计划,5,预缴,美金,100000,780000,780000,,0,NONPI,,45713,45714,45726,45747,Mark,JF7523,吕静文
D001319,511022333,生效,怡泰财富管理有限公司,经代业务,同行经代,持牌资管,利泰丰,员工,斯彦,香港永明金融有限公司,储蓄,永耀万用寿险,1,整付,美金,120000,936000,93600,,0,NONPI,,45713,45714,45719,45763,,JF2281,赖晔敏
J000658,601994488,生效,九富保险服务有限公司,代理人业务,天领业务,天领机构,天领重庆,Win,余治国,香港永明金融有限公司,储蓄,万年青星河尊享计划,5,预缴,美金,10000,78000,78000,,0,NONPI,,45712,45714,45744,45744,,JJ3840,温海伦
J000660,601994484,生效,九富保险服务有限公司,KA业务,合伙转介业务,同行机构转介,懿丰家族,FO,Henry,香港永明金融有限公司,储蓄,万年青星河传承计划,5,预缴,美金,100000,780000,780000,,0,NONPI,申请保司折扣优惠,45713,45714,45716,45736,,JF7605,林思思
L000088,92401226,生效,利泰丰财富管理有限公司,代理人业务,天领业务,天领机构,天领重庆,Starry,陈思思,万通保险国际有限公司,储蓄,富饶千秋储蓄计划,5,年缴,美金,10000,78000,78000,,0,NONPI,,45713,45715,45719,45730,,JG7460,李茜
L000089,92409062,生效,利泰丰财富管理有限公司,代理人业务,天领业务,天领机构,天领重庆,鼎汇,吴迪,万通保险国际有限公司,储蓄,富饶千秋储蓄计划,5,年缴,美金,10000,78000,78000,,0,NONPI,,45713,45715,45719,45727,,JG7460,李茜
L000090,92391081,生效,利泰丰财富管理有限公司,代理人业务,天领业务,天领机构,天领重庆,鼎汇,吴迪,万通保险国际有限公司,储蓄,富饶千秋储蓄计划,2,预缴,美金,15000,117000,117000,,0,NONPI,,45713,45715,45719,45727,,JG7460,李茜
L000091,92389115,生效,利泰丰财富管理有限公司,代理人业务,天领业务,天领机构,天领重庆,鼎汇,王小丽,万通保险国际有限公司,储蓄,富饶千秋储蓄计划,5,年缴,美金,10000,78000,78000,,0,NONPI,,45713,45726,45727,45734,,JG7460,李茜
D001320,611195526,生效,怡泰财富管理有限公司,代理人业务,成事家办,IYB分公司,杨璐熙,机构,杜清明,香港永明金融有限公司,储蓄,万年青星河传承计划,5,年缴,美金,20000,156000,156000,,0,NONPI,,45714,45715,45716,45726,,JF7523,吕静文
D001321,611195329,生效,怡泰财富管理有限公司,经代业务,BK业务,银行网点,民生银行,,民生上海,香港永明金融有限公司,储蓄,万年青·卓金计划,5,年缴,美金,50000,390000,390000,250000,0,NONPI,20%,45714,45722,45723,45734,,JF9727,杨荔茜
D001323,611195630,生效,怡泰财富管理有限公司,代理人业务,成事家办,IYB分公司,杨璐熙,机构,余立昌,香港永明金融有限公司,储蓄,万年青星河传承计划,5,预缴,美金,30000,234000,234000,,0,NONPI,,45713,45716,45716,45729,,JH6936,余迪慷
D001324,611195634,生效,怡泰财富管理有限公司,KA业务,ICLUB业务,异业机构转介,银科,机构,银科,香港永明金融有限公司,储蓄,万年青星河传承计划,5,年缴,美金,10000,78000,78000,,0,NONPI,,45714,45716,45719,45742,,JH6936,余迪慷
D001325,611195627,生效,怡泰财富管理有限公司,KA业务,ICLUB业务,异业机构转介,银科,机构,银科,香港永明金融有限公司,储蓄,万年青星河传承计划,5,年缴,美金,30000,234000,234000,,0,NONPI,,45714,45716,45719,45728,,JH6936,余迪慷
Z000010,G684405791,生效,置富理财(香港)有限公司,KA业务,合伙转介业务,同行个人转介,个人转介,,徐学庆,友邦保险（国际）有限公司,储蓄,盈御多元货币计划3,5,年缴,美金,20000,156000,156000,,0,NONPI,,45714,45719,,45736,,,
D001326,611195328,生效,怡泰财富管理有限公司,经代业务,BK业务,银行网点,民生银行,,民生南京,香港永明金融有限公司,储蓄,万年青·卓金计划,5,年缴,美金,50000,390000,390000,250000,0,NONPI,20%,45715,45716,45719,45722,,IA6464,连亮晴
D001329,8122962960,生效,怡泰财富管理有限公司,代理人业务,天领业务,天领机构,天领重庆,Miracle,王嘉澍,中国人寿保险（海外）股份有限公司（香港）,储蓄,智裕世代多元货币保险计划(卓越),5,年缴,美金,10000,78000,78000,,0,NONPI,,45719,45722,45722,45764,,JF2281,赖晔敏
J000663,601994489,生效,九富保险服务有限公司,代理人业务,天领业务,天领机构,天领重庆,知予,李灿,香港永明金融有限公司,储蓄,万年青星河尊享计划,5,预缴,美金,30000,234000,234000,,0,NONPI,,45719,45721,45721,45747,,JJ3840,温海伦
J000664,601994485,生效,九富保险服务有限公司,代理人业务,天领业务,天领机构,天领重庆,知予,李灿,香港永明金融有限公司,储蓄,万年青星河尊享计划,5,预缴,美金,30000,234000,234000,,0,NONPI,,45719,45721,45729,45776,,JF7605,林思思
D001330,3808587236,生效,怡泰财富管理有限公司,KA业务,合伙转介业务,异业机构转介,荻邦咨询,优智荻邦,优智荻邦,宏利人寿保险（国际）有限公司,储蓄,宏挚传承保障计划,5,年缴,美金,60000,468000,468000,,0,NONPI,,45720,45726,45726,45749,,JF2281,赖晔敏
D001331,A000001876,生效,怡泰财富管理有限公司,KA业务,合伙转介业务,同行机构转介,德约,江苏分公司,于晓峰,中国太平洋保险（香港）有限公司,储蓄,世代悦享储蓄寿险计划2,10,年缴,美金,30000,234000,234000,,0,NONPI,,45720,45723,45726,45734,,JF2281,赖晔敏
D001332,A000001875,生效,怡泰财富管理有限公司,KA业务,合伙转介业务,同行机构转介,德约,江苏分公司,于晓峰,中国太平洋保险（香港）有限公司,储蓄,世代悦享储蓄寿险计划2,10,年缴,美金,15000,117000,117000,,0,NONPI,,45720,45723,45726,45736,,JF7523,吕静文
D001334,611195314,生效,怡泰财富管理有限公司,KA业务,合伙转介业务,持牌转介,总部职能,总部职能,吕静文,香港永明金融有限公司,重疾,万家康卓越保,25,年缴,美金,1838,14336.4,14336.4,100000,0,NONPI,,45719,45719,45721,45743,,JF2281,赖晔敏
D001335,611195642,生效,怡泰财富管理有限公司,代理人业务,成事家办,IYB分公司,杨帆,机构,曲景宾,香港永明金融有限公司,储蓄,万年青星河尊享计划,5,预缴,美金,10000,78000,78000,,0,NONPI,,45721,45729,45730,45742,,JH6936,余迪慷
D001336,3808592624,生效,怡泰财富管理有限公司,代理人业务,天领业务,天领机构,天领成都,泰睿锦,向丽,宏利人寿保险（国际）有限公司,储蓄,宏挚传承保障计划,5,预缴,美金,20000,156000,156000,,0,NONPI,,45722,45726,45726,45734,,JF2281,赖晔敏
D001337,611195303,生效,怡泰财富管理有限公司,代理人业务,成事家办,IYB分公司,杨璐熙,机构,余立昌,香港永明金融有限公司,储蓄,万年青星河传承计划,5,年缴,美金,30000,234000,234000,,0,NONPI,,45722,45724,45726,45734,,JF2281,赖晔敏
D001338,611194482,生效,怡泰财富管理有限公司,KA业务,合伙转介业务,持牌转介,总部职能,总部职能,姚坤,香港永明金融有限公司,重疾,万家康卓越保,25,年缴,美金,1926,15022.8,15022.8,200000,0,NONPI,,45722,45726,45741,45763,,JF7523,吕静文
FU000010,8123019210,生效,泰溢国际有限公司,KA业务,合伙转介业务,持牌转介,总部职能,总部职能,姚坤,中国人寿保险（海外）股份有限公司（香港）,储蓄,智裕世代多元货币保险计划(卓越),5,预缴,美金,10000,78000,78000,,0,NONPI,申请保司折扣优惠,45722,45726,,45757,,JG2017,黄健铭
J000665,601994454,生效,九富保险服务有限公司,代理人业务,天领业务,天领机构,天领成都,致合,张维,香港永明金融有限公司,储蓄,万年青星河尊享计划,5,预缴,美金,30000,234000,234000,,0,NONPI,,45722,45729,45729,45757,,JF6047,林冠丞
J000666,601994482,生效,九富保险服务有限公司,代理人业务,天领业务,天领机构,天领成都,梧桐,李伟,香港永明金融有限公司,储蓄,万年青星河尊享计划,2,年缴,美金,30000,234000,234000,,0,NONPI,,45722,45726,45744,45743,,JF7605,林思思
J000667,601994492,生效,九富保险服务有限公司,KA业务,合伙转介业务,持牌转介,总部职能,总部职能,陈剑远志,香港永明金融有限公司,重疾,万家康卓越保,25,年缴,美金,2284,17815.2,17815.2,100000,0,NONPI,,45722,45724,45726,45756,,JF7605,林思思
J000668,601994495,生效,九富保险服务有限公司,代理人业务,天领业务,天领机构,天领成都,致合,张维,香港永明金融有限公司,储蓄,万年青星河尊享计划,5,年缴,美金,30000,234000,234000,,0,NONPI,,45722,45730,45733,45737,,JJ3840,温海伦
J000669,601994496,生效,九富保险服务有限公司,代理人业务,天领业务,天领机构,天领成都,致合,张维,香港永明金融有限公司,储蓄,万年青星河尊享计划,5,预缴,美金,10000,78000,78000,,0,NONPI,,45722,45730,45733,45744,,JJ3840,温海伦
D001340,8122978776,生效,怡泰财富管理有限公司,代理人业务,天领业务,天领机构,天领重庆,鼎汇,毛静,中国人寿保险（海外）股份有限公司（香港）,储蓄,傲珑创富储蓄保险计划,2,预缴,美金,10000,78000,78000,,0,NONPI,,45723,45730,45730,45740,,JF2281,赖晔敏
D001341,8122978787,生效,怡泰财富管理有限公司,代理人业务,天领业务,天领机构,天领重庆,鼎汇,毛静,中国人寿保险（海外）股份有限公司（香港）,储蓄,傲珑创富储蓄保险计划,2,预缴,美金,10000,78000,78000,,0,NONPI,,45723,45730,45730,45740,,JF7523,吕静文
D001342,611195594,生效,怡泰财富管理有限公司,KA业务,ICLUB业务,异业机构转介,个人转介,理财师,张燕,香港永明金融有限公司,储蓄,万年青星河传承计划,5,年缴,美金,200000,1560000,1560000,,0,NONPI,,45723,45726,45727,45737,,JF2281,赖晔敏
D001343,611195325,生效,怡泰财富管理有限公司,经代业务,BK业务,银行网点,民生银行,张江支行,民生上海,香港永明金融有限公司,储蓄,万年青·卓金计划,5,年缴,美金,50000,390000,390000,250000,0,NONPI,20%,45723,45734,45735,45775,,JF9727,杨荔茜
D001344,611195589,生效,怡泰财富管理有限公司,KA业务,合伙转介业务,同行机构转介,加利利,加利利,董佳嘉,香港永明金融有限公司,储蓄,万年青星河尊享计划,5,年缴,美金,30000,234000,234000,,0,NONPI,,45723,45730,45730,45756,,IA6464,连亮晴
D001345,3808587285,生效,怡泰财富管理有限公司,KA业务,合伙转介业务,异业机构转介,荻邦咨询,优智荻邦,优智荻邦,宏利人寿保险（国际）有限公司,储蓄,宏挚传承保障计划,5,年缴,美金,100000,780000,780000,,0,NONPI,,45724,45727,45727,45740,,JF2281,赖晔敏
J000670,601994502,生效,九富保险服务有限公司,代理人业务,天领业务,天领机构,天领成都,梧桐,李伟,香港永明金融有限公司,储蓄,万年青星河尊享计划,2,年缴,美金,20000,156000,156000,,0,NONPI,,45725,45726,45727,45730,,JJ3840,温海伦
J000671,602068502,生效,九富保险服务有限公司,代理人业务,天领业务,天领机构,天领重庆,鼎汇,蒲敏,香港永明金融有限公司,储蓄,万年青星河传承计划,5,年缴,美金,3000,23400,23400,,0,NONPI,,45726,45737,,45741,,JF7605,林思思
D001346,611195569,生效,怡泰财富管理有限公司,KA业务,合伙转介业务,持牌转介,总部职能,总部职能,连亮晴,香港永明金融有限公司,重疾,万家康卓越保,25,年缴,美金,3760,29328,29328,400000,0,NONPI,,45726,45731,45735,45750,,IA6464,连亮晴
D001347,611195640,生效,怡泰财富管理有限公司,KA业务,ICLUB业务,异业机构转介,银科,机构,银科,香港永明金融有限公司,储蓄,万年青星河尊享计划,5,年缴,美金,15000,117000,117000,,0,NONPI,,45727,45731,45733,45736,,JH6936,余迪慷
J000672,601994462,生效,九富保险服务有限公司,KA业务,合伙转介业务,持牌转介,总部职能,总部职能,肖斌,香港永明金融有限公司,储蓄,万年青星河尊享计划,5,预缴,美金,6908,53882.4,53882.4,,0,NONPI,,45726,45738,45744,45743,,JF6047,林冠丞
D001348,611195660,生效,怡泰财富管理有限公司,KA业务,ICLUB业务,异业机构转介,个人转介,理财师,李皓,香港永明金融有限公司,储蓄,万年青星河尊享计划,5,预缴,美金,5000,39000,39000,,0,NONPI,,45727,45730,45730,45747,,JH6936,余迪慷
D001349,611195641,生效,怡泰财富管理有限公司,KA业务,ICLUB业务,异业机构转介,银科,机构,银科,香港永明金融有限公司,储蓄,万年青星河传承计划,5,年缴,美金,10000,78000,78000,,0,NONPI,,45728,45731,45733,45737,,JH6936,余迪慷
J000673,601994463,生效,九富保险服务有限公司,代理人业务,天领业务,天领机构,天领成都,致合,金妮,香港永明金融有限公司,储蓄,万年青星河尊享计划,5,预缴,美金,10000,78000,78000,,0,NONPI,,45728,45741,45742,45770,,JF6047,林冠丞
J000674,602068504,生效,九富保险服务有限公司,代理人业务,天领业务,天领机构,天领成都,致合,金妮,香港永明金融有限公司,储蓄,万年青星河尊享计划,5,预缴,美金,10000,78000,78000,,0,NONPI,,45728,45741,45742,45747,,JF7605,林思思
J000675,602068598,生效,九富保险服务有限公司,代理人业务,天领业务,天领机构,天领重庆,鼎汇,舒钰雯,香港永明金融有限公司,储蓄,万年青星河尊享计划,5,年缴,美金,7200,56160,56160,,0,NONPI,,45728,45741,45742,45744,,JJ3840,温海伦
J000676,602068599,生效,九富保险服务有限公司,代理人业务,天领业务,天领机构,天领重庆,鼎汇,舒钰雯,香港永明金融有限公司,重疾,万家康卓越保,20,年缴,美金,1136,8860.8,8860.8,100000,0,NONPI,,45728,45741,45742,45747,,JJ3840,温海伦
D001350,611195300,生效,怡泰财富管理有限公司,代理人业务,成事家办,IYB分公司,杨帆,机构,杨帆,香港永明金融有限公司,储蓄,万年青星河传承计划,5,预缴,美金,50000,390000,390000,,0,NONPI,,45729,45729,45729,45762,,JF2281,赖晔敏
D001351,611195297,生效,怡泰财富管理有限公司,KA业务,ICLUB业务,异业机构转介,新风,机构,新风,香港永明金融有限公司,储蓄,万年青星河传承计划,5,预缴,美金,50000,390000,390000,,0,NONPI,0.29885,45728,45735,45735,45742,,JF2281,赖晔敏
D001352,611195643,生效,怡泰财富管理有限公司,KA业务,ICLUB业务,异业机构转介,银科,机构,银科,香港永明金融有限公司,储蓄,万年青星河传承计划,5,年缴,美金,20000,156000,156000,,0,NONPI,,45729,45731,45733,45737,,JH6936,余迪慷
D001354,611195305,生效,怡泰财富管理有限公司,代理人业务,成事家办,IYB分公司,刘微,机构,李桂香,香港永明金融有限公司,储蓄,万年青星河传承计划,5,预缴,美金,10000,78000,78000,,0,NONPI,,45729,45737,45737,45747,,JF2281,赖晔敏
J000677,602068586,生效,九富保险服务有限公司,代理人业务,天领业务,天领机构,天领重庆,Miracle,邓杰,香港永明金融有限公司,储蓄,万年青星河尊享计划,5,预缴,美金,30000,234000,234000,,0,NONPI,,45729,45735,45736,45741,,JJ3840,温海伦
J000678,602068588,生效,九富保险服务有限公司,代理人业务,天领业务,天领机构,天领重庆,聚忻,王惠琴,香港永明金融有限公司,储蓄,万年青星河尊享计划,2,年缴,美金,25000,195000,195000,,0,NONPI,,45729,45735,45736,45754,,JJ3840,温海伦
J000679,602068557,生效,九富保险服务有限公司,代理人业务,天领业务,天领机构,天领成都,致合,鲁茜,香港永明金融有限公司,储蓄,万年青星河尊享计划,2,预缴,美金,40000,312000,312000,,0,NONPI,,45729,45756,45757,45762,,JF6047,林冠丞
J000681,601994457,生效,九富保险服务有限公司,代理人业务,天领业务,天领机构,天领成都,致合,李晓珂,香港永明金融有限公司,储蓄,万年青星河尊享计划,5,预缴,美金,20000,156000,156000,,0,NONPI,,45730,45735,45744,45769,,JF6047,林冠丞
D001355,505-9417930,生效,怡泰财富管理有限公司,代理人业务,成事家办,IYB分公司,刘微,机构,杨华,香港安盛保险有限公司,储蓄,盛利储蓄计划,2,年缴,美金,25000.19,195001.482,195001.482,,0,NONPI,,45733,45738,45740,45757,,JF2281,赖晔敏
J000682,602068587,生效,九富保险服务有限公司,代理人业务,天领业务,天领机构,天领重庆,鼎汇,董梦,香港永明金融有限公司,储蓄,万年青星河尊享计划,5,年缴,美金,50000,390000,390000,,0,NONPI,,45733,45735,45736,45741,,JJ3840,温海伦
J000683,602068499,生效,九富保险服务有限公司,代理人业务,天领业务,天领机构,天领重庆,Starry,王茜,香港永明金融有限公司,储蓄,万年青星河尊享计划,5,年缴,美金,10000,78000,78000,,0,NONPI,,45733,45736,45744,45744,,JF7605,林思思
L000092,92388931,生效,利泰丰财富管理有限公司,代理人业务,天领业务,天领机构,天领重庆,鼎汇,向君君,万通保险国际有限公司,储蓄,富饶千秋储蓄计划,5,年缴,美金,5000,39000,39000,,0,NONPI,,45733,45735,45737,45747,,JJ5633,陈昊锴
FU000012,8122973938,生效,泰溢国际有限公司,KA业务,合伙转介业务,持牌转介,总部职能,总部职能,王钟轶,中国人寿保险（海外）股份有限公司（香港）,重疾,爱相随传承储蓄计划,2,预缴,美金,50000,390000,390000,,0,NONPI,,45728,45728,45728,45757,,JG2017,黄健铭
U000007,A000001882,生效,众和恒富理财集团有限公司,KA业务,合伙转介业务,同行个人转介,个人转介,魏子璐,刘臻,中国太平洋保险（香港）有限公司,年金,颐养天年延期年金计划（终身）,10,年缴,美金,7738.3,60358.74,60358.74,,0,NONPI,,45728,45728,45729,45735,,JJ4989,罗雨竹
J000684,602068500,生效,九富保险服务有限公司,代理人业务,天领业务,天领机构,天领重庆,Starry,方玲,香港永明金融有限公司,储蓄,万年青星河尊享计划,5,年缴,美金,20000,156000,156000,,0,NONPI,,45733,45737,45744,45744,,JF7605,林思思
J000685,601994493,生效,九富保险服务有限公司,KA业务,合伙转介业务,同行机构转介,懿丰家族,FO,Henry,香港永明金融有限公司,储蓄,万年青星河传承计划,5,预缴,美金,50000,390000,390000,,0,NONPI,申请保司折扣优惠,45733,45735,45738,45744,,JF7605,林思思
D001358,611195599,生效,怡泰财富管理有限公司,经代业务,同行经代,持牌资管,利泰丰,员工,张潇,香港永明金融有限公司,储蓄,万年青星河传承计划,5,预缴,美金,250000,1950000,1950000,,0,NONPI,0.25885,45734,45735,45735,45740,,JF2281,赖晔敏
L000093,92390603,生效,利泰丰财富管理有限公司,代理人业务,天领业务,天领机构,天领重庆,鼎汇,李衡,万通保险国际有限公司,储蓄,富饶千秋储蓄计划,5,预缴,美金,10000,78000,78000,,0,NONPI,,45734,45736,45737,45747,,JJ5633,陈昊锴
D001360,611195326,生效,怡泰财富管理有限公司,经代业务,BK业务,银行网点,民生银行,,民生温州,香港永明金融有限公司,储蓄,万年青·卓金计划,5,年缴,美金,100000,780000,780000,500000,0,NONPI,20%,45734,45737,45738,45741,,JF9727,杨荔茜
D001361,611195530,生效,怡泰财富管理有限公司,代理人业务,成事家办,IYB分公司,刘微,机构,徐敬,香港永明金融有限公司,人寿,永延保障计划,20,年缴,美金,14860,115908,115908,,0,NONPI,,45735,45742,45743,45761,,JF7523,吕静文
D001362,611195528,生效,怡泰财富管理有限公司,代理人业务,成事家办,IYB分公司,刘微,机构,刘微,香港永明金融有限公司,人寿,永延保障计划,20,年缴,美金,16440,128232,128232,,0,NONPI,,45735,45742,45743,45756,,JF7523,吕静文
D001364,611195309,生效,怡泰财富管理有限公司,代理人业务,成事家办,IYB分公司,杨洪美,机构,杨海玉,香港永明金融有限公司,储蓄,万年青星河传承计划,5,年缴,美金,100000,780000,780000,,0,NONPI,,45735,45741,45741,45754,,JF2281,赖晔敏
D001365,611195301,生效,怡泰财富管理有限公司,KA业务,ICLUB业务,异业机构转介,银科,机构,银科,香港永明金融有限公司,储蓄,万年青星河传承计划,5,年缴,美金,10000,78000,78000,,0,NONPI,,45735,45738,45740,45742,,JF2281,赖晔敏
D001366,611195560,生效,怡泰财富管理有限公司,代理人业务,成事家办,IYB分公司,杨璐熙,机构,汤家俊,香港永明金融有限公司,储蓄,万年青星河尊享计划,5,预缴,美金,10000,78000,78000,,0,NONPI,,45735,45742,45743,45744,,JH6936,余迪慷
D001367,611195561,生效,怡泰财富管理有限公司,代理人业务,成事家办,IYB分公司,杨璐熙,机构,汤家俊,香港永明金融有限公司,储蓄,万年青星河尊享计划,5,预缴,美金,10000,78000,78000,,0,NONPI,,45735,45742,45743,45750,,JF7523,吕静文
J000688,601994461,生效,九富保险服务有限公司,代理人业务,天领业务,天领机构,天领重庆,Miracle,程子桐,香港永明金融有限公司,储蓄,万年青星河尊享计划,5,年缴,美金,10000,78000,78000,,0,NONPI,,45735,45736,45744,45747,,JF6047,林冠丞
J000691,602068507,生效,九富保险服务有限公司,代理人业务,天领业务,天领机构,天领成都,泰睿锦,张志明,香港永明金融有限公司,储蓄,万年青星河尊享计划,5,年缴,美金,10000,78000,78000,,0,NONPI,,45735,45741,45742,45834,,JF7605,林思思
J000692,602068554,生效,九富保险服务有限公司,代理人业务,天领业务,天领机构,天领成都,梧桐,姚净琳,香港永明金融有限公司,储蓄,万年青星河尊享计划,5,预缴,美金,30000,234000,234000,,0,NONPI,,45735,45741,45742,45775,,JF6047,林冠丞
J000693,602068556,生效,九富保险服务有限公司,代理人业务,天领业务,天领机构,天领成都,梧桐,姚净琳,香港永明金融有限公司,储蓄,万年青星河尊享计划,5,预缴,美金,15000,117000,117000,,0,NONPI,,45735,45741,45742,45777,,JF6047,林冠丞
J000695,602068503,生效,九富保险服务有限公司,代理人业务,天领业务,天领机构,天领重庆,Global  District,韩露,香港永明金融有限公司,储蓄,万年青星河尊享计划,5,年缴,美金,20000,156000,156000,,0,NONPI,,45736,45737,45738,45777,,JF7605,林思思
D001368,611195650,生效,怡泰财富管理有限公司,经代业务,BK业务,银行网点,民生银行,,民生温州,香港永明金融有限公司,储蓄,万年青·卓金计划,5,年缴,美金,50000,390000,390000,250000,0,NONPI,20%,45736,45737,45738,45741,,JH6936,余迪慷
D001369,611195308,生效,怡泰财富管理有限公司,KA业务,ICLUB业务,异业机构转介,个人转介,理财师,吕洋,香港永明金融有限公司,储蓄,万年青星河尊享计划,5,预缴,美金,30000,234000,234000,,0,NONPI,,45736,45740,45740,45747,,JF2281,赖晔敏
D001370,611195533,生效,怡泰财富管理有限公司,经代业务,BK业务,银行网点,民生银行,,民生合肥,香港永明金融有限公司,储蓄,万年青·卓金计划,5,年缴,美金,100000,780000,780000,500000,0,NONPI,59%,45736,45740,45741,45754,,JH6936,余迪慷
D001372,611195529,生效,怡泰财富管理有限公司,代理人业务,成事家办,IYB分公司,刘微,机构,刘微,香港永明金融有限公司,储蓄,万年青星河传承计划,5,年缴,美金,60000,468000,468000,,0,NONPI,,45736,45737,45738,45743,,JF7523,吕静文
D001373,611194462,生效,怡泰财富管理有限公司,KA业务,ICLUB业务,异业机构转介,新风,机构,新风,香港永明金融有限公司,储蓄,万年青星河传承计划,5,预缴,美金,5000,39000,39000,,0,NONPI,,45736,45743,45743,45761,,JF2281,赖晔敏
D001374,611195322,生效,怡泰财富管理有限公司,经代业务,BK业务,银行网点,民生银行,,民生合肥,香港永明金融有限公司,重疾,万家康卓越保,20,年缴,美金,2542,19827.6,19827.6,200000,0,NONPI,,45736,45740,45741,45772,,JF9727,杨荔茜
D001375,611195323,生效,怡泰财富管理有限公司,经代业务,BK业务,银行网点,民生银行,,民生合肥,香港永明金融有限公司,重疾,万家康卓越保,20,年缴,美金,2078,16208.4,16208.4,200000,0,NONPI,,45736,45740,45741,45772,,JF9727,杨荔茜
D001376,611195317,生效,怡泰财富管理有限公司,经代业务,BK业务,银行网点,民生银行,,民生温州,香港永明金融有限公司,储蓄,万年青·卓金计划,5,年缴,美金,100000,780000,780000,500000,0,NONPI,20%,45736,45740,45741,45889,,IA6464,连亮晴
D001377,611195316,生效,怡泰财富管理有限公司,经代业务,BK业务,银行网点,民生银行,,民生温州,香港永明金融有限公司,储蓄,万年青·卓金计划,5,预缴,美金,100000,780000,780000,500000,0,NONPI,20%,45736,45740,45741,45744,,IA6464,连亮晴
D001378,611195531,生效,怡泰财富管理有限公司,KA业务,ICLUB业务,异业机构转介,银科,机构,银科,香港永明金融有限公司,储蓄,万年青星河传承计划,5,年缴,美金,10000,78000,78000,,0,NONPI,,45737,45741,45742,45744,,JF7523,吕静文
D001379,611195657,生效,怡泰财富管理有限公司,KA业务,ICLUB业务,异业机构转介,银科,机构,银科,香港永明金融有限公司,储蓄,万年青星河传承计划,5,预缴,美金,10000,78000,78000,,0,NONPI,,45737,45741,45742,45757,,JH6936,余迪慷
D001380,8123007958,生效,怡泰财富管理有限公司,代理人业务,天领业务,天领机构,天领成都,高山,康健,中国人寿保险（海外）股份有限公司（香港）,储蓄,傲珑创富储蓄保险计划,2,年缴,美金,15000,117000,117000,,0,NONPI,,45737,45743,45743,45755,,JF2281,赖晔敏
D001381,611195307,生效,怡泰财富管理有限公司,KA业务,合伙转介业务,同行机构转介,加利利,加利利,邢金花,香港永明金融有限公司,储蓄,万年青星河传承计划,5,预缴,美金,100000,780000,780000,,0,NONPI,,45737,45737,45740,45799,,IA6464,连亮晴
D001382,3808742534,生效,怡泰财富管理有限公司,KA业务,合伙转介业务,同行机构转介,加利利,加利利,邢金花,宏利人寿保险（国际）有限公司,储蓄,宏挚传承保障计划,5,预缴,美金,100000,780000,780000,,0,NONPI,,45737,45737,45740,45777,,IA6464,连亮晴
D001383,611195532,生效,怡泰财富管理有限公司,KA业务,ICLUB业务,异业机构转介,银科,机构,银科,香港永明金融有限公司,储蓄,万年青星河传承计划,5,年缴,美金,10000,78000,78000,,0,NONPI,,45740,45741,45741,45761,,JF7523,吕静文
Z000011,G684490777,生效,置富理财(香港)有限公司,代理人业务,天领业务,天领机构,天领成都,致合,余镜屹,友邦保险（国际）有限公司,储蓄,盈御多元货币计划3,5,年缴,美金,30000.08,234000.624,234000.624,,0,NONPI,,45740,45744,,45757,,,
D001385,611195571,生效,怡泰财富管理有限公司,代理人业务,成事家办,IYB分公司,刘微,机构,刘微,香港永明金融有限公司,储蓄,万年青星河传承计划,5,年缴,美金,100000,780000,780000,,0,NONPI,,45740,45744,45747,45755,,JF2281,赖晔敏
D001386,611194485,生效,怡泰财富管理有限公司,代理人业务,成事家办,IYB分公司,杨璐熙,机构,杨璐熙,香港永明金融有限公司,储蓄,万年青星河传承计划,5,年缴,美金,20000,156000,156000,,0,NONPI,,45740,45744,45744,45784,,JF2281,赖晔敏
D001387,611195324,生效,怡泰财富管理有限公司,经代业务,BK业务,银行网点,民生银行,,民生上海,香港永明金融有限公司,储蓄,万年青·卓金计划,5,年缴,美金,100000,780000,780000,500000,0,NONPI,20%,45740,45741,45743,45769,,JF9727,杨荔茜
D001388,611195559,生效,怡泰财富管理有限公司,代理人业务,成事家办,IYB分公司,杨帆,机构,杨帆,香港永明金融有限公司,储蓄,万年青星河尊享计划,5,年缴,美金,50000,390000,390000,,0,NONPI,,45740,45744,45745,45757,,JF7523,吕静文
D001389,611195525,生效,怡泰财富管理有限公司,代理人业务,成事家办,IYB分公司,刘微,机构,刘微,香港永明金融有限公司,储蓄,万年青星河传承计划,5,预缴,美金,60000,468000,468000,,0,NONPI,,45741,45742,45769,45771,,JH6936,余迪慷
D001391,611195527,生效,怡泰财富管理有限公司,KA业务,ICLUB业务,异业机构转介,银科,机构,银科,香港永明金融有限公司,储蓄,万年青星河传承计划,5,预缴,美金,10000,78000,78000,,0,NONPI,,45741,45747,45748,45756,,JH6936,余迪慷
D001392,611195651,生效,怡泰财富管理有限公司,KA业务,ICLUB业务,异业机构转介,银科,机构,银科,香港永明金融有限公司,储蓄,万年青星河传承计划,5,年缴,美金,10000,78000,78000,,0,NONPI,,45741,45744,45744,45750,,JF7523,吕静文
D001393,611195524,生效,怡泰财富管理有限公司,代理人业务,成事家办,IYB分公司,刘微,机构,刘微,香港永明金融有限公司,储蓄,万年青星河尊享计划,5,年缴,美金,5000,39000,39000,,0,NONPI,,45741,45744,45747,45755,,JH6936,余迪慷
J000697,602068580,生效,九富保险服务有限公司,代理人业务,天领业务,天领机构,天领成都,泰睿锦,郑尧拉,香港永明金融有限公司,储蓄,万年青星河传承计划,5,年缴,美金,20000,156000,156000,,0,NONPI,,45740,45744,45745,45756,,JJ3840,温海伦
J000698,602068510,生效,九富保险服务有限公司,代理人业务,天领业务,天领机构,天领重庆,Global  District,刘茗茗,香港永明金融有限公司,储蓄,万年青星河传承计划,5,预缴,美金,100000,780000,780000,,0,NONPI,申请保司折扣优惠,45740,45745,45747,45777,,JF7605,林思思
J000699,602068505,生效,九富保险服务有限公司,代理人业务,天领业务,天领贴牌,武汉贴牌,武汉泽星,刘钊,香港永明金融有限公司,储蓄,万年青尊享储蓄计划,2,预缴,美金,50000,390000,390000,,0,NONPI,,45741,45745,45747,45755,,JF7605,林思思
D001394,611195319,生效,怡泰财富管理有限公司,经代业务,BK业务,银行网点,民生银行,,民生北京,香港永明金融有限公司,储蓄,万年青·卓金计划,5,年缴,美金,50000,390000,390000,250000,0,NONPI,20%,45741,45743,45744,45776,,JF9727,杨荔茜
D001395,611195321,生效,怡泰财富管理有限公司,经代业务,BK业务,银行网点,民生银行,,民生温州,香港永明金融有限公司,储蓄,万年青·卓金计划,5,年缴,美金,10000,78000,78000,50000,0,NONPI,59%,45741,45744,45744,45754,,JF9727,杨荔茜
J000700,602068606,生效,九富保险服务有限公司,代理人业务,天领业务,天领机构,天领重庆,聚忻,周彤,香港永明金融有限公司,储蓄,万年青星河尊享计划,2,年缴,美金,20000,156000,156000,,0,NONPI,,45742,45747,45747,45775,,JJ3840,温海伦
D001397,611195562,生效,怡泰财富管理有限公司,代理人业务,成事家办,IYB分公司,杨璐熙,机构,杨璐熙,香港永明金融有限公司,储蓄,万年青星河尊享计划,5,预缴,美金,4000,31200,31200,,0,NONPI,,45742,45742,45743,45750,,JF7523,吕静文
D001398,611195535,生效,怡泰财富管理有限公司,代理人业务,成事家办,IYB分公司,杨璐熙,机构,杨璐熙,香港永明金融有限公司,储蓄,万年青星河传承计划,5,年缴,美金,100000,780000,780000,,0,NONPI,,45743,45747,45749,45757,,JH6936,余迪慷
D001399,611194486,生效,怡泰财富管理有限公司,代理人业务,成事家办,IYB分公司,杨璐熙,机构,杨璐熙,香港永明金融有限公司,储蓄,万年青星河尊享计划,5,年缴,美金,4200,32760,32760,,0,NONPI,,45743,45747,45747,45754,,JF2281,赖晔敏
D001400,611195320,生效,怡泰财富管理有限公司,经代业务,BK业务,银行网点,民生银行,,民生上海,香港永明金融有限公司,储蓄,万年青·卓金计划,5,年缴,美金,50000,390000,390000,25000,0,NONPI,20%,45743,45747,45748,45772,,JF9727,杨荔茜
D001401,611195570,生效,怡泰财富管理有限公司,代理人业务,成事家办,IYB分公司,杨璐熙,机构,杨璐熙,香港永明金融有限公司,储蓄,万年青星河传承计划,5,预缴,美金,30000,234000,234000,,0,NONPI,,45743,45747,45748,45769,,JF2281,赖晔敏
J000703,602068508,生效,九富保险服务有限公司,代理人业务,天领业务,天领机构,天领重庆,知予,张鹏,香港永明金融有限公司,储蓄,万年青星河尊享计划,5,年缴,美金,15000,117000,117000,,0,NONPI,,45748,45759,45764,45771,,JF6047,林冠丞
D001402,505-9439884,生效,怡泰财富管理有限公司,代理人业务,天领业务,天领机构,天领重庆,鼎汇,董梦,香港安盛保险有限公司,储蓄,盛利储蓄计划,2,年缴,美金,50000.02,390000.156,390000.156,,0,NONPI,,45748,45761,45761,45790,,JH6936,余迪慷
D001403,611195645,生效,怡泰财富管理有限公司,代理人业务,成事家办,IYB分公司,杨帆,机构,杨帆,香港永明金融有限公司,储蓄,万年青星河尊享计划,5,年缴,美金,20000,156000,156000,,0,NONPI,,45748,45776,45776,45784,,JH6936,余迪慷
D001404,611195600,生效,怡泰财富管理有限公司,代理人业务,天领业务,天领机构,天领重庆,鼎汇,张欣,香港永明金融有限公司,储蓄,永盈储蓄计划,1,整付,美金,3160000,24648000,2464800,,0,NONPI,5%,45749,45756,45798,45812,,JF2281,赖晔敏
D001405,611195556,生效,怡泰财富管理有限公司,经代业务,同行经代,持牌资管,利泰丰,,,香港永明金融有限公司,储蓄,万年青星河传承计划,5,预缴,美金,60000,468000,468000,,0,NONPI,0.29885,45750,45752,45754,45776,,JH6936,余迪慷
D001406,3808595429,生效,怡泰财富管理有限公司,代理人业务,天领业务,天领机构,天领重庆,知予,林娜,宏利人寿保险（国际）有限公司,储蓄,宏挚传承保障计划,5,年缴,美金,30000,234000,234000,,0,NONPI,,45751,45755,45756,45786,,JH6936,余迪慷
D001407,611195551,生效,怡泰财富管理有限公司,KA业务,ICLUB业务,异业机构转介,个人转介,理财师,潘冬慧,香港永明金融有限公司,储蓄,万年青星河尊享计划,5,年缴,美金,10000,78000,78000,,0,NONPI,,45754,45762,45763,45776,,JH6936,余迪慷
U000008,611195563,生效,众和恒富理财集团有限公司,KA业务,合伙转介业务,同行机构转介,红兔数智,红兔数智,红兔数智,香港永明金融有限公司,储蓄,万年青星河尊享计划,5,年缴,美金,50000,390000,390000,,0,NONPI,,45754,45754,45771,45776,,JH9602,余文茜
U000009,611195564,生效,众和恒富理财集团有限公司,KA业务,合伙转介业务,同行机构转介,红兔数智,红兔数智,红兔数智,香港永明金融有限公司,储蓄,万年青星河尊享计划,5,年缴,美金,50000,390000,390000,,0,NONPI,,45754,45754,45771,45776,,JH9602,余文茜
U000010,611195565,生效,众和恒富理财集团有限公司,KA业务,合伙转介业务,同行机构转介,红兔数智,红兔数智,红兔数智,香港永明金融有限公司,储蓄,万年青星河尊享计划,5,年缴,美金,50000,390000,390000,,0,NONPI,,45754,45754,45771,45776,,JH9602,余文茜
U000011,611195566,生效,众和恒富理财集团有限公司,KA业务,合伙转介业务,同行机构转介,红兔数智,红兔数智,红兔数智,香港永明金融有限公司,储蓄,万年青星河尊享计划,5,年缴,美金,50000,390000,390000,,0,NONPI,,45754,45754,45771,45776,,JH9602,余文茜
U000012,611195567,生效,众和恒富理财集团有限公司,KA业务,合伙转介业务,同行机构转介,红兔数智,红兔数智,红兔数智,香港永明金融有限公司,储蓄,万年青星河尊享计划,5,年缴,美金,50000,390000,390000,,0,NONPI,,45754,45754,45771,45776,,JH9602,余文茜
D001410,611194465,生效,怡泰财富管理有限公司,KA业务,ICLUB业务,异业机构转介,个人转介,理财师,刘光媚,香港永明金融有限公司,储蓄,万年青星河尊享计划,5,预缴,美金,15000,117000,117000,,0,NONPI,,45754,45758,45761,45777,,JH9449,李思齐
J000704,602068582,生效,九富保险服务有限公司,代理人业务,天领业务,天领机构,天领成都,致合,李秋,香港永明金融有限公司,储蓄,万年青星河尊享计划,5,年缴,美金,3000,23400,23400,,0,NONPI,,45754,45758,45759,45764,,JJ3840,温海伦
L000095,92645163,生效,利泰丰财富管理有限公司,代理人业务,天领业务,天领机构,天领重庆,知予,林娜,万通保险国际有限公司,储蓄,富饶千秋储蓄计划,5,预缴,美金,20000,156000,156000,,0,NONPI,,45754,45756,45757,45785,,JJ5633,陈昊锴
L000096,92647709,生效,利泰丰财富管理有限公司,代理人业务,天领业务,天领机构,天领重庆,鼎汇,李衡,万通保险国际有限公司,储蓄,富饶千秋储蓄计划,2,预缴,美金,15000,117000,117000,,0,NONPI,,45754,45757,45757,45785,,JJ5633,陈昊锴
Z000012,G684524452,生效,置富理财(香港)有限公司,代理人业务,天领业务,天领机构,天领重庆,知予,张鹏,友邦保险（国际）有限公司,重疾,爱伴航,25,年缴,美金,1119.2,8729.76,8729.76,80000,0,NONPI,,45754,45756,,45764,,,
D001411,611195536,生效,怡泰财富管理有限公司,经代业务,同行经代,持牌资管,松石保险,Pinerock,松石保险,香港永明金融有限公司,储蓄,万年青星河尊享计划,5,年缴,美金,20000,156000,156000,,0,NONPI,,45755,45756,45757,45828,Mark,JH6936,余迪慷
J000705,602068509,生效,九富保险服务有限公司,KA业务,合伙转介业务,同行机构转介,德约,广西子公司,陈兵,香港永明金融有限公司,储蓄,万年青星河传承计划,5,预缴,美金,60000,468000,468000,,0,NONPI,,45755,45758,45759,45775,,JF7605,林思思
Z000013,G684524368,生效,置富理财(香港)有限公司,代理人业务,天领业务,天领机构,天领重庆,知予,张鹏,友邦保险（国际）有限公司,重疾,爱伴航,25,年缴,美金,1183.2,9228.96,9228.96,80000,0,NONPI,,45755,45756,,45764,,,
D001413,8123033520,生效,怡泰财富管理有限公司,代理人业务,天领业务,天领机构,天领重庆,鼎汇,刘华琼,中国人寿保险（海外）股份有限公司（香港）,储蓄,傲珑创富储蓄保险计划,2,预缴,美金,10000,78000,78000,,0,NONPI,,45756,45756,45756,45790,,JF2281,赖晔敏
D001414,611195588,生效,怡泰财富管理有限公司,代理人业务,成事家办,IYB分公司,刘微,,刘微,香港永明金融有限公司,储蓄,万年青星河尊享计划,5,预缴,美金,100000,780000,780000,,0,NONPI,,45756,45813,45814,45835,,JF2281,赖晔敏
FU000014,8123033586,生效,泰溢国际有限公司,KA业务,合伙转介业务,同行个人转介,个人转介,,汪胜容,中国人寿保险（海外）股份有限公司（香港）,储蓄,智裕世代多元货币保险计划(卓越),5,预缴,美金,30300.14,236341.092,236341.092,,0,NONPI,,45756,45756,45756,45784,,JG2017,黄健铭
D001416,8123045512,生效,怡泰财富管理有限公司,代理人业务,天领业务,天领机构,天领成都,致合,薛长城,中国人寿保险（海外）股份有限公司（香港）,储蓄,傲珑创富储蓄保险计划,2,预缴,美金,25000,195000,195000,,0,NONPI,,45758,45770,45770,45779,,JH6936,余迪慷
J000706,602068581,生效,九富保险服务有限公司,代理人业务,天领业务,天领机构,天领重庆,知予,安妮,香港永明金融有限公司,储蓄,万年青星河尊享计划,5,预缴,美金,10000,78000,78000,,0,NONPI,,45757,45763,45764,45769,,JJ3840,温海伦
J000707,602068513,生效,九富保险服务有限公司,代理人业务,天领业务,天领机构,天领重庆,知予,李丽君,香港永明金融有限公司,储蓄,万年青星河尊享计划,5,年缴,美金,5000,39000,39000,,0,NONPI,,45757,45759,45764,45772,,JF6047,林冠丞
J000708,602068600,生效,九富保险服务有限公司,代理人业务,天领业务,天领机构,天领成都,致合,薛长城,香港永明金融有限公司,储蓄,万年青星河尊享计划,2,预缴,美金,50000,390000,390000,,0,NONPI,,45758,45771,45772,45786,,JJ3840,温海伦
J000711,602068584,生效,九富保险服务有限公司,代理人业务,天领业务,天领机构,天领成都,泰睿锦,李莉娜,香港永明金融有限公司,储蓄,万年青星河尊享计划,5,年缴,美金,10000,78000,78000,,0,NONPI,,45758,45771,45772,45775,,JF7605,林思思
D001417,611203363,生效,怡泰财富管理有限公司,经代业务,BK业务,银行网点,民生银行,,民生贵阳,香港永明金融有限公司,储蓄,万年青·卓金计划,5,年缴,美金,50000,390000,390000,250000,0,NONPI,59%,45758,45793,45796,45800,,JH6936,余迪慷
J000712,602068585,生效,九富保险服务有限公司,代理人业务,天领业务,天领机构,天领成都,泰睿锦,张志明,香港永明金融有限公司,储蓄,万年青星河尊享计划,5,预缴,美金,20000,156000,156000,,0,NONPI,,45761,45763,45764,45812,,JJ3840,温海伦
D001418,611181870,生效,怡泰财富管理有限公司,经代业务,同行经代,持牌资管,利泰丰,员工,周迪,香港永明金融有限公司,储蓄,永盈储蓄计划,1,整付,美金,4560000,35568000,3556800,,1,NONPI,5%,45761,45618,,45777,,JF2281,赖晔敏
D001419,611195545,生效,怡泰财富管理有限公司,代理人业务,成事家办,IYB分公司,杨璐熙,,杨璐熙,香港永明金融有限公司,储蓄,万年青星河尊享计划,5,预缴,美金,15000,117000,117000,,0,NONPI,,45761,45764,45764,45772,,JH6936,余迪慷
D001420,611195311,生效,怡泰财富管理有限公司,经代业务,BK业务,银行网点,民生银行,,民生上海,香港永明金融有限公司,储蓄,万年青·卓金计划,5,年缴,美金,100000,780000,780000,250000,0,NONPI,20%,45762,45786,45786,45793,,JF9727,杨荔茜
D001422,611195639,生效,怡泰财富管理有限公司,代理人业务,成事家办,IYB分公司,杨璐熙,,杨璐熙,香港永明金融有限公司,储蓄,万年青星河传承计划,5,预缴,美金,5000,39000,39000,,0,NONPI,,45763,45773,45775,45803,,JF7523,吕静文
L000097,92642165,生效,利泰丰财富管理有限公司,代理人业务,天领业务,天领机构,天领重庆,Global  District,李昱清,万通保险国际有限公司,储蓄,富饶千秋储蓄计划,5,年缴,美金,20000,156000,156000,,0,NONPI,,45763,45771,45772,45786,,JJ5633,陈昊锴
D001423,611195573,生效,怡泰财富管理有限公司,KA业务,ICLUB业务,异业机构转介,个人转介,理财师,虞斌,香港永明金融有限公司,储蓄,万年青星河尊享计划,5,年缴,美金,30000,234000,234000,,0,NONPI,,45763,45770,45770,45772,,IA6464,连亮晴
D001425,611195539,生效,怡泰财富管理有限公司,KA业务,合伙转介业务,异业机构转介,明德长青,明德长青,明德长青,香港永明金融有限公司,储蓄,万年青星河尊享计划,5,年缴,美金,50000,390000,390000,,0,NONPI,,45764,45769,45770,45786,,JF7523,吕静文
D001426,611194463,生效,怡泰财富管理有限公司,KA业务,ICLUB业务,异业机构转介,个人转介,理财师,高瑶,香港永明金融有限公司,储蓄,万年青星河传承计划,5,年缴,美金,50000,390000,390000,,0,NONPI,,45764,45771,45772,45785,,JF2281,赖晔敏
D001427,611195637,生效,怡泰财富管理有限公司,代理人业务,成事家办,IYB分公司,杨璐熙,,杨璐熙,香港永明金融有限公司,储蓄,万年青星河传承计划,5,年缴,美金,10000,78000,78000,,0,NONPI,,45764,45773,45775,45800,,JF7523,吕静文
D001428,611195577,生效,怡泰财富管理有限公司,KA业务,ICLUB业务,异业机构转介,个人转介,理财师,高瑶,香港永明金融有限公司,储蓄,万年青星河传承计划,5,预缴,美金,62500,487500,487500,,0,NONPI,0.29885,45764,45771,45775,45776,,JH6936,余迪慷
D001429,611195578,生效,怡泰财富管理有限公司,KA业务,ICLUB业务,异业机构转介,个人转介,理财师,高瑶,香港永明金融有限公司,重疾,万家康卓越保,10,年缴,美金,4000.02,31200.156,31200.156,150320,0,NONPI,,45764,45771,45789,45807,,JH6936,余迪慷
D001430,611195579,生效,怡泰财富管理有限公司,KA业务,ICLUB业务,异业机构转介,个人转介,理财师,高瑶,香港永明金融有限公司,重疾,万家康卓越保,10,年缴,美金,4000.02,31200.156,31200.156,156925,0,NONPI,,45764,45771,45772,45775,,JH6936,余迪慷
J000713,602068593,生效,九富保险服务有限公司,代理人业务,天领业务,天领机构,天领重庆,Global  District,李谷亿,香港永明金融有限公司,储蓄,万年青星河尊享计划,2,年缴,美金,50000,390000,390000,,0,NONPI,,45765,45792,45793,45813,,JJ3840,温海伦
U000013,611195557,生效,众和恒富理财集团有限公司,KA业务,合伙转介业务,同行机构转介,宝了么,宝了么,姜江彪,香港永明金融有限公司,储蓄,万年青星河尊享计划,5,年缴,美金,50000,390000,390000,,0,NONPI,,45768,45770,45771,45772,,JH9602,余文茜
J000714,602068601,生效,九富保险服务有限公司,KA业务,合伙转介业务,同行机构转介,德约,广西子公司,韩冰霜,香港永明金融有限公司,储蓄,万年青星河尊享计划,2,预缴,美金,15000,117000,117000,,0,NONPI,,45768,45771,45772,45791,,JJ3840,温海伦
D001431,611194487,生效,怡泰财富管理有限公司,代理人业务,成事家办,IYB分公司,刘微,,刘微,香港永明金融有限公司,储蓄,万年青星河尊享计划,5,年缴,美金,30000,234000,234000,,0,NONPI,,45769,45776,45776,45786,,JF2281,赖晔敏
D001432,611195700,生效,怡泰财富管理有限公司,经代业务,BK业务,银行网点,民生银行,,民生合肥,香港永明金融有限公司,储蓄,万年青·卓金计划,5,年缴,美金,50000,390000,390000,250000,0,NONPI,20%,45769,45771,45783,45786,,JH9449,李思齐
D001434,611195312,生效,怡泰财富管理有限公司,经代业务,BK业务,银行网点,民生银行,,民生南京,香港永明金融有限公司,储蓄,万年青·卓金计划,5,预缴,美金,100000,780000,780000,500000,0,NONPI,59%,45769,45772,45775,45786,,JF9727,杨荔茜
D001435,611194451,生效,怡泰财富管理有限公司,KA业务,ICLUB业务,异业机构转介,新风,机构,新风,香港永明金融有限公司,储蓄,万年青星河尊享计划,5,年缴,美金,30000,234000,234000,,0,NONPI,,45769,45775,45776,45777,,JF2281,赖晔敏
J000715,602068589,生效,九富保险服务有限公司,代理人业务,天领业务,天领机构,天领成都,致合,罗兴丹,香港永明金融有限公司,储蓄,万年青星河尊享计划,5,年缴,美金,3000,23400,23400,,0,NONPI,,45769,45772,45772,45784,,JF6047,林冠丞
J000716,602068583,生效,九富保险服务有限公司,KA业务,合伙转介业务,同行机构转介,德约,广西分公司,李菁,香港永明金融有限公司,储蓄,万年青星河尊享计划,5,预缴,美金,5000,39000,39000,,0,NONPI,,45769,45772,45772,45790,,JF6047,林冠丞
D001436,511022315,生效,怡泰财富管理有限公司,经代业务,同行经代,持牌资管,利泰丰,,马君健,香港永明金融有限公司,储蓄,永耀万用寿险,1,整付,美金,750000,5850000,585000,,0,NONPI,0.01,45769,45770,45783,45793,,JF2281,赖晔敏
D001437,611195537,生效,怡泰财富管理有限公司,KA业务,ICLUB业务,异业机构转介,个人转介,理财师,吕洋,香港永明金融有限公司,储蓄,万年青星河尊享计划,5,预缴,美金,50000,390000,390000,,0,NONPI,,45770,45773,45775,45777,,JF7523,吕静文
D001438,611195547,生效,怡泰财富管理有限公司,KA业务,ICLUB业务,异业机构转介,个人转介,理财师,高瑶,香港永明金融有限公司,重疾,万家康卓越保,20,年缴,美金,1178,9188.4,9188.4,100000,0,NONPI,,45770,45771,45772,45775,,JH6936,余迪慷
D001439,611195575,生效,怡泰财富管理有限公司,KA业务,ICLUB业务,异业机构转介,保之道,机构,保之道,香港永明金融有限公司,储蓄,万年青星河尊享计划,5,年缴,美金,15000,117000,117000,,0,NONPI,,45770,45775,45775,45777,,JF2281,赖晔敏
J000718,602068404,生效,九富保险服务有限公司,代理人业务,天领业务,天领机构,天领重庆,Starry,王璐洁,香港永明金融有限公司,储蓄,万年青星河尊享计划,5,年缴,美金,5000,39000,39000,,0,NONPI,,45771,45775,45776,45785,,JJ3840,温海伦
D001441,611195654,生效,怡泰财富管理有限公司,代理人业务,成事家办,IYB分公司,杨璐熙,,杨璐熙,香港永明金融有限公司,储蓄,万年青星河传承计划,5,年缴,美金,50000,390000,390000,,0,NONPI,,45771,45780,45783,45785,,JH6936,余迪慷
D001442,611195580,生效,怡泰财富管理有限公司,KA业务,合伙转介业务,同行机构转介,加利利,加利利,加利利,香港永明金融有限公司,储蓄,万年青星河尊享计划,5,年缴,美金,50000,390000,390000,,0,NONPI,,45772,45776,45777,45807,,IA6464,连亮晴
D001443,611195582,生效,怡泰财富管理有限公司,代理人业务,成事家办,IYB分公司,杨璐熙,,杨璐熙,香港永明金融有限公司,储蓄,万年青星河传承计划,5,预缴,美金,30000,234000,234000,,0,NONPI,,45772,45775,45779,45826,,JF7523,吕静文
J000720,601994559,生效,九富保险服务有限公司,KA业务,合伙转介业务,同行机构转介,德约,江苏分公司,曹国华,香港永明金融有限公司,储蓄,万年青星河尊享计划,5,预缴,美金,15000,117000,117000,,0,NONPI,,45772,45776,45796,45807,,JF6047,林冠丞
D001445,611195581,生效,怡泰财富管理有限公司,经代业务,同行经代,持牌资管,松石保险,Pinerock,松石保险,香港永明金融有限公司,储蓄,万年青星河尊享计划,5,预缴,美金,100000,780000,780000,,0,NONPI,,45775,45784,45784,45786,Mark,JF2281,赖晔敏
D001446,611203361,生效,怡泰财富管理有限公司,代理人业务,成事家办,IYB分公司,杨璐熙,,杨璐熙,香港永明金融有限公司,储蓄,万年青星河传承计划,5,预缴,美金,30000,234000,234000,,0,NONPI,,45776,45787,45789,45817,,JF7523,吕静文
D001447,611203295,生效,怡泰财富管理有限公司,经代业务,BK业务,银行网点,民生银行,梁驹,民生香港,香港永明金融有限公司,储蓄,万年青·卓金计划,5,年缴,美金,50000,390000,390000,250000,0,NONPI,59%,45776,45777,45779,45784,,JH9449,李思齐
Z000015,G684570257,生效,置富理财(香港)有限公司,KA业务,合伙转介业务,同行个人转介,个人转介,魏子璐,陈志锐,友邦保险（国际）有限公司,储蓄,盈御多元货币计划3,5,预缴,美金,5500.04,42900.312,42900.312,,0,NONPI,,45776,45779,,45800,,,
D001448,611203360,生效,怡泰财富管理有限公司,KA业务,合伙转介业务,异业机构转介,明德长青,明德长青,明德长青,香港永明金融有限公司,储蓄,万年青星河传承计划,5,年缴,美金,100000,780000,780000,,0,NONPI,,45777,45785,45785,45786,,JF7523,吕静文
J000721,601994491,生效,九富保险服务有限公司,KA业务,合伙转介业务,持牌转介,总部职能,总部职能,林思思,香港永明金融有限公司,重疾,万家康卓越保,25,年缴,美金,1911,14905.8,14905.8,100000,0,NONPI,,45783,45783,45783,45807,,JF6047,林冠丞
D001449,611203353,生效,怡泰财富管理有限公司,代理人业务,成事家办,IYB分公司,杨璐熙,,杨璐熙,香港永明金融有限公司,储蓄,万年青星河传承计划,5,预缴,美金,50000,390000,390000,,0,NONPI,,45783,45789,45789,45834,,JH6936,余迪慷
Y000042,820107914,生效,盈富理财顾问有限公司,代理人业务,天领业务,天领机构,天领重庆,知予,张鹏,中国人寿保险（海外）股份有限公司（澳门）,储蓄,裕饶传承储蓄保险计划II,5,预缴,港币,2000000,2000000,2000000,10000000,1,NONPI,0.44,45783,45786,,45796,,,
J000722,602068607,生效,九富保险服务有限公司,代理人业务,天领业务,天领机构,天领重庆,Starry,王璐洁,香港永明金融有限公司,储蓄,万年青星河尊享计划,5,年缴,美金,15000,117000,117000,,0,NONPI,,45784,45798,45799,45806,,JF7605,林思思
J000723,602068515,生效,九富保险服务有限公司,KA业务,合伙转介业务,同行机构转介,德约,广西分公司,覃玲玲,香港永明金融有限公司,储蓄,万年青星河尊享计划,5,年缴,美金,10000,78000,78000,,0,NONPI,,45784,45786,45789,45805,,JF7605,林思思
U000016,611195553,生效,众和恒富理财集团有限公司,KA业务,ICLUB业务,异业机构转介,个人转介,理财师,黄峰,香港永明金融有限公司,储蓄,万年青星河尊享计划,5,预缴,美金,50000,390000,390000,,0,NONPI,,45785,45786,45790,45791,,JJ4989,罗雨竹
J000726,602068408,生效,九富保险服务有限公司,代理人业务,天领业务,天领机构,天领重庆,聚忻,杨布泽,香港永明金融有限公司,储蓄,万年青星河尊享计划,5,年缴,美金,20000,156000,156000,,0,NONPI,,45785,45789,45790,45798,,JJ3840,温海伦
L000099,92656287,生效,利泰丰财富管理有限公司,代理人业务,天领业务,天领机构,天领重庆,鼎汇,何勇利,万通保险国际有限公司,储蓄,富饶千秋储蓄计划,5,年缴,美金,10000,78000,78000,,0,NONPI,,45785,45792,45793,45799,,JJ5633,陈昊锴
D001450,611203296,生效,怡泰财富管理有限公司,经代业务,BK业务,银行网点,民生银行,,民生重庆,香港永明金融有限公司,储蓄,万年青·卓金计划,5,年缴,美金,120000,936000,936000,600000,0,NONPI,20%,45786,45789,45790,45803,,JF9727,杨荔茜
D001451,861001559,生效,怡泰财富管理有限公司,经代业务,BK业务,银行网点,民生银行,,民生重庆,香港永明金融有限公司,人寿,卓裕人寿系列II-50,10,年缴,美金,14790,115362,115362,1000000,0,NONPI,,45786,45789,45805,45810,,JF9727,杨荔茜
J000727,602068591,生效,九富保险服务有限公司,代理人业务,天领业务,天领机构,天领重庆,知予,杨希惠,香港永明金融有限公司,储蓄,万年青星河尊享计划,5,预缴,美金,10000,78000,78000,,0,NONPI,,45786,45790,45791,45805,,JJ3840,温海伦
J000728,602068519,生效,九富保险服务有限公司,代理人业务,天领业务,天领机构,天领重庆,聚忻,王凯,香港永明金融有限公司,储蓄,万年青星河尊享计划,5,年缴,美金,20000,156000,156000,,0,NONPI,,45786,45791,45792,45800,,JF7605,林思思
J000729,602068518,生效,九富保险服务有限公司,代理人业务,天领业务,天领机构,天领重庆,聚忻,王凯,香港永明金融有限公司,储蓄,万年青星河尊享计划,5,年缴,美金,20000,156000,156000,,0,NONPI,,45786,45791,45792,45799,,JF7605,林思思
D001452,611195576,生效,怡泰财富管理有限公司,代理人业务,成事家办,IYB分公司,杨璐熙,,杨璐熙,香港永明金融有限公司,储蓄,万年青星河传承计划,5,预缴,美金,60000,468000,468000,,0,NONPI,,45789,45791,45791,45799,,JF2281,赖晔敏
D001453,611203352,生效,怡泰财富管理有限公司,代理人业务,成事家办,IYB分公司,杨璐熙,,杨璐熙,香港永明金融有限公司,储蓄,万年青星河传承计划,5,预缴,美金,20000,156000,156000,,0,NONPI,,45789,45791,45791,45793,,JF7523,吕静文
U000017,611203355,生效,众和恒富理财集团有限公司,KA业务,ICLUB业务,异业机构转介,个人转介,理财师,谢珍,香港永明金融有限公司,储蓄,万年青星河尊享计划,2,预缴,美金,15000,117000,117000,,0,NONPI,,45789,45789,45794,45800,,JJ4989,罗雨竹
U000018,611203339,生效,众和恒富理财集团有限公司,KA业务,ICLUB业务,异业机构转介,个人转介,理财师,范文杰,香港永明金融有限公司,储蓄,万年青星河尊享计划,5,预缴,美金,20000,156000,156000,,0,NONPI,,45789,45796,45799,45818,,JJ4989,罗雨竹
U000019,611203357,生效,众和恒富理财集团有限公司,KA业务,合伙转介业务,同行机构转介,宝了么,宝了么,小七,香港永明金融有限公司,储蓄,万年青星河尊享计划,5,年缴,美金,10000,78000,78000,,0,NONPI,,45789,45790,45791,45804,,JH9602,余文茜
D001454,611203356,生效,怡泰财富管理有限公司,KA业务,合伙转介业务,异业机构转介,明德长青,明德长青,明德长青,香港永明金融有限公司,储蓄,万年青星河尊享计划,5,年缴,美金,30000,234000,234000,,0,NONPI,,45790,45797,45799,45800,,JF7523,吕静文
J000731,602068592,生效,九富保险服务有限公司,代理人业务,天领业务,天领机构,天领成都,致合,王琳,香港永明金融有限公司,储蓄,万年青星河尊享计划,5,预缴,美金,10000,78000,78000,,0,NONPI,,45790,45792,45793,45797,,JJ3840,温海伦
J000732,602068608,生效,九富保险服务有限公司,代理人业务,天领业务,天领机构,天领重庆,知予,傅雯婷,香港永明金融有限公司,储蓄,万年青星河尊享计划,5,年缴,美金,50000,390000,390000,,0,NONPI,,45790,45793,45796,45800,,JF7605,林思思
J000733,601994560,生效,九富保险服务有限公司,代理人业务,天领业务,天领机构,天领成都,致合,宋微,香港永明金融有限公司,储蓄,万年青星河尊享计划,2,预缴,美金,500000,3900000,3900000,,0,NONPI,,45790,45798,45799,45807,,JF6047,林冠丞
L000100,92660236,生效,利泰丰财富管理有限公司,代理人业务,天领业务,天领机构,天领成都,致合,周喆,万通保险国际有限公司,储蓄,富饶千秋储蓄计划,2,年缴,美金,15000,117000,117000,,0,NONPI,,45790,45799,45799,45873,,JJ5633,陈昊锴
U000020,611203376,生效,众和恒富理财集团有限公司,KA业务,合伙转介业务,同行机构转介,宝了么,宝了么,王学珍,香港永明金融有限公司,储蓄,万年青星河尊享计划,5,年缴,美金,50000,390000,390000,,0,NONPI,,45791,45799,45799,45817,,JH9602,余文茜
Y000043,8201080596,生效,盈富理财顾问有限公司,KA业务,ICLUB业务,异业机构转介,个人转介,理财师,傅箭,中国人寿保险（海外）股份有限公司（澳门）,储蓄,裕饶传承储蓄保险计划II,5,预缴,港币,5000000,5000000,5000000,25000000,1,NONPI,0.26,45791,45792,,45805,,,
U000021,611203358,生效,众和恒富理财集团有限公司,KA业务,ICLUB业务,异业机构转介,银科,机构,银科,香港永明金融有限公司,储蓄,万年青星河传承计划,5,年缴,美金,3000,23400,23400,,0,NONPI,,45791,45793,45794,45797,,JJ4989,罗雨竹
U000022,611203359,生效,众和恒富理财集团有限公司,KA业务,ICLUB业务,异业机构转介,银科,机构,银科,香港永明金融有限公司,储蓄,万年青星河传承计划,5,年缴,美金,3000,23400,23400,,0,NONPI,,45791,45794,45796,45811,,JJ4989,罗雨竹
Z000016,G684595766,生效,置富理财(香港)有限公司,KA业务,ICLUB业务,异业机构转介,银科,机构,银科,友邦保险（国际）有限公司,重疾,爱伴航,25,年缴,美金,399.3,3114.54,3114.54,30000,0,NONPI,,45791,45793,,45803,,,
D001458,3808590537,生效,怡泰财富管理有限公司,KA业务,合伙转介业务,持牌转介,总部职能,总部职能,吴炜杰,宏利人寿保险（国际）有限公司,储蓄,宏挚传承保障计划,5,年缴,美金,12000,93600,93600,,0,NONPI,,45791,45793,45793,45805,,JF2281,赖晔敏
D001459,611194480,生效,怡泰财富管理有限公司,代理人业务,成事家办,IYB分公司,杨璐熙,　,杨璐熙,香港永明金融有限公司,储蓄,万年青星河传承计划,5,年缴,美金,10000,78000,78000,　,0,NONPI,,45791,45798,45799,45800,,JH9449,李思齐
D001460,611203362,生效,怡泰财富管理有限公司,代理人业务,成事家办,IYB分公司,杨帆,,杨帆,香港永明金融有限公司,储蓄,万年青星河传承计划,5,预缴,美金,10000,78000,78000,,0,NONPI,,45791,45797,45799,45805,,JF7523,吕静文
D001461,505-9555713,生效,怡泰财富管理有限公司,KA业务,ICLUB业务,异业机构转介,ICHAT,机构,ICHAT,香港安盛保险有限公司,储蓄,盛利储蓄计划,2,预缴,美金,25000.19,195001.482,195001.482,,0,NONPI,,45792,45792,45793,45820,,JF2281,赖晔敏
J000734,601994561,生效,九富保险服务有限公司,代理人业务,天领业务,天领机构,天领成都,致合,李晓珂,香港永明金融有限公司,储蓄,万年青星河尊享计划,5,预缴,美金,70000,546000,546000,,0,NONPI,,45792,45798,45800,45849,,JF6047,林冠丞
L000101,92642597,生效,利泰丰财富管理有限公司,代理人业务,天领业务,天领机构,天领成都,致合,薛长城,万通保险国际有限公司,储蓄,富饶千秋储蓄计划,2,预缴,美金,25000,195000,195000,,0,NONPI,,45792,45797,45798,45814,,JJ5633,陈昊锴
D001462,611195540,生效,怡泰财富管理有限公司,代理人业务,成事家办,IYB分公司,杨璐熙,,杨璐熙,香港永明金融有限公司,储蓄,万年青星河尊享计划,5,年缴,美金,20000,156000,156000,,0,NONPI,,45792,45799,45800,45807,,JH6936,余迪慷
D001463,8123071601,生效,怡泰财富管理有限公司,代理人业务,天领业务,天领贴牌,武汉贴牌,武汉泽星,陈青,中国人寿保险（海外）股份有限公司（香港）,储蓄,智裕世代多元货币保险计划(卓越),5,年缴,美金,3000,23400,23400,,0,NONPI,,45792,45794,45794,45797,,JH6936,余迪慷
D001464,611194481,生效,怡泰财富管理有限公司,代理人业务,成事家办,IYB分公司,杨璐熙,,杨璐熙,香港永明金融有限公司,储蓄,万年青星河尊享计划,5,预缴,美金,16000,124800,124800,,0,NONPI,,45792,45799,45800,45803,,JH9449,李思齐
D001465,611203366,生效,怡泰财富管理有限公司,经代业务,BK业务,银行网点,民生银行,梁驹,民生香港,香港永明金融有限公司,储蓄,万年青·卓金计划,5,年缴,美金,50000,390000,390000,250000,0,NONPI,20%,45792,45793,45796,45807,,JH6936,余迪慷
J000735,601994566,生效,九富保险服务有限公司,代理人业务,天领业务,天领机构,天领重庆,Starry,王茜,香港永明金融有限公司,储蓄,万年青星河尊享计划,5,年缴,美金,10000,78000,78000,,0,NONPI,,45792,45800,45804,45810,,JF6047,林冠丞
D001466,611195586,生效,怡泰财富管理有限公司,经代业务,BK业务,银行网点,民生银行,梁驹,民生香港,香港永明金融有限公司,储蓄,万年青·卓金计划,5,年缴,美金,50000,390000,390000,250000,0,NONPI,59%,45792,45793,,45819,,IA6464,连亮晴
D001467,611203316,生效,怡泰财富管理有限公司,KA业务,合伙转介业务,持牌转介,总部职能,总部职能,陈剑远志,香港永明金融有限公司,重疾,万家康卓越保,15,年缴,美金,4203,32783.4,32783.4,300000,0,NONPI,,45793,45803,45804,45835,,JF7523,吕静文
D001469,611203377,退保,怡泰财富管理有限公司,代理人业务,成事家办,IYB分公司,杨帆,,杨帆,香港永明金融有限公司,储蓄,万年青星河尊享计划,5,年缴,美金,30000,234000,234000,,0,NONPI,,45796,45798,45799,45831,,JH6936,余迪慷
D001470,611203373,生效,怡泰财富管理有限公司,代理人业务,成事家办,IYB分公司,杨帆,,杨帆,香港永明金融有限公司,储蓄,万年青星河尊享计划,5,年缴,美金,50000,390000,390000,,0,NONPI,,45796,45798,45799,45814,,JH6936,余迪慷
D001471,611203302,生效,怡泰财富管理有限公司,代理人业务,成事家办,IYB分公司,杨帆,,杨帆,香港永明金融有限公司,储蓄,万年青星河尊享计划,5,年缴,美金,30000,234000,234000,,0,NONPI,,45796,45799,45800,45804,,JH6936,余迪慷
D001472,611203301,生效,怡泰财富管理有限公司,代理人业务,成事家办,IYB分公司,杨帆,,杨帆,香港永明金融有限公司,储蓄,万年青星河尊享计划,5,年缴,美金,50000,390000,390000,,0,NONPI,,45796,45799,45800,45817,,JH6936,余迪慷
D001473,505-9567627,生效,怡泰财富管理有限公司,KA业务,合伙转介业务,同行机构转介,德约,江苏分公司,潘文,香港安盛保险有限公司,储蓄,盛利储蓄计划,2,年缴,美金,15000.11,117000.858,117000.858,,0,NONPI,,45796,45799,45804,45820,,JH6936,余迪慷
D001474,611195590,生效,怡泰财富管理有限公司,代理人业务,成事家办,IYB分公司,杨帆,,杨帆,香港永明金融有限公司,储蓄,万年青星河尊享计划,5,预缴,美金,200000,1560000,1560000,,0,NONPI,,45796,45799,45800,45835,,IA6464,连亮晴
D001475,611203266,生效,怡泰财富管理有限公司,经代业务,BK业务,银行网点,民生银行,,民生上海,香港永明金融有限公司,储蓄,万年青·卓金计划,5,年缴,美金,100000,780000,780000,500000,0,NONPI,20%,45796,45800,45803,45820,,JF9727,杨荔茜
J000736,601994562,生效,九富保险服务有限公司,代理人业务,天领业务,天领机构,天领重庆,聚忻,官令,香港永明金融有限公司,储蓄,万年青星河尊享计划,2,年缴,美金,100000,780000,780000,,0,NONPI,,45796,45800,45804,45805,,JF6047,林冠丞
D001476,505-9566884,生效,怡泰财富管理有限公司,代理人业务,天领业务,天领机构,天领重庆,Win,陈元龙,香港安盛保险有限公司,储蓄,盛利储蓄计划,2,年缴,美金,30000.23,234001.794,234001.794,,0,NONPI,,45796,45800,45804,45820,,JH6936,余迪慷
D001478,611203290,生效,怡泰财富管理有限公司,经代业务,BK业务,银行网点,民生银行,梁驹,民生香港,香港永明金融有限公司,储蓄,万年青·卓金计划,5,预缴,美金,50000,390000,390000,250000,0,NONPI,59%,45799,45810,45825,45868,,JH9449,李思齐
D001479,611194475,生效,怡泰财富管理有限公司,KA业务,合伙转介业务,异业机构转介,明德长青,明德长青,明德长青,香港永明金融有限公司,储蓄,万年青星河尊享计划,5,年缴,美金,5000,39000,39000,,0,NONPI,,45797,45800,45801,45804,,JF2281,赖晔敏
D001480,611203291,生效,怡泰财富管理有限公司,经代业务,BK业务,银行网点,民生银行,,民生上海,香港永明金融有限公司,储蓄,万年青·卓金计划,5,年缴,美金,100000,780000,780000,500000,0,NONPI,20%,45796,45803,45805,45812,,JF9727,杨荔茜
D001481,611203292,生效,怡泰财富管理有限公司,经代业务,BK业务,银行网点,民生银行,,民生上海,香港永明金融有限公司,储蓄,万年青·卓金计划,5,年缴,美金,50000,390000,390000,250000,0,NONPI,20%,45796,45800,45803,45807,,JH9449,李思齐
D001482,505-9567650,生效,怡泰财富管理有限公司,KA业务,合伙转介业务,同行机构转介,德约,广州营业总部,胡娟,香港安盛保险有限公司,储蓄,盛利储蓄计划,2,预缴,美金,10000.07,78000.546,78000.546,,0,NONPI,,45797,45799,45800,45838,,JF2281,赖晔敏
D001483,611195603,生效,怡泰财富管理有限公司,代理人业务,成事家办,IYB分公司,杨帆,,杨帆,香港永明金融有限公司,储蓄,万年青星河传承计划,5,年缴,美金,30000,234000,234000,,0,NONPI,,45797,45825,45825,45827,,JF2281,赖晔敏
D001484,611194471,生效,怡泰财富管理有限公司,代理人业务,成事家办,IYB分公司,杨璐熙,,杨璐熙,香港永明金融有限公司,储蓄,万年青星河尊享计划,5,预缴,美金,3000,23400,23400,15000,0,NONPI,,45797,45798,45799,45800,,JH9449,李思齐
D001485,611194472,生效,怡泰财富管理有限公司,代理人业务,成事家办,IYB分公司,杨璐熙,,杨璐熙,香港永明金融有限公司,储蓄,万年青星河尊享计划,5,预缴,美金,3000,23400,23400,15000,0,NONPI,,45797,45798,45799,45826,,JH9449,李思齐
D001486,611195595,生效,怡泰财富管理有限公司,代理人业务,成事家办,IYB分公司,刘微,,刘微,香港永明金融有限公司,储蓄,万年青星河尊享计划,5,预缴,美金,100000,780000,780000,,0,NONPI,,45797,45804,45805,45828,,JF2281,赖晔敏
J000738,601994564,生效,九富保险服务有限公司,代理人业务,天领业务,天领机构,天领重庆,聚忻,王惠琴,香港永明金融有限公司,储蓄,万年青星河尊享计划,5,预缴,美金,30000,234000,234000,,0,NONPI,,45798,45800,45804,45812,,JF6047,林冠丞
J000739,601994565,生效,九富保险服务有限公司,代理人业务,天领业务,天领机构,天领重庆,聚忻,王惠琴,香港永明金融有限公司,储蓄,万年青星河尊享计划,5,预缴,美金,30000,234000,234000,,0,NONPI,,45798,45800,45804,45821,,JF6047,林冠丞
U000024,611203378,生效,众和恒富理财集团有限公司,KA业务,合伙转介业务,同行机构转介,宝了么,宝了么,广州TN,香港永明金融有限公司,储蓄,万年青星河尊享计划,5,预缴,美金,20000,156000,156000,,0,NONPI,,45799,45803,45804,45819,,JH9602,余文茜
D001489,8123084688,生效,怡泰财富管理有限公司,KA业务,合伙转介业务,同行机构转介,宝了么,宝了么,七只小鹿,中国人寿保险（海外）股份有限公司（香港）,储蓄,傲珑创富储蓄保险计划,2,年缴,美金,35000,273000,273000,,0,NONPI,,45799,45804,45804,45819,,JF2281,赖晔敏
FF000066,1.00028E+11,生效,富强天一财富管理有限公司,代理人业务,天领业务,天领机构,天领重庆,Miracle,程琦,立桥人寿保险有限公司,储蓄,智选储蓄保（20年保障期）,20,整付,美金,100000,780000,78000,,0,NONPI,6%,45800,45800,45800,45817,,JF2281,赖晔敏
U000025,611203367,生效,众和恒富理财集团有限公司,KA业务,合伙转介业务,同行机构转介,宝了么,宝了么,许笑黎,香港永明金融有限公司,储蓄,万年青星河传承计划,5,年缴,美金,5000,39000,39000,,0,NONPI,,45800,45806,45806,45811,,JH9602,余文茜
U000027,611194483,生效,众和恒富理财集团有限公司,KA业务,合伙转介业务,同行机构转介,宝了么,宝了么,意诚科技,香港永明金融有限公司,储蓄,万年青星河尊享计划,5,预缴,美金,3000,23400,23400,,0,NONPI,,45800,45801,45803,45820,,JJ1162,赖凯璇
D001493,505-9562149,生效,怡泰财富管理有限公司,代理人业务,成事家办,IYB分公司,杨洪美,,杨洪美,香港安盛保险有限公司,储蓄,盛利储蓄计划,2,预缴,美金,14000.17,109201.326,109201.326,,0,NONPI,,45803,45804,45805,45820,,JF7523,吕静文
U000028,611203368,生效,众和恒富理财集团有限公司,KA业务,ICLUB业务,异业机构转介,银科,机构,银科,香港永明金融有限公司,储蓄,万年青星河传承计划,5,预缴,美金,10000,78000,78000,,0,NONPI,,45803,45806,45809,45818,,JJ4989,罗雨竹
U000029,611203310,生效,众和恒富理财集团有限公司,KA业务,ICLUB业务,异业机构转介,个人转介,理财师,王一,香港永明金融有限公司,储蓄,万年青星河尊享计划,5,年缴,美金,50000,390000,390000,,0,NONPI,,45803,45814,45817,45824,,JJ4989,罗雨竹
L000102,92386947,生效,利泰丰财富管理有限公司,代理人业务,天领业务,天领机构,天领重庆,鼎汇,张珉婧,万通保险国际有限公司,储蓄,富饶千秋储蓄计划,2,预缴,美金,15000,117000,117000,,0,NONPI,,45803,45805,45805,45827,,JJ5633,陈昊锴
L000103,92658166,生效,利泰丰财富管理有限公司,代理人业务,天领业务,天领机构,天领重庆,鼎汇,李衡,万通保险国际有限公司,储蓄,富饶千秋储蓄计划,2,预缴,美金,15000,117000,117000,,0,NONPI,,45803,45805,45805,45832,,JJ5633,陈昊锴
Y000044,8201088101,生效,盈富理财顾问有限公司,代理人业务,天领业务,天领机构,天领重庆,Global  District,崔琳凯,中国人寿保险（海外）股份有限公司（澳门）,储蓄,裕饶传承储蓄保险计划II,5,预缴,港币,2000000,2000000,2000000,10000000,1,NONPI,0.44,45803,45814,,45825,,,
U000030,611203365,生效,众和恒富理财集团有限公司,KA业务,合伙转介业务,同行机构转介,宝了么,宝了么,广州TN,香港永明金融有限公司,储蓄,万年青星河尊享计划,5,年缴,美金,60000,468000,468000,,0,NONPI,,45803,45805,45805,45846,,JH9602,余文茜
D001494,8123085718,生效,怡泰财富管理有限公司,代理人业务,天领业务,天领机构,天领重庆,Win,余治国,中国人寿保险（海外）股份有限公司（香港）,储蓄,傲珑创富储蓄保险计划,2,预缴,美金,20000,156000,156000,,0,NONPI,,45804,45804,45804,45825,,JF2281,赖晔敏
J000741,988535467,生效,九富保险服务有限公司,代理人业务,天领业务,天领机构,天领重庆,Global  District,吕政豪,香港永明金融有限公司,医疗,永明满心医疗保,终身,年缴,美金,1293.6,10090.08,10090.08,,0,NONPI,,45804,45807,45810,45818,,JF7605,林思思
J000742,988535466,生效,九富保险服务有限公司,代理人业务,天领业务,天领机构,天领重庆,Global  District,吕政豪,香港永明金融有限公司,医疗,永明满心医疗保,终身,年缴,美金,2815.2,21958.56,21958.56,,0,NONPI,,45804,45807,45810,45818,,JF7605,林思思
J000743,602068610,生效,九富保险服务有限公司,代理人业务,天领业务,天领机构,天领重庆,Starry,王璐洁,香港永明金融有限公司,储蓄,万年青星河尊享计划,5,年缴,美金,10000,78000,78000,,0,NONPI,,45804,45814,45817,45869,,JF7605,林思思
J000744,602068522,生效,九富保险服务有限公司,代理人业务,天领业务,天领机构,天领重庆,Starry,王璐洁,香港永明金融有限公司,重疾,万家康卓越保,25,年缴,美金,1068,8330.4,8330.4,100000,0,NONPI,,45804,45814,45817,45831,,JF7605,林思思
J000745,602068521,生效,九富保险服务有限公司,代理人业务,天领业务,天领机构,天领重庆,Starry,王璐洁,香港永明金融有限公司,重疾,万家康卓越保,25,年缴,美金,1174,9157.2,9157.2,100000,0,NONPI,,45804,45814,45817,45831,,JF7605,林思思
U000032,611203305,生效,众和恒富理财集团有限公司,KA业务,ICLUB业务,异业机构转介,银科,机构,银科,香港永明金融有限公司,储蓄,万年青星河传承计划,5,年缴,美金,10000,78000,78000,,0,NONPI,,45804,45812,45813,45817,,JJ4989,罗雨竹
D001495,611203287,生效,怡泰财富管理有限公司,经代业务,BK业务,银行网点,民生银行,,民生上海,香港永明金融有限公司,储蓄,万年青·卓金计划,5,年缴,美金,60000,468000,468000,300000,0,NONPI,20%,45804,45807,,45818,,JH9449,李思齐
D001496,611203294,生效,怡泰财富管理有限公司,经代业务,BK业务,银行网点,民生银行,,民生上海,香港永明金融有限公司,储蓄,万年青·卓金计划,5,年缴,美金,100000,780000,780000,500000,0,NONPI,20%,45806,45812,45813,45832,,JF9727,杨荔茜
J000746,602068612,生效,九富保险服务有限公司,代理人业务,天领业务,天领机构,天领成都,致合,薛长城,香港永明金融有限公司,储蓄,万年青星河尊享计划,2,预缴,美金,40000,312000,312000,,0,NONPI,,45804,45813,45817,45825,,JF7605,林思思
J000747,601994572,生效,九富保险服务有限公司,代理人业务,天领业务,天领机构,天领成都,致合,薛长城,香港永明金融有限公司,储蓄,万年青星河尊享计划,2,预缴,美金,50000,390000,390000,,0,NONPI,,45804,45813,45817,45820,,JF6047,林冠丞
U000033,611203308,生效,众和恒富理财集团有限公司,KA业务,合伙转介业务,同行机构转介,兴泰家办,兴泰家办,兴泰家办,香港永明金融有限公司,储蓄,万年青星河传承计划,5,预缴,美金,100000,780000,780000,　,0,NONPI,0.27885,45804,45813,45814,45855,,JJ4989,罗雨竹
FF000068,1.00028E+11,生效,富强天一财富管理有限公司,KA业务,合伙转介业务,持牌转介,总部职能,总部职能,肖斌,立桥人寿保险有限公司,储蓄,智选储蓄保（20年保障期）,20,整付,美金,13495,105261,10526.1,,0,NONPI,5%,45804,45805,45805,45812,,JF2281,赖晔敏
D001497,611203370,生效,怡泰财富管理有限公司,代理人业务,成事家办,IYB分公司,杨璐熙,,杨璐熙,香港永明金融有限公司,储蓄,万年青星河传承计划,5,年缴,美金,10000,78000,78000,,0,NONPI,,45805,45806,45806,45832,,JH6936,余迪慷
D001498,611195598,生效,怡泰财富管理有限公司,KA业务,合伙转介业务,同行机构转介,加利利,加利利,加利利,香港永明金融有限公司,储蓄,万年青星河尊享计划,5,预缴,美金,10000,78000,78000,,0,NONPI,,45805,45806,45807,45831,,IA6464,连亮晴
J000748,602068595,生效,九富保险服务有限公司,代理人业务,天领业务,天领贴牌,广西贴牌,广西锐领,李旭霞,香港永明金融有限公司,储蓄,万年青星河尊享计划,5,年缴,美金,20000,156000,156000,,0,NONPI,,45804,45814,45814,45833,,JJ3840,温海伦
J000749,602068594,生效,九富保险服务有限公司,代理人业务,天领业务,天领机构,天领重庆,知予,傅雯婷,香港永明金融有限公司,储蓄,万年青星河尊享计划,5,年缴,美金,5000,39000,39000,,0,NONPI,,45804,45814,45814,45820,,JJ3840,温海伦
D001499,611194449,生效,怡泰财富管理有限公司,代理人业务,成事家办,IYB分公司,杨帆,,杨帆,香港永明金融有限公司,储蓄,万年青星河尊享计划,5,预缴,美金,10000,78000,78000,,0,NONPI,,45805,45812,45813,45819,,JF2281,赖晔敏
D001500,611194447,生效,怡泰财富管理有限公司,代理人业务,成事家办,IYB分公司,杨帆,,杨帆,香港永明金融有限公司,储蓄,万年青星河尊享计划,5,预缴,美金,20000,156000,156000,,0,NONPI,,45805,45812,45818,45833,,JF2281,赖晔敏
D001501,A000002348,生效,怡泰财富管理有限公司,KA业务,合伙转介业务,同行机构转介,德约,江苏分公司,朱金霞,中国太平洋保险（香港）有限公司,储蓄,世代鑫享增额终身寿险计划,5,预缴,美金,12000,93600,93600,,0,NONPI,,45805,45814,45818,45860,,JH6936,余迪慷
D001502,611203293,生效,怡泰财富管理有限公司,经代业务,BK业务,银行网点,民生银行,,民生重庆,香港永明金融有限公司,储蓄,万年青·卓金计划,5,年缴,美金,50000,390000,390000,250000,0,NONPI,20%,45805,45806,45807,45819,,JF9727,杨荔茜
J000752,601994571,生效,九富保险服务有限公司,代理人业务,天领业务,天领机构,天领重庆,Global  District,吕政豪,香港永明金融有限公司,储蓄,万年青星河传承计划,5,预缴,美金,10000,78000,78000,,0,NONPI,,45805,45813,45817,45828,,JF6047,林冠丞
J000753,601994570,生效,九富保险服务有限公司,代理人业务,天领业务,天领机构,天领重庆,Global  District,吕政豪,香港永明金融有限公司,储蓄,万年青星河尊享计划,5,预缴,美金,20000,156000,156000,,0,NONPI,,45805,45813,45817,45834,,JF6047,林冠丞
D001503,611203323,生效,怡泰财富管理有限公司,经代业务,BK业务,银行网点,民生银行,,民生杭州,香港永明金融有限公司,储蓄,万年青·卓金计划,5,年缴,美金,50000,390000,390000,250000,0,NONPI,20%,45805,45810,45810,45819,,JH6936,余迪慷
D001504,611203375,生效,怡泰财富管理有限公司,代理人业务,成事家办,IYB分公司,杨洪美,,杨洪美,香港永明金融有限公司,储蓄,万年青星河尊享计划,5,年缴,美金,30000,234000,234000,,0,NONPI,,45806,45811,45811,45813,,JH6936,余迪慷
U000036,611203369,生效,众和恒富理财集团有限公司,KA业务,合伙转介业务,同行机构转介,雨泽,雨泽,白博文,香港永明金融有限公司,储蓄,万年青星河尊享计划,5,年缴,美金,10000,78000,78000,,0,NONPI,,45806,45806,45817,45817,,JH9602,余文茜
J000754,601994568,生效,九富保险服务有限公司,代理人业务,天领业务,天领机构,天领重庆,鼎汇,李娟,香港永明金融有限公司,储蓄,万年青星河尊享计划,5,预缴,美金,10000,78000,78000,,0,NONPI,,45806,45811,45812,45821,,JF6047,林冠丞
J000755,602068517,生效,九富保险服务有限公司,代理人业务,天领业务,天领机构,天领重庆,Miracle,邓杰,香港永明金融有限公司,储蓄,万年青星河尊享计划,5,年缴,美金,5000,39000,39000,,0,NONPI,,45806,45820,45820,45824,,JF7605,林思思
J000756,601994569,生效,九富保险服务有限公司,代理人业务,天领业务,天领机构,天领重庆,鼎汇,李娟,香港永明金融有限公司,储蓄,万年青星河尊享计划,5,预缴,美金,10000,78000,78000,,0,NONPI,,45806,45811,45812,45860,,JF6047,林冠丞
D001505,611203265,生效,怡泰财富管理有限公司,经代业务,BK业务,银行网点,民生银行,,民生北京,香港永明金融有限公司,储蓄,万年青·卓金计划,5,年缴,美金,50000,390000,390000,250000,0,NONPI,20%,45805,45810,45840,45846,,JH9449,李思齐
J000757,601994567,生效,九富保险服务有限公司,KA业务,合伙转介业务,持牌转介,总部职能,总部职能,林冠丞,香港永明金融有限公司,储蓄,万年青星河传承计划,5,年缴,美金,5000,39000,39000,,0,NONPI,,45806,45813,45817,45819,,JF6047,林冠丞
U000037,611194414,生效,众和恒富理财集团有限公司,KA业务,ICLUB业务,异业机构转介,银科,机构,银科,香港永明金融有限公司,储蓄,万年青星河传承计划,5,预缴,美金,10000,78000,78000,,0,NONPI,,45807,45810,45810,45821,,JH1915,刘婉莹
U000038,611203313,生效,众和恒富理财集团有限公司,KA业务,合伙转介业务,同行机构转介,雨泽,雨泽,白博文,香港永明金融有限公司,储蓄,万年青星河尊享计划,5,预缴,美金,20000,156000,156000,,0,NONPI,,45807,45807,45810,45833,,JJ1162,赖凯璇
D001507,611203311,生效,怡泰财富管理有限公司,经代业务,BK业务,银行网点,民生银行,,民生杭州,香港永明金融有限公司,储蓄,万年青·卓金计划,5,年缴,美金,50000,390000,390000,250000,0,NONPI,59%,45807,45814,45817,45820,,JH6936,余迪慷
D001508,611203289,生效,怡泰财富管理有限公司,经代业务,BK业务,银行网点,民生银行,,民生杭州,香港永明金融有限公司,储蓄,万年青·卓金计划,5,年缴,美金,50000,390000,390000,250000,0,NONPI,59%,45807,45814,45817,45820,,JF9727,杨荔茜
D001509,611203286,生效,怡泰财富管理有限公司,经代业务,BK业务,银行网点,民生银行,,民生杭州,香港永明金融有限公司,储蓄,万年青·卓金计划,5,年缴,美金,10000,78000,78000,50000,0,NONPI,59%,45807,45814,45817,45821,,JF9727,杨荔茜
D001510,611203320,生效,怡泰财富管理有限公司,代理人业务,成事家办,IYB分公司,刘微,,刘微,香港永明金融有限公司,储蓄,万年青星河尊享计划,5,年缴,美金,30000,234000,234000,,0,NONPI,,45807,45808,45810,45856,,JH6936,余迪慷
U000041,611203317,生效,众和恒富理财集团有限公司,KA业务,合伙转介业务,同行机构转介,宝了么,宝了么,张凯,香港永明金融有限公司,人寿,永延保障计划,12,年缴,美金,10019.8,78154.44,78154.44,500000,0,NONPI,,45807,45820,45817,45848,,JH9602,余文茜
U000042,611194407,生效,众和恒富理财集团有限公司,KA业务,合伙转介业务,同行机构转介,雨泽,雨泽,白博文,香港永明金融有限公司,储蓄,万年青星河尊享计划,5,年缴,美金,30000,234000,234000,,0,NONPI,,45807,45810,45817,45812,,JH9602,余文茜
D001511,611203321,生效,怡泰财富管理有限公司,代理人业务,成事家办,IYB分公司,刘微,,刘微,香港永明金融有限公司,储蓄,万年青星河尊享计划,5,年缴,美金,20000,156000,156000,,0,NONPI,,45808,45808,45810,45855,,JH6936,余迪慷
D001513,611203372,生效,怡泰财富管理有限公司,代理人业务,成事家办,IYB分公司,杨洪美,,杨洪美,香港永明金融有限公司,人寿,永延保障计划,20,年缴,美金,6860,53508,53508,500000,0,NONPI,,45810,45810,45811,45833,,JF7523,吕静文
D001515,611203299,生效,怡泰财富管理有限公司,经代业务,同行经代,持牌资管,松石保险,Pinerock,松石保险,香港永明金融有限公司,储蓄,万年青星河尊享计划,5,年缴,美金,30000,234000,234000,,0,NONPI,,45810,45812,45813,45814,Mark,JF7523,吕静文
D001516,611195616,生效,怡泰财富管理有限公司,代理人业务,成事家办,IYB分公司,刘微,,刘微,香港永明金融有限公司,储蓄,万年青星河尊享计划,5,预缴,美金,70000,546000,546000,,0,NONPI,,45810,45821,45821,45849,,JF2281,赖晔敏
U000043,611203307,生效,众和恒富理财集团有限公司,KA业务,合伙转介业务,同行机构转介,宝了么,宝了么,叶东哲,香港永明金融有限公司,储蓄,万年青星河尊享计划,5,年缴,美金,3000,23400,23400,,0,NONPI,,45810,45814,45817,45825,,JH9602,余文茜
U000044,611195638,生效,众和恒富理财集团有限公司,KA业务,合伙转介业务,同行机构转介,兴泰家办,兴泰家办,兴泰家办,香港永明金融有限公司,储蓄,万年青星河传承计划,5,预缴,美金,50000,390000,390000,,0,NONPI,0.29885,45810,45817,45817,45849,,JJ1162,赖凯璇
D001517,505-9580158,生效,怡泰财富管理有限公司,代理人业务,成事家办,IYB分公司,刘微,,刘微,香港安盛保险有限公司,储蓄,盛利储蓄计划,2,预缴,美金,75000.21,585001.638,585001.638,,0,NONPI,,45811,45813,45817,45856,,JH6936,余迪慷
D001518,611203379,生效,怡泰财富管理有限公司,经代业务,BK业务,银行网点,民生银行,梁驹,民生香港,香港永明金融有限公司,储蓄,万年青·卓金计划,5,年缴,美金,50000,390000,390000,250000,0,NONPI,59%,45811,45814,45818,45833,,JH9449,李思齐
D001519,611195597,生效,怡泰财富管理有限公司,代理人业务,成事家办,IYB分公司,杨璐熙,,杨璐熙,香港永明金融有限公司,储蓄,万年青星河传承计划,5,预缴,美金,30000,234000,234000,,0,NONPI,,45811,45817,45817,45826,,JF2281,赖晔敏
D001520,611195583,生效,怡泰财富管理有限公司,代理人业务,成事家办,IYB分公司,杨璐熙,,杨璐熙,香港永明金融有限公司,储蓄,万年青星河尊享计划,5,预缴,美金,16000,124800,124800,,0,NONPI,,45811,45813,45814,45868,,JH6936,余迪慷
J000763,602068602,生效,九富保险服务有限公司,代理人业务,天领业务,天领机构,天领重庆,Starry,王璐洁,香港永明金融有限公司,储蓄,万年青星河尊享计划,5,年缴,美金,20000,156000,156000,,0,NONPI,,45811,45815,45814,45827,,JJ3840,温海伦
D001521,611208287,生效,怡泰财富管理有限公司,经代业务,BK业务,银行网点,民生银行,,民生杭州,香港永明金融有限公司,储蓄,万年青·卓金计划,5,年缴,美金,70000,546000,546000,350000,0,NONPI,59%,45811,45820,45824,45847,,JF9727,杨荔茜
J000765,601994574,生效,九富保险服务有限公司,代理人业务,天领业务,天领机构,天领重庆,聚忻,王凯,香港永明金融有限公司,储蓄,万年青星河尊享计划,5,年缴,美金,6000,46800,46800,,0,NONPI,,45811,45821,,45831,,JF6047,林冠丞
J000766,601994573,生效,九富保险服务有限公司,代理人业务,天领业务,天领机构,天领重庆,聚忻,王凯,香港永明金融有限公司,储蓄,万年青星河尊享计划,5,年缴,美金,5000,39000,39000,,0,NONPI,,45811,45821,45825,45834,,JF6047,林冠丞
U000046,611203332,生效,众和恒富理财集团有限公司,KA业务,合伙转介业务,同行机构转介,兴泰家办,兴泰家办,兴泰家办,香港永明金融有限公司,储蓄,万年青星河传承计划,5,预缴,美金,50000,390000,390000,,0,NONPI,0.29885,45812,45817,45818,45854,,JJ1162,刘婉莹
U000047,611203315,生效,众和恒富理财集团有限公司,KA业务,合伙转介业务,同行机构转介,宝了么,宝了么,懂安全球,香港永明金融有限公司,储蓄,万年青星河尊享计划,5,预缴,美金,30000,234000,234000,,0,NONPI,,45812,45817,45817,45834,,JH9602,余文茜
J000767,602068615,生效,九富保险服务有限公司,代理人业务,天领业务,天领机构,天领重庆,Miracle,邓杰,香港永明金融有限公司,储蓄,万年青星河尊享计划,5,预缴,美金,20000,156000,156000,,0,NONPI,,45812,45817,45818,45821,,JJ8674,许家乐
L000105,92651457,生效,利泰丰财富管理有限公司,代理人业务,天领业务,天领机构,天领重庆,鼎汇,邹文佳,万通保险国际有限公司,储蓄,富饶千秋储蓄计划,5,年缴,美金,7000,54600,54600,,0,NONPI,,45812,45814,45817,45821,,JJ5633,陈昊锴
U000048,611203312,生效,众和恒富理财集团有限公司,KA业务,合伙转介业务,同行机构转介,雨泽,雨泽,白博文,香港永明金融有限公司,储蓄,万年青星河尊享计划,5,年缴,美金,24000,187200,187200,,0,NONPI,,45812,45813,45817,45820,,JH9602,余文茜
J000768,602068614,生效,九富保险服务有限公司,代理人业务,天领业务,天领机构,天领成都,致合,庄轩奕,香港永明金融有限公司,储蓄,万年青星河尊享计划,5,年缴,美金,10000,78000,78000,,0,NONPI,,45812,45818,45818,45820,,JJ8674,许家乐
D001522,8123101920,生效,怡泰财富管理有限公司,代理人业务,天领业务,天领机构,天领重庆,Miracle,程琦,中国人寿保险（海外）股份有限公司（香港）,储蓄,智裕世代多元货币保险计划(卓越),5,年缴,美金,12000,93600,93600,,0,NONPI,,45812,45814,45814,45825,,JF7523,吕静文
D001523,611208353,生效,怡泰财富管理有限公司,KA业务,ICLUB业务,异业机构转介,新风,机构,新风,香港永明金融有限公司,储蓄,万年青星河尊享计划,5,年缴,美金,10000,78000,78000,,0,NONPI,,45813,45821,,45835,,JF2281,赖晔敏
D001524,611195601,生效,怡泰财富管理有限公司,KA业务,ICLUB业务,异业机构转介,新风,机构,新风,香港永明金融有限公司,储蓄,万年青星河尊享计划,5,年缴,美金,50000,390000,390000,,0,NONPI,,45813,45821,,45835,,JF2281,赖晔敏
U000049,611195585,生效,众和恒富理财集团有限公司,KA业务,ICLUB业务,异业机构转介,个人转介,理财师,高瑶,香港永明金融有限公司,储蓄,万年青星河尊享计划,5,年缴,美金,10000,78000,78000,,0,NONPI,,45813,45821,45824,45826,,JJ4989,罗雨竹
D001525,611195587,生效,怡泰财富管理有限公司,KA业务,合伙转介业务,同行机构转介,加利利,加利利,黄若谷,香港永明金融有限公司,人寿,永延保障计划,12,年缴,美金,3810,29718,29718,,0,NONPI,,45813,45814,45817,45825,,IA6464,连亮晴
U000051,611208283,生效,众和恒富理财集团有限公司,KA业务,ICLUB业务,异业机构转介,个人转介,理财师,朱缨,香港永明金融有限公司,储蓄,万年青星河尊享计划,5,年缴,美金,50000,390000,390000,,0,NONPI,,45814,45824,45827,45828,,JJ4989,罗雨竹
D001526,611208248,生效,怡泰财富管理有限公司,代理人业务,成事家办,IYB分公司,杨璐熙,,杨璐熙,香港永明金融有限公司,储蓄,万年青星河传承计划,5,预缴,美金,40000,312000,312000,,0,NONPI,,45814,45834,45835,45848,,JF7523,吕静文
D001527,611208766,生效,怡泰财富管理有限公司,KA业务,ICLUB业务,异业机构转介,新风,机构,新风,香港永明金融有限公司,储蓄,万年青星河尊享计划,5,预缴,美金,30000,234000,234000,,0,NONPI,,45814,45825,45826,45827,,JH6936,余迪慷
D001529,611208678,生效,怡泰财富管理有限公司,代理人业务,成事家办,IYB分公司,杨洪美,,杨洪美,香港永明金融有限公司,储蓄,万年青星河传承计划,5,年缴,美金,80000,624000,624000,,0,NONPI,,45814,45834,45835,45849,,JF2281,赖晔敏
D001530,611208567,生效,怡泰财富管理有限公司,代理人业务,成事家办,IYB分公司,杨洪美,,杨洪美,香港永明金融有限公司,储蓄,万年青星河传承计划,5,预缴,美金,11000,85800,85800,,0,NONPI,,45814,45834,45836,45860,,JF2281,赖晔敏
D001531,611208282,生效,怡泰财富管理有限公司,代理人业务,成事家办,IYB分公司,杨帆,,杨帆,香港永明金融有限公司,储蓄,万年青星河尊享计划,5,预缴,美金,16000,124800,124800,,0,NONPI,,45814,45825,45825,45831,,JF7523,吕静文
D001532,611208239,生效,怡泰财富管理有限公司,代理人业务,成事家办,IYB分公司,杨帆,,杨帆,香港永明金融有限公司,储蓄,万年青星河传承计划,5,年缴,美金,3000,23400,23400,,0,NONPI,,45814,45825,45825,45827,,JF7523,吕静文
D001533,611195543,生效,怡泰财富管理有限公司,代理人业务,成事家办,IYB分公司,杨璐熙,,杨璐熙,香港永明金融有限公司,储蓄,万年青星河传承计划,5,预缴,美金,30000,234000,234000,,0,NONPI,,45814,45822,45824,45833,,JF7523,吕静文
D001534,611208778,生效,怡泰财富管理有限公司,经代业务,同行经代,持牌资管,松石保险,Pinerock,松石保险,香港永明金融有限公司,储蓄,万年青星河尊享计划,5,预缴,美金,30000,234000,234000,,0,NONPI,,45814,45827,45828,45835,Mark,JH6936,余迪慷
D001535,8123101997,生效,怡泰财富管理有限公司,代理人业务,天领业务,天领机构,天领重庆,Miracle,李蔚,中国人寿保险（海外）股份有限公司（香港）,储蓄,智裕世代多元货币保险计划(卓越),5,年缴,美金,6500,50700,50700,,0,NONPI,,45814,45814,45814,45825,,JF7523,吕静文
D001536,611195682,生效,怡泰财富管理有限公司,代理人业务,成事家办,IYB分公司,杨璐熙,,杨璐熙,香港永明金融有限公司,储蓄,万年青星河传承计划,5,年缴,美金,20000,156000,156000,,0,NONPI,,45814,45832,45835,45842,,JF9727,杨荔茜
D001537,8123128290,生效,怡泰财富管理有限公司,代理人业务,成事家办,IYB分公司,杨帆,,杨帆,中国人寿保险（海外）股份有限公司（香港）,储蓄,傲珑创富储蓄保险计划,2,预缴,美金,30000,234000,234000,,0,NONPI,,45814,45827,45827,45838,,JH6936,余迪慷
D001538,611195263,生效,怡泰财富管理有限公司,代理人业务,成事家办,IYB分公司,杨璐熙,,杨璐熙,香港永明金融有限公司,储蓄,万年青星河传承计划,5,预缴,美金,20000,156000,156000,,0,NONPI,,45814,45822,45824,45835,,JF7523,吕静文
D001539,611195284,生效,怡泰财富管理有限公司,代理人业务,成事家办,IYB分公司,杨璐熙,,杨璐熙,香港永明金融有限公司,储蓄,万年青星河传承计划,5,年缴,美金,20000,156000,156000,,0,NONPI,,45814,45822,,45835,,JF2281,赖晔敏
D001540,611203388,生效,怡泰财富管理有限公司,经代业务,同行经代,持牌资管,利泰丰,,汪诗莹,香港永明金融有限公司,储蓄,永盈储蓄计划,1,整付,美金,2100000,16380000,1638000,,1,NONPI,5%,45814,45814,45829,45855,,JF2281,赖晔敏
D001541,611195593,生效,怡泰财富管理有限公司,KA业务,IFA业务,异业机构转介,IFA,IFA,李璞,香港永明金融有限公司,储蓄,万年青星河尊享计划,5,预缴,美金,100000,780000,780000,,0,NONPI,20%,45814,45814,45825,45853,,JF2281,赖晔敏
U000053,611203304,生效,众和恒富理财集团有限公司,KA业务,合伙转介业务,同行机构转介,雨泽,雨泽,白博文,香港永明金融有限公司,储蓄,万年青星河尊享计划,5,年缴,美金,13000,101400,101400,,0,NONPI,,45814,45817,45817,45842,,JH1915,刘婉莹
D001544,611203335,生效,怡泰财富管理有限公司,代理人业务,成事家办,IYB分公司,刘微,机构,刘微,香港永明金融有限公司,储蓄,万年青星河传承计划,5,预缴,美金,50000,390000,390000,,0,NONPI,,45816,45817,45818,45833,,JF7523,吕静文
D001545,611195552,生效,怡泰财富管理有限公司,代理人业务,成事家办,IYB分公司,杨洪美,,杨洪美,香港永明金融有限公司,储蓄,万年青星河传承计划,5,年缴,美金,10000,78000,78000,,0,NONPI,,45817,45821,45824,45835,,JF7523,吕静文
D001546,8123111921,生效,怡泰财富管理有限公司,代理人业务,天领业务,天领贴牌,武汉贴牌,武汉泽星,陈青,中国人寿保险（海外）股份有限公司（香港）,储蓄,傲珑创富储蓄保险计划,2,年缴,美金,30000,234000,234000,,0,NONPI,,45817,45820,45820,45831,,JH6936,余迪慷
D001547,8123112055,生效,怡泰财富管理有限公司,代理人业务,天领业务,天领贴牌,武汉贴牌,武汉泽星,陈青,中国人寿保险（海外）股份有限公司（香港）,储蓄,傲珑创富储蓄保险计划,2,年缴,美金,20000,156000,156000,,0,NONPI,,45817,45820,45820,45831,,JH6936,余迪慷
D001548,611208260,生效,怡泰财富管理有限公司,经代业务,同行经代,持牌资管,松石保险,Pinerock,松石保险,香港永明金融有限公司,储蓄,万年青星河尊享计划,5,年缴,美金,400000,3120000,3120000,,0,NONPI,0.17,45817,45827,45831,45862,Mark,JF7523,吕静文
J000770,601994538,生效,九富保险服务有限公司,代理人业务,天领业务,天领机构,天领重庆,鼎汇,王成睿,香港永明金融有限公司,储蓄,万年青星河尊享计划,5,年缴,美金,10000,78000,78000,,0,NONPI,,45817,45822,45824,45826,,JJ3840,温海伦
J000771,601994536,生效,九富保险服务有限公司,代理人业务,天领业务,天领机构,天领重庆,知予,杨希惠,香港永明金融有限公司,储蓄,万年青星河尊享计划,5,预缴,美金,10000,78000,78000,,0,NONPI,,45817,45821,45824,45833,,JJ3840,温海伦
J000772,601994537,生效,九富保险服务有限公司,代理人业务,天领业务,天领机构,天领重庆,Starry,王茜,香港永明金融有限公司,储蓄,万年青星河尊享计划,5,预缴,美金,10000,78000,78000,,0,NONPI,,45817,45821,45824,45831,,JJ3840,温海伦
U000054,611203318,生效,众和恒富理财集团有限公司,KA业务,合伙转介业务,同行机构转介,宝了么,宝了么,赵瑞,香港永明金融有限公司,储蓄,万年青星河尊享计划,5,年缴,美金,50000,390000,390000,,0,NONPI,,45817,45821,45825,45827,,JH9602,余文茜
U000055,611208290,生效,众和恒富理财集团有限公司,KA业务,合伙转介业务,同行机构转介,宝了么,宝了么,黄文琴,香港永明金融有限公司,储蓄,万年青星河尊享计划,5,年缴,美金,30000,234000,234000,,0,NONPI,,45817,45827,45827,45898,,JH9602,余文茜
L000106,92800153,生效,利泰丰财富管理有限公司,代理人业务,天领业务,天领机构,天领重庆,鼎汇,卢诗敔,万通保险国际有限公司,储蓄,富饶千秋储蓄计划,5,年缴,美金,10000,78000,78000,,0,NONPI,,45817,45833,45834,45840,,JJ5633,陈昊锴
FF000069,1.00029E+11,生效,富强天一财富管理有限公司,代理人业务,天领业务,天领贴牌,武汉贴牌,武汉泽星,陈青,立桥人寿保险有限公司,储蓄,智选储蓄保（20年保障期）,20,整付,美金,100000,780000,78000,,0,NONPI,,45817,45820,45820,45848,,JF2281,赖晔敏
D001549,611208782,生效,怡泰财富管理有限公司,经代业务,BK业务,银行网点,民生银行,,民生郑州,香港永明金融有限公司,储蓄,万年青·卓金计划,5,年缴,美金,30000,234000,234000,150000,0,NONPI,59%,45817,45821,45824,45838,,JH6936,余迪慷
U000057,611203381,生效,众和恒富理财集团有限公司,KA业务,合伙转介业务,同行机构转介,雨泽,雨泽,白博文,香港永明金融有限公司,储蓄,万年青星河尊享计划,5,年缴,美金,10000,78000,78000,,0,NONPI,,45817,45821,45824,45846,,JJ4989,罗雨竹
J000773,601994551,生效,九富保险服务有限公司,代理人业务,天领业务,天领贴牌,广西贴牌,广西锐领,张曼芝,香港永明金融有限公司,储蓄,万年青星河尊享计划,5,预缴,美金,20000,156000,156000,,0,NONPI,,45817,45827,45828,45835,,JJ3840,温海伦
D001550,611208286,生效,怡泰财富管理有限公司,经代业务,BK业务,银行网点,民生银行,,民生郑州,香港永明金融有限公司,储蓄,万年青·卓金计划,5,年缴,美金,30000,234000,234000,150000,0,NONPI,59%,45817,45821,45825,45847,,JF9727,杨荔茜
D001551,861001561,生效,怡泰财富管理有限公司,经代业务,BK业务,银行网点,民生银行,,民生郑州,香港永明金融有限公司,人寿,卓裕人寿系列II-50,10,年缴,美金,8465,66027,66027,500000,0,NONPI,,45817,45821,45835,45846,,JF9727,杨荔茜
D001552,861001565,取消投保,怡泰财富管理有限公司,经代业务,BK业务,银行网点,民生银行,,民生郑州,香港永明金融有限公司,人寿,卓裕人寿系列II-50,10,年缴,美金,9435,73593,73593,500000,0,NONPI,,45817,45821,45835,45838,,JH6936,余迪慷
U000058,611203298,生效,众和恒富理财集团有限公司,KA业务,合伙转介业务,同行机构转介,宝了么,宝了么,滔元,香港永明金融有限公司,储蓄,万年青星河尊享计划,5,年缴,美金,3000,23400,23400,,0,NONPI,,45817,45818,45834,45840,,JH9602,余文茜
U000059,611203380,生效,众和恒富理财集团有限公司,KA业务,合伙转介业务,同行机构转介,兴泰家办,兴泰家办,兴泰家办,香港永明金融有限公司,储蓄,万年青星河尊享计划,5,年缴,美金,16000,124800,124800,,0,NONPI,,45817,45820,45824,45833,,JJ4989,罗雨竹
U000060,611208226,生效,众和恒富理财集团有限公司,KA业务,合伙转介业务,同行机构转介,椽澄管理,椽澄管理,椽澄管理,香港永明金融有限公司,储蓄,万年青星河传承计划,5,预缴,美金,50000,390000,390000,,0,NONPI,0.29885,45817,45827,45831,45838,,JJ1162,赖凯璇
J000774,601994541,生效,九富保险服务有限公司,代理人业务,天领业务,天领机构,天领重庆,Starry,周渝翔,香港永明金融有限公司,储蓄,万年青星河传承计划,5,预缴,美金,50000,390000,390000,,0,NONPI,申请保司折扣优惠,45817,45821,,45846,,JF7605,林思思
Y000045,8201087313,生效,盈富理财顾问有限公司,KA业务,ICLUB业务,异业机构转介,个人转介,理财师,傅箭,中国人寿保险（海外）股份有限公司（澳门）,储蓄,裕饶传承储蓄保险计划II,5,预缴,港币,10000000,10000000,10000000,50000000,1,NONPI,0.26,45818,45812,,45820,,,
Y000046,8201087616,生效,盈富理财顾问有限公司,KA业务,ICLUB业务,异业机构转介,个人转介,理财师,傅箭,中国人寿保险（海外）股份有限公司（澳门）,储蓄,裕饶传承储蓄保险计划II,5,预缴,港币,2000000,2000000,2000000,10000000,1,NONPI,0.26,45818,45813,,45824,,,
D001553,611208791,生效,怡泰财富管理有限公司,经代业务,BK业务,银行网点,民生银行,,民生杭州,香港永明金融有限公司,储蓄,万年青·卓金计划,5,年缴,美金,50000,390000,390000,250000,0,NONPI,59%,45818,45821,45825,45832,,JH9449,李思齐
L000107,92650875,生效,利泰丰财富管理有限公司,代理人业务,天领业务,天领机构,天领重庆,知予,张杰,万通保险国际有限公司,储蓄,富饶千秋储蓄计划,5,预缴,美金,20000,156000,156000,,0,NONPI,,45818,45821,45822,45832,,JJ5633,陈昊锴
D001554,611208288,生效,怡泰财富管理有限公司,经代业务,BK业务,银行网点,民生银行,,民生北京,香港永明金融有限公司,储蓄,万年青·卓金计划,5,年缴,美金,20000,156000,156000,100000,0,NONPI,20%,45818,45821,45824,45861,,JF9727,杨荔茜
D001556,611208289,生效,怡泰财富管理有限公司,经代业务,BK业务,银行网点,民生银行,,民生北京,香港永明金融有限公司,储蓄,万年青·卓金计划,5,年缴,美金,200000,1560000,1560000,1000000,0,NONPI,20%,45818,45835,45838,45848,,JF9727,杨荔茜
J000776,601994577,生效,九富保险服务有限公司,代理人业务,天领业务,天领机构,天领重庆,知予,王娜,香港永明金融有限公司,储蓄,万年青星河尊享计划,5,年缴,美金,30000,234000,234000,,0,NONPI,,45818,45821,45825,45827,,JF6047,林冠丞
D001558,611208271,生效,怡泰财富管理有限公司,KA业务,合伙转介业务,同行个人转介,个人转介,魏子璐,陈志锐,香港永明金融有限公司,储蓄,万年青星河尊享计划,5,预缴,美金,5000,39000,39000,,0,NONPI,,45818,45829,45831,45848,,JF7523,吕静文
D001559,505-9606524,生效,怡泰财富管理有限公司,KA业务,合伙转介业务,同行个人转介,个人转介,魏子璐,陈志锐,香港安盛保险有限公司,储蓄,盛利储蓄计划,2,预缴,美金,10000.07,78000.546,78000.546,,0,NONPI,,45818,45829,45831,45876,,JF7523,吕静文
D001560,8123123388,生效,怡泰财富管理有限公司,KA业务,合伙转介业务,同行机构转介,宝了么,宝了么,赵远波,中国人寿保险（海外）股份有限公司（香港）,储蓄,傲珑创富储蓄保险计划,2,年缴,美金,250000,1950000,1950000,,0,NONPI,,45819,45825,45825,45842,,JH6936,余迪慷
D001561,611208775,生效,怡泰财富管理有限公司,代理人业务,成事家办,IYB分公司,杨帆,,杨帆,香港永明金融有限公司,储蓄,万年青星河尊享计划,5,年缴,美金,10000,78000,78000,,0,NONPI,,45819,45826,45836,45855,,JH6936,余迪慷
D001563,611203383,生效,怡泰财富管理有限公司,KA业务,ICLUB业务,异业机构转介,新风,机构,新风,香港永明金融有限公司,储蓄,万年青星河尊享计划,5,年缴,美金,10000,78000,78000,,0,NONPI,,45819,45837,45840,45848,,JF2281,赖晔敏
D001564,611208821,生效,怡泰财富管理有限公司,KA业务,ICLUB业务,异业机构转介,新风,机构,新风,香港永明金融有限公司,储蓄,万年青星河尊享计划,5,年缴,美金,30000,234000,234000,,0,NONPI,,45819,45836,45838,45845,,JH6936,余迪慷
U000062,611208300,生效,众和恒富理财集团有限公司,KA业务,ICLUB业务,异业机构转介,个人转介,理财师,高瑶,香港永明金融有限公司,储蓄,万年青星河尊享计划,5,年缴,美金,30000,234000,234000,,0,NONPI,,45819,45834,45828,45846,,JJ4989,罗雨竹
D001566,861001563,生效,怡泰财富管理有限公司,经代业务,BK业务,银行网点,民生银行,,民生郑州,香港永明金融有限公司,人寿,卓裕人寿系列II-50,10,年缴,美金,10060,78468,78468,500000,0,NONPI,,45819,45821,45835,45838,,JF9727,杨荔茜
D001567,611208237,生效,怡泰财富管理有限公司,代理人业务,成事家办,IYB分公司,杨璐熙,,杨璐熙,香港永明金融有限公司,储蓄,万年青星河传承计划,2,预缴,美金,20000,156000,156000,,0,NONPI,,45819,45821,45822,45825,,JF7523,吕静文
D001568,611194457,生效,怡泰财富管理有限公司,经代业务,BK业务,银行网点,民生银行,梁驹,民生香港,香港永明金融有限公司,储蓄,万年青·卓金计划,5,年缴,美金,50000,390000,390000,250000,0,NONPI,59%,45819,45819,45841,45869,,JH9449,李思齐
D001569,611194454,生效,怡泰财富管理有限公司,经代业务,BK业务,银行网点,民生银行,梁驹,民生香港,香港永明金融有限公司,储蓄,万年青·卓金计划,5,年缴,美金,50000,390000,390000,250000,0,NONPI,59%,45819,45819,45826,45869,,JH9449,李思齐
J000778,601994555,生效,九富保险服务有限公司,KA业务,合伙转介业务,同行机构转介,德约,广西子公司,刘立胜,香港永明金融有限公司,储蓄,万年青星河尊享计划,5,预缴,美金,200000,1560000,1560000,,0,NONPI,,45819,45820,45820,45883,,JF6047,林冠丞
U000063,611203326,生效,众和恒富理财集团有限公司,KA业务,合伙转介业务,同行机构转介,宝了么,宝了么,余丽华,香港永明金融有限公司,储蓄,万年青星河尊享计划,5,年缴,美金,50000,390000,390000,,0,NONPI,,45819,45822,45825,45838,,JH9602,余文茜
U000064,611203325,生效,众和恒富理财集团有限公司,KA业务,合伙转介业务,同行机构转介,宝了么,宝了么,余丽华,香港永明金融有限公司,储蓄,万年青星河尊享计划,5,年缴,美金,50000,390000,390000,,0,NONPI,,45819,45822,45825,45838,,JH9602,余文茜
U000065,611208519,退保,众和恒富理财集团有限公司,KA业务,合伙转介业务,同行机构转介,宝了么,宝了么,董吉鹏 ,香港永明金融有限公司,储蓄,万年青星河尊享计划,5,年缴,人民币,100000,114000,114000,,0,NONPI,,45819,45833,45835,45862,,JH9602,余文茜
D001571,3808649010,生效,怡泰财富管理有限公司,KA业务,合伙转介业务,同行机构转介,椽澄管理,椽澄管理,椽澄管理,宏利人寿保险（国际）有限公司,储蓄,宏挚传承保障计划,5,年缴,美金,50000,390000,390000,,0,NONPI,,45819,45827,45827,45841,,JF2281,赖晔敏
D001574,611208792,生效,怡泰财富管理有限公司,经代业务,BK业务,银行网点,民生银行,,民生南京,香港永明金融有限公司,储蓄,万年青·卓金计划,5,年缴,美金,50000,390000,390000,250000,0,NONPI,59%,45819,45821,45825,45831,,JH9449,李思齐
D001575,505-9581792,生效,怡泰财富管理有限公司,代理人业务,天领业务,天领机构,天领重庆,鼎汇,刘华琼,香港安盛保险有限公司,储蓄,盛利储蓄计划,2,预缴,美金,30000.23,234001.794,234001.794,,0,NONPI,,45819,45820,45821,45847,,JF2281,赖晔敏
D001576,505-9610229,生效,怡泰财富管理有限公司,代理人业务,天领业务,天领机构,天领成都,致合,余镜屹,香港安盛保险有限公司,储蓄,盛利储蓄计划,2,预缴,美金,24999.83,194998.674,194998.674,,0,NONPI,,45819,45831,45833,45861,,JF7523,吕静文
D001577,611208281,生效,怡泰财富管理有限公司,KA业务,合伙转介业务,异业机构转介,明德长青,明德长青,明德长青,香港永明金融有限公司,储蓄,万年青星河尊享计划,5,年缴,美金,50000,390000,390000,,0,NONPI,,45819,45824,45825,45835,,JF7523,吕静文
D001579,611208777,生效,怡泰财富管理有限公司,经代业务,BK业务,银行网点,民生银行,,民生合肥,香港永明金融有限公司,储蓄,万年青·卓金计划,5,年缴,美金,100000,780000,780000,500000,0,NONPI,20%,45820,45824,45824,45834,,JH6936,余迪慷
D001580,611195672,生效,怡泰财富管理有限公司,KA业务,合伙转介业务,同行个人转介,个人转介,总部职能,陈也非,香港永明金融有限公司,储蓄,万年青·卓金计划,5,年缴,美金,10000,78000,78000,50000,0,NONPI,59%,45820,45836,45840,45852,,JF9727,杨荔茜
D001581,611195701,生效,怡泰财富管理有限公司,经代业务,BK业务,银行网点,民生银行,,民生上海,香港永明金融有限公司,储蓄,万年青·卓金计划,5,年缴,美金,60000,468000,468000,400000,0,NONPI,20%,45820,45824,45825,45828,,JF9727,杨荔茜
U000066,611208233,生效,众和恒富理财集团有限公司,KA业务,ICLUB业务,异业机构转介,个人转介,理财师,虞斌,香港永明金融有限公司,储蓄,万年青星河尊享计划,5,预缴,美金,30000,234000,234000,,0,NONPI,,45820,45827,45828,45842,,JJ1162,赖凯璇
U000067,611208280,退保,众和恒富理财集团有限公司,KA业务,ICLUB业务,异业机构转介,个人转介,理财师,吕洋,香港永明金融有限公司,储蓄,万年青星河尊享计划,5,预缴,美金,80000,624000,624000,,0,NONPI,,45820,45824,45827,45847,,JJ4989,罗雨竹
D001582,8123142677,生效,怡泰财富管理有限公司,代理人业务,天领业务,天领机构,天领重庆,鼎汇,廖芩,中国人寿保险（海外）股份有限公司（香港）,储蓄,傲珑创富储蓄保险计划,2,年缴,美金,15000,117000,117000,,0,NONPI,,45820,45832,45832,45835,,JF2281,赖晔敏
D001583,611208793,生效,怡泰财富管理有限公司,经代业务,BK业务,银行网点,民生银行,,民生上海,香港永明金融有限公司,储蓄,万年青·卓金计划,5,年缴,美金,10000,78000,78000,50000,0,NONPI,59%,45820,45833,45838,45846,,JH9449,李思齐
D001585,611208768,生效,怡泰财富管理有限公司,经代业务,同行经代,持牌资管,松石保险,Pinerock,松石保险,香港永明金融有限公司,储蓄,万年青星河传承计划,5,年缴,美金,60000,468000,468000,,0,NONPI,,45820,45828,45834,45838,Mark,JH6936,余迪慷
U000069,611208301,生效,众和恒富理财集团有限公司,KA业务,ICLUB业务,异业机构转介,个人转介,理财师,高瑶,香港永明金融有限公司,储蓄,万年青星河尊享计划,5,预缴,美金,10000,78000,78000,,0,NONPI,,45820,45834,45831,45855,,JJ4989,罗雨竹
D001586,611216891,生效,怡泰财富管理有限公司,经代业务,BK业务,银行网点,平安银行,高洋洋,平安香港,香港永明金融有限公司,储蓄,万年青·卓金计划,5,预缴,美金,200000,1560000,1560000,1000000,0,NONPI,20%,45820,45820,45828,45833,,JH9449,李思齐
D001587,611208771,生效,怡泰财富管理有限公司,代理人业务,成事家办,IYB分公司,杨洪美,,杨洪美,香港永明金融有限公司,储蓄,万年青星河尊享计划,5,年缴,美金,30000,234000,234000,,0,NONPI,,45821,45828,45836,45855,,JH6936,余迪慷
D001588,611208772,生效,怡泰财富管理有限公司,代理人业务,成事家办,IYB分公司,杨洪美,,杨洪美,香港永明金融有限公司,储蓄,万年青星河尊享计划,5,年缴,美金,40000,312000,312000,,0,NONPI,,45821,45828,45836,45853,,JH6936,余迪慷
D001589,611208263,生效,怡泰财富管理有限公司,代理人业务,成事家办,IYB分公司,杨洪美,,杨洪美,香港永明金融有限公司,储蓄,万年青星河尊享计划,5,年缴,美金,10000,78000,78000,,0,NONPI,,45821,45827,45828,45848,,JF7523,吕静文
J000781,602068617,生效,九富保险服务有限公司,代理人业务,天领业务,天领机构,天领重庆,知予,袁文静,香港永明金融有限公司,储蓄,万年青星河尊享计划,5,年缴,美金,15000,117000,117000,,0,NONPI,,45821,45827,,45835,,JJ8674,许家乐
J000782,9.00007E+11,生效,九富保险服务有限公司,KA业务,合伙转介业务,同行机构转介,宏骏财富,袁骏伟,李盈,周大福人寿保险有限公司,储蓄,匠心传承储蓄寿险计划2（尊尚版）,5,年缴,美金,20000.03,156000.234,156000.234,,0,NONPI,,45821,45824,45826,45854,,JF6047,林冠丞
J000783,9.00007E+11,生效,九富保险服务有限公司,KA业务,合伙转介业务,同行机构转介,宏骏财富,袁骏伟,李盈,周大福人寿保险有限公司,储蓄,匠心传承储蓄寿险计划2（尊尚版）,5,年缴,美金,15000.11,117000.858,117000.858,,0,NONPI,,45821,45824,45826,45847,,JF6047,林冠丞
J000784,9.00007E+11,生效,九富保险服务有限公司,KA业务,合伙转介业务,同行机构转介,宝了么,宝了么,郑杨,周大福人寿保险有限公司,储蓄,匠心传承储蓄寿险计划2（尊尚版）,2,预缴,美金,150000.41,1170003.198,1170003.198,,0,NONPI,,45821,45824,45826,45832,,JF7605,林思思
D001590,8123153095,生效,怡泰财富管理有限公司,代理人业务,天领业务,天领机构,天领重庆,鼎汇,卢诗敔,中国人寿保险（海外）股份有限公司（香港）,储蓄,傲珑创富储蓄保险计划,2,年缴,美金,14000,109200,109200,,0,NONPI,,45821,45834,45834,45932,,JF2281,赖晔敏
D001591,611195605,生效,怡泰财富管理有限公司,代理人业务,成事家办,IYB分公司,杨璐熙,,杨璐熙,香港永明金融有限公司,储蓄,万年青星河尊享计划,5,预缴,美金,5000,39000,39000,,0,NONPI,,45821,45825,45825,45834,,JF2281,赖晔敏
D001592,611195606,生效,怡泰财富管理有限公司,KA业务,ICLUB业务,异业机构转介,新风,机构,新风,香港永明金融有限公司,储蓄,万年青星河尊享计划,5,年缴,美金,50000,390000,390000,,0,NONPI,,45821,45826,,45838,,JF2281,赖晔敏
D001593,611208788,生效,怡泰财富管理有限公司,KA业务,ICLUB业务,异业机构转介,新风,机构,新风,香港永明金融有限公司,储蓄,万年青星河尊享计划,5,预缴,美金,100000,780000,780000,,0,NONPI,,45821,45831,45832,45835,,JH6936,余迪慷
D001594,611195670,生效,怡泰财富管理有限公司,代理人业务,成事家办,IYB分公司,杨璐熙,,杨璐熙,香港永明金融有限公司,储蓄,万年青星河尊享计划,5,年缴,美金,10000,78000,78000,,0,NONPI,,45821,45832,45835,45848,,JF9727,杨荔茜
D001595,611195702,生效,怡泰财富管理有限公司,经代业务,BK业务,银行网点,民生银行,,民生合肥,香港永明金融有限公司,储蓄,万年青·卓金计划,5,年缴,美金,100000,780000,780000,500000,0,NONPI,20%,45821,45825,45826,45834,,JF9727,杨荔茜
D001596,611208786,生效,怡泰财富管理有限公司,经代业务,同行经代,持牌资管,松石保险,Pinerock,松石保险,香港永明金融有限公司,储蓄,万年青星河尊享计划,5,年缴,美金,30000,234000,234000,,0,NONPI,,45821,45831,45836,45845,Mark,JH6936,余迪慷
D001597,611208785,生效,怡泰财富管理有限公司,经代业务,同行经代,持牌资管,松石保险,Pinerock,松石保险,香港永明金融有限公司,储蓄,万年青星河尊享计划,5,年缴,美金,30000,234000,234000,,0,NONPI,,45821,45831,45838,45845,Mark,JH6936,余迪慷
U000071,611208299,生效,众和恒富理财集团有限公司,KA业务,合伙转介业务,同行机构转介,雨泽,雨泽,白博文,香港永明金融有限公司,储蓄,万年青星河尊享计划,5,预缴,美金,16000,124800,124800,,0,NONPI,,45821,45829,45838,45846,,JJ4989,罗雨竹
U000072,611208293,生效,众和恒富理财集团有限公司,KA业务,合伙转介业务,同行机构转介,宝了么,宝了么,陈相宜,香港永明金融有限公司,储蓄,万年青星河尊享计划,5,年缴,美金,100000,780000,780000,,0,NONPI,20%,45821,45828,45835,45842,,JH9602,余文茜
D001598,611208251,生效,怡泰财富管理有限公司,经代业务,同行经代,持牌资管,松石保险,Pinerock,松石保险,香港永明金融有限公司,储蓄,万年青星河尊享计划,5,年缴,美金,20000,156000,156000,,0,NONPI,,45821,45834,45835,45848,Mark,JF7523,吕静文
U000073,611208336,生效,众和恒富理财集团有限公司,KA业务,合伙转介业务,同行机构转介,兴泰家办,兴泰家办,兴泰家办,香港永明金融有限公司,储蓄,万年青星河传承计划,5,预缴,美金,50000,390000,390000,,0,NONPI,0.29885,45821,45831,45832,45860,,JJ1162,赖凯璇
D001599,505-9613520,生效,怡泰财富管理有限公司,代理人业务,天领业务,天领机构,天领重庆,StellarNest,兰子薇,香港安盛保险有限公司,储蓄,盛利储蓄计划,2,年缴,美金,15000.11,117000.858,117000.858,,0,NONPI,,45821,45835,45837,45856,,JH6936,余迪慷
D001600,611208268,生效,怡泰财富管理有限公司,代理人业务,成事家办,IYB分公司,刘微,,刘微,香港永明金融有限公司,储蓄,万年青星河尊享计划,5,预缴,美金,50000,390000,390000,,0,NONPI,,45821,45826,45827,45846,,JF7523,吕静文
D001601,611208668,生效,怡泰财富管理有限公司,代理人业务,成事家办,IYB分公司,刘微,,刘微,香港永明金融有限公司,储蓄,万年青星河传承计划,5,预缴,美金,50000,390000,390000,,0,NONPI,,45821,45826,45827,45846,,JF2281,赖晔敏
U000074,611208335,生效,众和恒富理财集团有限公司,KA业务,合伙转介业务,同行机构转介,雨泽,雨泽,白博文,香港永明金融有限公司,储蓄,万年青星河传承计划,5,年缴,美金,20000,156000,156000,,0,NONPI,,45821,45831,45835,45862,,JJ1162,赖凯璇
Y000047,8201090575,生效,盈富理财顾问有限公司,KA业务,ICLUB业务,异业机构转介,个人转介,理财师,傅箭,中国人寿保险（海外）股份有限公司（澳门）,储蓄,裕饶传承储蓄保险计划II,5,预缴,港币,10000000,10000000,10000000,50000000,1,NONPI,0.26,45821,45821,,45827,,,
Y000048,8201090586,生效,盈富理财顾问有限公司,KA业务,ICLUB业务,异业机构转介,个人转介,理财师,傅箭,中国人寿保险（海外）股份有限公司（澳门）,储蓄,裕饶传承储蓄保险计划II,5,预缴,港币,2000000,2000000,2000000,10000000,1,NONPI,0.26,45821,45821,,45828,,,
U000075,611208294,生效,众和恒富理财集团有限公司,KA业务,合伙转介业务,同行机构转介,宝了么,宝了么,董吉鹏 ,香港永明金融有限公司,储蓄,万年青星河尊享计划,5,年缴,人民币,100000,114000,114000,,0,NONPI,,45821,45833,45835,45853,,JJ4989,罗雨竹
U000076,611195653,生效,众和恒富理财集团有限公司,KA业务,合伙转介业务,同行机构转介,雨泽,雨泽,白博文,香港永明金融有限公司,储蓄,万年青星河尊享计划,5,年缴,美金,50000,390000,390000,,0,NONPI,10%,45821,45835,45837,45854,,JJ1162,赖凯璇
FF000071,1.0003E+11,生效,富强天一财富管理有限公司,KA业务,合伙转介业务,持牌转介,总部职能,总部职能,蔡晓丽,立桥人寿保险有限公司,储蓄,智选储蓄保（20年保障期）,20,整付,美金,40000,312000,31200,,0,NONPI,,45821,45822,45822,45860,,JF2281,赖晔敏
D001605,611208868,生效,怡泰财富管理有限公司,经代业务,BK业务,银行网点,民生银行,,民生温州,香港永明金融有限公司,储蓄,万年青·卓金计划,5,年缴,美金,200000,1560000,1560000,1000000,0,NONPI,20%,45824,45827,45828,45847,,JF9727,杨荔茜
D001606,611208669,生效,怡泰财富管理有限公司,KA业务,ICLUB业务,异业机构转介,新风,机构,新风,香港永明金融有限公司,储蓄,万年青星河尊享计划,5,预缴,美金,300000,2340000,2340000,,0,NONPI,,45822,45831,45833,45835,,JF2281,赖晔敏
D001607,505-9608892,生效,怡泰财富管理有限公司,KA业务,ICLUB业务,异业机构转介,个人转介,理财师,张锐,香港安盛保险有限公司,储蓄,盛利储蓄计划,2,预缴,美金,30000.23,234001.794,234001.794,,0,NONPI,,45824,45827,45828,45856,,JF7523,吕静文
D001608,611195607,生效,怡泰财富管理有限公司,KA业务,ICLUB业务,异业机构转介,新风,机构,新风,香港永明金融有限公司,重疾,万家康卓越保,15,年缴,美金,4134.9,32252.22,32252.22,210000,0,NONPI,,45826,45826,,45848,,JF2281,赖晔敏
D001609,611208238,生效,怡泰财富管理有限公司,经代业务,同行经代,持牌资管,松石保险,Pinerock,松石保险,香港永明金融有限公司,储蓄,万年青星河尊享计划,5,年缴,美金,12000,93600,93600,,0,NONPI,,45824,45830,45831,45840,Mark,JF7523,吕静文
D001610,8123146428,生效,怡泰财富管理有限公司,KA业务,合伙转介业务,同行机构转介,宝了么,宝了么,孔森,中国人寿保险（海外）股份有限公司（香港）,储蓄,傲珑创富储蓄保险计划,2,预缴,美金,150000,1170000,1170000,,0,NONPI,0.15,45824,45832,45832,45881,,JF7523,吕静文
D001611,8123131135,生效,怡泰财富管理有限公司,代理人业务,天领业务,天领贴牌,武汉贴牌,武汉泽星,陈青,中国人寿保险（海外）股份有限公司（香港）,储蓄,傲珑创富储蓄保险计划,2,年缴,美金,100000,780000,780000,,0,NONPI,,45824,45827,45827,45834,,JH6936,余迪慷
J000785,601994552,生效,九富保险服务有限公司,代理人业务,天领业务,天领贴牌,广西贴牌,广西锐领,蹇易真,香港永明金融有限公司,储蓄,万年青星河尊享计划,5,年缴,美金,30000,234000,234000,,0,NONPI,,45824,45827,45828,45838,,JJ3840,温海伦
D001613,505-9596311,生效,怡泰财富管理有限公司,KA业务,合伙转介业务,同行个人转介,个人转介,魏子璐,陈志锐,香港安盛保险有限公司,储蓄,盛利储蓄计划,2,预缴,美金,10000.07,78000.546,78000.546,,0,NONPI,,45824,45825,45826,45861,,JF7523,吕静文
J000786,602068613,生效,九富保险服务有限公司,代理人业务,天领业务,天领机构,天领重庆,聚忻,王惠琴,香港永明金融有限公司,储蓄,万年青星河尊享计划,5,预缴,美金,10000,78000,78000,,0,NONPI,,45824,45824,45825,45835,,JJ8674,许家乐
L000108,92641583,生效,利泰丰财富管理有限公司,代理人业务,天领业务,天领机构,天领重庆,StellarNest,兰子薇,万通保险国际有限公司,储蓄,富饶千秋储蓄计划,5,年缴,美金,20000,156000,156000,,0,NONPI,,45824,45832,45833,45884,,JJ5633,陈昊锴
D001614,611195683,生效,怡泰财富管理有限公司,代理人业务,成事家办,IYB分公司,杨璐熙,,杨璐熙,香港永明金融有限公司,储蓄,万年青星河传承计划,5,年缴,美金,20000,156000,156000,,0,NONPI,,45825,45832,45835,45841,,JF9727,杨荔茜
D001616,611208256,生效,怡泰财富管理有限公司,代理人业务,成事家办,IYB分公司,丁洁,,丁洁,香港永明金融有限公司,储蓄,万年青星河传承计划,5,年缴,美金,10000,78000,78000,,0,NONPI,,45824,45831,45831,45848,,JF7523,吕静文
D001617,611208794,生效,怡泰财富管理有限公司,经代业务,BK业务,银行网点,民生银行,,民生温州,香港永明金融有限公司,储蓄,万年青·卓金计划,5,预缴,美金,30000,234000,234000,150000,0,NONPI,59%,45824,45827,45828,45849,,JH9449,李思齐
U000078,611208228,生效,众和恒富理财集团有限公司,KA业务,合伙转介业务,同行机构转介,雨泽,雨泽,白博文,香港永明金融有限公司,储蓄,万年青星河尊享计划,5,预缴,美金,50000,390000,390000,,0,NONPI,,45824,45826,45827,45835,,JJ1162,赖凯璇
U000079,611208295,生效,众和恒富理财集团有限公司,KA业务,合伙转介业务,同行机构转介,宝了么,宝了么,王锐,香港永明金融有限公司,储蓄,万年青星河尊享计划,5,年缴,美金,50000,390000,390000,,0,NONPI,,45824,45828,45835,45842,,JH9602,余文茜
U000080,611208242,生效,众和恒富理财集团有限公司,KA业务,合伙转介业务,同行机构转介,宝了么,宝了么,意诚科技,香港永明金融有限公司,储蓄,万年青星河尊享计划,5,预缴,美金,20000,156000,156000,,0,NONPI,,45824,45826,45827,45833,,JJ4989,罗雨竹
U000081,611208291,生效,众和恒富理财集团有限公司,KA业务,合伙转介业务,同行机构转介,宝了么,宝了么,赵瑞,香港永明金融有限公司,储蓄,万年青星河尊享计划,5,年缴,美金,150000,1170000,1170000,,0,NONPI,20%,45824,45826,45827,45842,,JH9602,余文茜
U000082,611208296,生效,众和恒富理财集团有限公司,KA业务,合伙转介业务,同行机构转介,宝了么,宝了么,意诚科技,香港永明金融有限公司,储蓄,万年青星河尊享计划,5,年缴,美金,10000,78000,78000,,0,NONPI,,45824,45829,45831,45833,,JJ4989,罗雨竹
FF000072,1.00031E+11,生效,富强天一财富管理有限公司,代理人业务,天领业务,天领机构,天领重庆,StellarNest,兰子薇,立桥人寿保险有限公司,储蓄,智选储蓄保（20年保障期）,20,整付,美金,29437,229608.6,22960.86,,0,NONPI,,45822,45835,45835,45860,,JF2281,赖晔敏
J000787,601994580,生效,九富保险服务有限公司,代理人业务,天领业务,天领机构,天领重庆,Starry,肖瑶,香港永明金融有限公司,储蓄,万年青星河传承计划,5,预缴,美金,200000,1560000,1560000,,0,NONPI,申请保司折扣优惠,45824,45826,,45848,,JF6047,林冠丞
J000788,601994581,生效,九富保险服务有限公司,代理人业务,天领业务,天领机构,天领重庆,Starry,肖瑶,香港永明金融有限公司,储蓄,万年青星河传承计划,5,预缴,美金,200000,1560000,1560000,,0,NONPI,申请保司折扣优惠,45824,45826,,45838,,JF6047,林冠丞
D001618,611195666,生效,怡泰财富管理有限公司,经代业务,BK业务,银行网点,民生银行,,民生重庆,香港永明金融有限公司,储蓄,万年青·卓金计划,5,年缴,美金,200000,1560000,1560000,1000000,0,NONPI,20%,45824,45827,45828,45835,,JF9727,杨荔茜
D001619,611195698,生效,怡泰财富管理有限公司,经代业务,BK业务,银行网点,民生银行,,民生北京,香港永明金融有限公司,储蓄,万年青·卓金计划,5,年缴,美金,50000,390000,390000,250000,0,NONPI,20%,45824,45833,45835,45846,,JF9727,杨荔茜
FF000075,1.0003E+11,生效,富强天一财富管理有限公司,代理人业务,天领业务,天领机构,天领重庆,StellarNest,兰子薇,立桥人寿保险有限公司,储蓄,智选储蓄保（20年保障期）,20,整付,美金,63158,492632.4,49263.24,,0,NONPI,,45824,45832,45832,45870,,JF2281,赖晔敏
U000083,611208278,生效,众和恒富理财集团有限公司,KA业务,ICLUB业务,异业机构转介,个人转介,理财师,张晓云,香港永明金融有限公司,储蓄,万年青星河传承计划,5,预缴,美金,20000,156000,156000,,0,NONPI,,45824,45825,45826,45835,,JJ4989,罗雨竹
D001621,611208773,生效,怡泰财富管理有限公司,代理人业务,成事家办,IYB分公司,刘微,,刘微,香港永明金融有限公司,储蓄,万年青星河尊享计划,2,预缴,美金,50000,390000,390000,,0,NONPI,,45824,45826,45827,45828,,JH6936,余迪慷
D001622,611208265,生效,怡泰财富管理有限公司,代理人业务,成事家办,IYB分公司,杨帆,,杨帆,香港永明金融有限公司,储蓄,万年青星河尊享计划,5,年缴,美金,50000,390000,390000,,0,NONPI,,45824,45831,45840,45849,,JF7523,吕静文
D001623,8123128020,生效,怡泰财富管理有限公司,代理人业务,天领业务,天领机构,天领重庆,聚忻,张俊,中国人寿保险（海外）股份有限公司（香港）,储蓄,傲珑创富储蓄保险计划,2,年缴,美金,75000,585000,585000,,0,NONPI,,45824,45827,45828,45854,,JF2281,赖晔敏
J000789,602068652,生效,九富保险服务有限公司,代理人业务,天领业务,天领机构,天领重庆,鼎汇,卢诗敔,香港永明金融有限公司,重疾,万家康尊尚保,20,年缴,美金,2132.9,16636.62,16636.62,,0,NONPI,,45824,45833,45842,45868,,JF6047,林冠丞
U000085,611208279,生效,众和恒富理财集团有限公司,KA业务,合伙转介业务,同行机构转介,宝了么,宝了么,牛大志,香港永明金融有限公司,储蓄,万年青星河尊享计划,5,年缴,美金,30000,234000,234000,,0,NONPI,,45820,45825,45826,45834,,JJ4989,罗雨竹
D001624,92794637,生效,怡泰财富管理有限公司,代理人业务,天领业务,天领机构,天领重庆,StellarNest,兰子薇,万通保险国际有限公司,储蓄,富饶千秋储蓄计划,2,预缴,美金,35000,273000,273000,,0,NONPI,,45824,45830,45831,45859,,JF7523,吕静文
D001625,611208796,生效,怡泰财富管理有限公司,经代业务,BK业务,银行网点,民生银行,,民生合肥,香港永明金融有限公司,储蓄,万年青·卓金计划,2,年缴,美金,100000,780000,780000,200000,0,NONPI,20%,45825,45831,45833,45847,,JH9449,李思齐
D001627,8123135448,生效,怡泰财富管理有限公司,代理人业务,成事家办,IYB分公司,杨帆,,杨帆,中国人寿保险（海外）股份有限公司（香港）,储蓄,傲珑创富储蓄保险计划,2,年缴,美金,40000,312000,312000,,0,NONPI,,45825,45829,45829,45834,,JF7523,吕静文
D001628,505-9606540,生效,怡泰财富管理有限公司,代理人业务,成事家办,IYB分公司,杨帆,,杨帆,香港安盛保险有限公司,储蓄,盛利储蓄计划,2,预缴,美金,40000.3,312002.34,312002.34,,0,NONPI,,45825,45829,45831,45889,,JF7523,吕静文
J000790,602068648,生效,九富保险服务有限公司,代理人业务,天领业务,天领机构,天领重庆,知予,张杰,香港永明金融有限公司,储蓄,万年青星河尊享计划,5,年缴,美金,5000,39000,39000,,0,NONPI,,45825,45828,45831,45840,,JF7605,林思思
U000089,611208338,生效,众和恒富理财集团有限公司,KA业务,合伙转介业务,同行机构转介,雨泽,雨泽,白博文,香港永明金融有限公司,储蓄,万年青星河尊享计划,5,预缴,美金,50000,390000,390000,,0,NONPI,10%,45825,45829,45832,45847,,JJ1162,赖凯璇
D001629,8123131708,生效,怡泰财富管理有限公司,KA业务,合伙转介业务,同行机构转介,宝了么,宝了么,七只小鹿,中国人寿保险（海外）股份有限公司（香港）,储蓄,傲珑创富储蓄保险计划,2,预缴,美金,75000,585000,585000,,0,NONPI,0.13,45825,45828,45828,45861,,JF7523,吕静文
D001631,611208246,生效,怡泰财富管理有限公司,代理人业务,成事家办,IYB分公司,杨璐熙,,杨璐熙,香港永明金融有限公司,储蓄,万年青星河尊享计划,5,年缴,美金,10000,78000,78000,,0,NONPI,,45825,45833,45834,45842,,JF7523,吕静文
D001633,611195608,生效,怡泰财富管理有限公司,代理人业务,成事家办,IYB分公司,杨璐熙,,杨璐熙,香港永明金融有限公司,储蓄,万年青星河传承计划,5,年缴,美金,15000,117000,117000,,0,NONPI,,45825,45829,45831,45835,,JF2281,赖晔敏
L000110,92796223,生效,利泰丰财富管理有限公司,代理人业务,天领业务,天领机构,天领重庆,鼎汇,邹文佳,万通保险国际有限公司,储蓄,富饶千秋储蓄计划,2,预缴,美金,37500,292500,292500,,0,NONPI,,45825,45831,45831,45838,,JJ5633,陈昊锴
U000091,611208235,生效,众和恒富理财集团有限公司,KA业务,合伙转介业务,同行机构转介,兴泰家办,兴泰家办,兴泰家办,香港永明金融有限公司,储蓄,万年青星河传承计划,5,预缴,美金,10000,78000,78000,,0,NONPI,,45825,45834,45835,45867,,JH9602,余文茜
J000791,602068626,生效,九富保险服务有限公司,代理人业务,天领业务,天领机构,天领重庆,StellarNest,李真,香港永明金融有限公司,储蓄,万年青星河传承计划,5,预缴,美金,75000,585000,585000,,0,NONPI,申请保司折扣优惠,45825,45832,45833,45838,,JJ8674,许家乐
U000093,611208308,生效,众和恒富理财集团有限公司,KA业务,ICLUB业务,异业机构转介,个人转介,理财师,黄峰,香港永明金融有限公司,储蓄,万年青星河传承计划,5,年缴,美金,50000,390000,390000,,0,NONPI,,45825,45831,45836,45852,,JJ4989,罗雨竹
U000094,611195542,生效,众和恒富理财集团有限公司,KA业务,ICLUB业务,异业机构转介,银科,机构,银科,香港永明金融有限公司,储蓄,万年青星河传承计划,5,预缴,美金,7000,54600,54600,,0,NONPI,,45825,45831,45836,45852,,JJ4989,罗雨竹
U000095,611208225,生效,众和恒富理财集团有限公司,KA业务,合伙转介业务,异业机构转介,荻邦咨询,张兰团队,张兰,香港永明金融有限公司,储蓄,万年青星河传承计划,5,年缴,美金,50000,390000,390000,,0,NONPI,,45826,45828,45832,45862,,JJ1162,赖凯璇
D001636,611208814,生效,怡泰财富管理有限公司,经代业务,BK业务,银行网点,民生银行,,民生广州,香港永明金融有限公司,储蓄,万年青·卓金计划,5,年缴,美金,30000,234000,234000,150000,0,NONPI,59%,45826,45828,45831,45846,,JH9449,李思齐
J000792,601994582,生效,九富保险服务有限公司,代理人业务,天领业务,天领机构,天领重庆,知予,王娜,香港永明金融有限公司,储蓄,万年青星河传承计划,5,年缴,美金,50000,390000,390000,,0,NONPI,申请保司折扣优惠,45826,45827,,45835,,JF6047,林冠丞
L000111,92809945,生效,利泰丰财富管理有限公司,代理人业务,天领业务,天领机构,天领重庆,鼎汇,周蕊,万通保险国际有限公司,储蓄,富饶千秋储蓄计划,5,年缴,美金,4200,32760,32760,,0,NONPI,,45826,45835,45837,45852,,JJ5633,陈昊锴
L000112,92817045,生效,利泰丰财富管理有限公司,代理人业务,天领业务,天领机构,天领重庆,鼎汇,周蕊,万通保险国际有限公司,储蓄,富饶千秋储蓄计划,5,年缴,美金,5000,39000,39000,,0,NONPI,,45826,45835,45837,45898,,JJ5633,陈昊锴
FF000076,51079805,生效,富强天一财富管理有限公司,KA业务,合伙转介业务,同行个人转介,个人转介,,张曦Cissy,富卫人寿保险（百慕大）有限公司,储蓄,智优盛储蓄保险计划2,2,预缴,美金,50000.02,390000.156,390000.156,,0,NONPI,,45826,45832,45834,45866,,JF2281,赖晔敏
D001637,611203385,生效,怡泰财富管理有限公司,代理人业务,成事家办,IYB分公司,杨帆,,杨帆,香港永明金融有限公司,储蓄,万年青星河传承计划,5,年缴,美金,15000,117000,117000,,0,NONPI,,45826,45829,45831,45835,,JF2281,赖晔敏
D001638,611195671,生效,怡泰财富管理有限公司,代理人业务,成事家办,IYB分公司,杨璐熙,,杨璐熙,香港永明金融有限公司,储蓄,万年青星河尊享计划,5,年缴,美金,10000,78000,78000,,0,NONPI,,45826,45834,45835,45845,,JF9727,杨荔茜
D001639,611195699,生效,怡泰财富管理有限公司,经代业务,BK业务,银行网点,民生银行,,民生南京,香港永明金融有限公司,储蓄,万年青·卓金计划,5,年缴,美金,50000,390000,390000,250000,0,NONPI,20%,45826,45833,45835,45852,,JF9727,杨荔茜
U000098,611195554,退保,众和恒富理财集团有限公司,KA业务,合伙转介业务,同行机构转介,雨泽,雨泽,白博文,香港永明金融有限公司,储蓄,万年青星河尊享计划,5,年缴,美金,30000,234000,234000,,0,NONPI,,45826,45835,45836,45842,,JJ1162,赖凯璇
U000099,611208187,生效,众和恒富理财集团有限公司,KA业务,合伙转介业务,同行机构转介,雨泽,雨泽,白博文,香港永明金融有限公司,储蓄,万年青星河尊享计划,5,年缴,美金,30000,234000,234000,,0,NONPI,,45835,45837,45841,45868,,JH9602,余文茜
J000794,602068616,生效,九富保险服务有限公司,代理人业务,天领业务,天领机构,天领重庆,知予,傅雯婷,香港永明金融有限公司,储蓄,万年青星河尊享计划,5,年缴,美金,8000,62400,62400,,0,NONPI,,45826,45830,45831,45832,,JJ8674,许家乐
L000113,92805983,生效,利泰丰财富管理有限公司,代理人业务,天领业务,天领机构,天领重庆,鼎汇,杨雪,万通保险国际有限公司,储蓄,富饶千秋储蓄计划,5,预缴,美金,10000,78000,78000,,0,NONPI,,45826,45833,45834,45842,,JJ5633,陈昊锴
D001640,611203330,生效,怡泰财富管理有限公司,代理人业务,成事家办,IYB分公司,杨帆,,杨帆,香港永明金融有限公司,储蓄,万年青星河尊享计划,5,预缴,美金,300000,2340000,2340000,,0,NONPI,,45826,45833,45838,45852,,JH6936,余迪慷
J000795,602068646,生效,九富保险服务有限公司,KA业务,合伙转介业务,同行机构转介,德约,江苏分公司,蔡静,香港永明金融有限公司,人寿,永延保障计划,20,年缴,美金,16020,124956,124956,1000000,0,NONPI,,45826,45832,45856,45919,,JF6047,林冠丞
J000796,601994550,生效,九富保险服务有限公司,KA业务,合伙转介业务,同行机构转介,德约,河北分公司,石德军,香港永明金融有限公司,储蓄,万年青星河传承计划,5,预缴,美金,50000,390000,390000,,0,NONPI,申请保司折扣优惠,45826,45832,45833,45860,,JJ3840,温海伦
J000797,601994549,生效,九富保险服务有限公司,KA业务,合伙转介业务,同行机构转介,德约,江苏分公司,蔡静,香港永明金融有限公司,储蓄,万年青星河尊享计划,5,预缴,美金,50000,390000,390000,,0,NONPI,,45826,45832,45835,45842,,JF7605,林思思
U000100,611208318,生效,众和恒富理财集团有限公司,KA业务,合伙转介业务,同行机构转介,宝了么,宝了么,七只小鹿,香港永明金融有限公司,储蓄,万年青星河尊享计划,5,年缴,美金,30000,234000,234000,,0,NONPI,,45826,45832,45836,45852,,JJ4989,罗雨竹
U000101,611208528,生效,众和恒富理财集团有限公司,KA业务,合伙转介业务,异业机构转介,荻邦咨询,优智荻邦,周迪,香港永明金融有限公司,储蓄,万年青星河尊享计划,5,年缴,美金,100000,780000,780000,,0,NONPI,,45826,45835,45835,45848,,JH9602,余文茜
J000798,602068619,生效,九富保险服务有限公司,代理人业务,天领业务,天领贴牌,广西贴牌,广西锐领,黄卡瑶,香港永明金融有限公司,储蓄,万年青星河尊享计划,5,预缴,美金,100000,780000,780000,,0,NONPI,,45827,45834,45835,45868,,JJ8674,许家乐
J000800,602068620,生效,九富保险服务有限公司,代理人业务,天领业务,天领贴牌,广西贴牌,广西锐领,黄卡瑶,香港永明金融有限公司,储蓄,万年青星河尊享计划,5,预缴,美金,50000,390000,390000,,0,NONPI,,45827,45834,,45853,,JJ8674,许家乐
J000801,602068656,生效,九富保险服务有限公司,代理人业务,天领业务,天领贴牌,广西贴牌,广西锐领,黄丽莎,香港永明金融有限公司,储蓄,万年青星河尊享计划,5,预缴,美金,20000,156000,156000,,0,NONPI,,45827,45834,45835,45866,,JF6047,林冠丞
J000802,602068655,生效,九富保险服务有限公司,代理人业务,天领业务,天领贴牌,广西贴牌,广西锐领,黄丽莎,香港永明金融有限公司,储蓄,万年青星河尊享计划,5,年缴,美金,10000,78000,78000,,0,NONPI,,45827,45834,45835,45854,,JF6047,林冠丞
D001644,611208819,生效,怡泰财富管理有限公司,KA业务,ICLUB业务,异业机构转介,新风,机构,新风,香港永明金融有限公司,储蓄,万年青星河尊享计划,5,年缴,美金,3000,23400,23400,,0,NONPI,,45827,45835,45836,45846,,JH6936,余迪慷
D001645,611208795,生效,怡泰财富管理有限公司,经代业务,BK业务,银行网点,民生银行,,民生上海,香港永明金融有限公司,储蓄,万年青·卓金计划,5,年缴,美金,100000,780000,780000,500000,0,NONPI,20%,45827,45834,45838,45846,,JH9449,李思齐
D001646,505-9612019,生效,怡泰财富管理有限公司,代理人业务,天领业务,天领机构,天领重庆,鼎汇,毛静,香港安盛保险有限公司,储蓄,盛利储蓄计划,2,预缴,美金,40000.3,312002.34,312002.34,　,0,NONPI,,45827,45832,45834,45895,,JH6936,余迪慷
J000803,602068651,生效,九富保险服务有限公司,KA业务,合伙转介业务,同行机构转介,德约,江苏分公司,成冲,香港永明金融有限公司,储蓄,万年青星河尊享计划,5,年缴,美金,3000,23400,23400,,0,NONPI,,45827,45832,45835,45852,,JF6047,林冠丞
J000804,602068650,生效,九富保险服务有限公司,KA业务,合伙转介业务,同行机构转介,德约,江苏分公司,徐冬梅,香港永明金融有限公司,储蓄,万年青星河尊享计划,5,年缴,美金,10000,78000,78000,,0,NONPI,,45827,45832,45835,45849,,JF6047,林冠丞
J000805,602068649,生效,九富保险服务有限公司,KA业务,合伙转介业务,同行机构转介,德约,江苏分公司,戴玉,香港永明金融有限公司,储蓄,万年青星河尊享计划,5,年缴,美金,10000,78000,78000,,0,NONPI,,45827,45832,45835,45853,,JF6047,林冠丞
U000103,611208531,生效,众和恒富理财集团有限公司,KA业务,合伙转介业务,同行机构转介,宝了么,宝了么,李釜源,香港永明金融有限公司,储蓄,万年青星河尊享计划,5,年缴,美金,80000,624000,624000,,0,NONPI,,45827,45838,45841,45855,,JH9602,余文茜
U000104,611208302,生效,众和恒富理财集团有限公司,KA业务,合伙转介业务,同行机构转介,红兔数智,红兔数智,红兔数智,香港永明金融有限公司,储蓄,万年青星河尊享计划,2,预缴,美金,15000,117000,117000,,0,NONPI,,45827,45831,45836,45856,,JJ4989,罗雨竹
U000107,611208220,生效,众和恒富理财集团有限公司,KA业务,合伙转介业务,同行机构转介,雨泽,雨泽,白博文,香港永明金融有限公司,储蓄,万年青星河尊享计划,2,预缴,美金,30000,234000,234000,,0,NONPI,,45827,45828,45831,45838,,JJ1162,赖凯璇
D001647,611208797,生效,怡泰财富管理有限公司,经代业务,BK业务,银行网点,民生银行,,民生杭州,香港永明金融有限公司,储蓄,万年青·卓金计划,5,年缴,美金,50000,390000,390000,250000,0,NONPI,20%,45827,45834,45841,45862,,JH9449,李思齐
U000109,611208323,生效,众和恒富理财集团有限公司,KA业务,合伙转介业务,同行机构转介,雨泽,雨泽,白博文,香港永明金融有限公司,储蓄,万年青星河尊享计划,5,预缴,美金,30000,234000,234000,,0,NONPI,,45827,45834,45836,45863,,JJ1162,赖凯璇
Y000049,8201091558,生效,盈富理财顾问有限公司,KA业务,ICLUB业务,异业机构转介,个人转介,理财师,傅箭,中国人寿保险（海外）股份有限公司（澳门）,储蓄,裕饶传承储蓄保险计划II,5,预缴,港币,2000000,2000000,2000000,10000000,1,NONPI,0.26,45827,45825,,45831,,,
J000806,601994579,生效,九富保险服务有限公司,代理人业务,天领业务,天领机构,天领重庆,知予,王娜,香港永明金融有限公司,储蓄,万年青星河尊享计划,5,预缴,美金,30000,234000,234000,,0,NONPI,,45827,45831,45835,45848,,JF6047,林冠丞
U000112,611208320,生效,众和恒富理财集团有限公司,KA业务,合伙转介业务,同行机构转介,宝了么,宝了么,贾强,香港永明金融有限公司,储蓄,万年青星河尊享计划,5,预缴,美金,20000,156000,156000,,0,NONPI,,45827,45833,45845,45874,,JJ4989,罗雨竹
U000114,611208185,生效,众和恒富理财集团有限公司,KA业务,合伙转介业务,持牌转介,总部职能,总部职能,杜咏林,香港永明金融有限公司,重疾,万家康卓越保,25,年缴,美金,1784,13915.2,13915.2,100000,0,NONPI,,45827,45828,45845,45875,,JJ4989,罗雨竹
U000115,611208866,生效,众和恒富理财集团有限公司,KA业务,合伙转介业务,持牌转介,总部职能,总部职能,李浩源,香港永明金融有限公司,重疾,万家康卓越保,25,年缴,美金,1986,15490.8,15490.8,100000,0,NONPI,,45827,45828,45845,45883,,JJ4989,罗雨竹
U000116,611208183,生效,众和恒富理财集团有限公司,KA业务,合伙转介业务,持牌转介,总部职能,总部职能,杜咏林,香港永明金融有限公司,重疾,万家康卓越保,25,年缴,美金,1802,14055.6,14055.6,100000,0,NONPI,,45827,45828,45845,45863,,JJ4989,罗雨竹
L000114,92654162,生效,利泰丰财富管理有限公司,代理人业务,天领业务,天领机构,天领重庆,Starry,方玲,万通保险国际有限公司,储蓄,富饶千秋储蓄计划,5,年缴,美金,5000,39000,39000,,0,NONPI,,45827,45836,45840,45855,,JJ5633,陈昊锴
L000115,92642246,生效,利泰丰财富管理有限公司,代理人业务,天领业务,天领机构,天领重庆,Starry,方玲,万通保险国际有限公司,储蓄,富饶千秋储蓄计划,2,预缴,美金,25000,195000,195000,,0,NONPI,,45827,45836,45840,45859,,JJ5633,陈昊锴
D001653,8123142745,生效,怡泰财富管理有限公司,KA业务,合伙转介业务,同行机构转介,椽澄管理,椽澄管理,椽澄管理,中国人寿保险（海外）股份有限公司（香港）,储蓄,傲珑创富储蓄保险计划,2,年缴,美金,10000,78000,78000,,0,NONPI,,45828,45832,45832,45873,,JH6936,余迪慷
D001654,3808823433,生效,怡泰财富管理有限公司,KA业务,合伙转介业务,同行机构转介,椽澄管理,椽澄管理,椽澄管理,宏利人寿保险（国际）有限公司,储蓄,宏挚传承保障计划,5,年缴,美金,10000,78000,78000,,0,NONPI,,45828,45832,45838,45873,,JH6936,余迪慷
D001655,3808462257,生效,怡泰财富管理有限公司,代理人业务,天领业务,天领机构,天领重庆,知予,安妮,宏利人寿保险（国际）有限公司,储蓄,宏挚传承保障计划,5,年缴,美金,20000,156000,156000,,0,NONPI,,45828,45834,45838,45848,,JH6936,余迪慷
D001656,611208262,生效,怡泰财富管理有限公司,代理人业务,成事家办,IYB分公司,杨帆,,杨帆,香港永明金融有限公司,储蓄,万年青星河尊享计划,5,年缴,美金,30000,234000,234000,,0,NONPI,,45828,45831,45831,45834,,JF7523,吕静文
D001657,611208825,生效,怡泰财富管理有限公司,经代业务,BK业务,银行网点,民生银行,,民生上海,香港永明金融有限公司,储蓄,万年青·卓金保险计划II,5,年缴,美金,100000,780000,780000,500000,0,NONPI,59%,45828,45842,45845,45868,,JH6936,余迪慷
D001658,8123148292,生效,怡泰财富管理有限公司,KA业务,合伙转介业务,同行机构转介,宝了么,宝了么,张颖,中国人寿保险（海外）股份有限公司（香港）,储蓄,傲珑创富储蓄保险计划,2,预缴,美金,25000,195000,195000,,0,NONPI,0.15,45828,45833,45833,45868,,JF2281,赖晔敏
D001659,611208243,生效,怡泰财富管理有限公司,KA业务,合伙转介业务,异业机构转介,明德长青,明德长青,明德长青,香港永明金融有限公司,储蓄,万年青星河尊享计划,5,年缴,美金,10000,78000,78000,,0,NONPI,,45828,45833,45834,45841,,JF7523,吕静文
D001660,611208241,生效,怡泰财富管理有限公司,代理人业务,成事家办,IYB分公司,丁洁,,丁洁,香港永明金融有限公司,储蓄,万年青星河尊享计划,5,年缴,美金,14000,109200,109200,,0,NONPI,,45828,45833,45834,45841,,JF7523,吕静文
J000807,601994540,生效,九富保险服务有限公司,代理人业务,天领业务,天领机构,天领重庆,知予,王娜,香港永明金融有限公司,储蓄,万年青星河尊享计划,5,年缴,美金,30000,234000,234000,,0,NONPI,,45828,45831,45831,45842,,JJ3840,温海伦
J000808,601994583,生效,九富保险服务有限公司,代理人业务,天领业务,天领机构,天领重庆,Starry,王茜,香港永明金融有限公司,储蓄,万年青星河尊享计划,5,年缴,美金,30000,234000,234000,,0,NONPI,,45828,45831,45835,45848,,JF6047,林冠丞
J000809,601994548,生效,九富保险服务有限公司,KA业务,合伙转介业务,同行机构转介,德约,广西子公司,刘立胜,香港永明金融有限公司,储蓄,万年青星河尊享计划,5,预缴,美金,100000,780000,780000,,0,NONPI,,45828,45835,45836,45869,,JJ3840,温海伦
L000116,92814330,生效,利泰丰财富管理有限公司,代理人业务,天领业务,天领机构,天领重庆,鼎汇,张宏,万通保险国际有限公司,储蓄,富饶千秋储蓄计划,5,年缴,美金,10000,78000,78000,,0,NONPI,,45828,45834,45837,45869,,JJ5633,陈昊锴
U000117,611208331,生效,众和恒富理财集团有限公司,KA业务,合伙转介业务,异业机构转介,荻邦咨询,优智荻邦,周迪,香港永明金融有限公司,储蓄,万年青星河尊享计划,5,预缴,美金,50000,390000,390000,,0,NONPI,,45828,45832,45835,45841,,JJ1162,赖凯璇
U000118,611208298,生效,众和恒富理财集团有限公司,KA业务,合伙转介业务,异业机构转介,荻邦咨询,优智荻邦,周迪,香港永明金融有限公司,储蓄,万年青星河尊享计划,5,预缴,美金,50000,390000,390000,,0,NONPI,,45828,45832,45845,45860,,JJ4989,罗雨竹
U000120,611208303,取消投保,众和恒富理财集团有限公司,KA业务,合伙转介业务,同行机构转介,宝了么,宝了么,董吉鹏 ,香港永明金融有限公司,储蓄,万年青星河尊享计划,2,年缴,人民币,300000,342000,342000,,0,NONPI,,45828,45835,45845,45853,,JJ4989,罗雨竹
U000121,611208522,生效,众和恒富理财集团有限公司,KA业务,合伙转介业务,同行机构转介,宝了么,宝了么,王盾,香港永明金融有限公司,储蓄,万年青星河尊享计划,5,年缴,美金,10000,78000,78000,,0,NONPI,,45828,45833,45835,45853,,JH9602,余文茜
U000122,611208328,生效,众和恒富理财集团有限公司,KA业务,合伙转介业务,异业机构转介,荻邦咨询,优智荻邦,周迪,香港永明金融有限公司,储蓄,万年青星河尊享计划,5,年缴,美金,200000,1560000,1560000,,0,NONPI,,45828,45834,45837,45868,,JJ1162,赖凯璇
U000123,611208322,生效,众和恒富理财集团有限公司,KA业务,ICLUB业务,异业机构转介,个人转介,理财师,潘冬慧,香港永明金融有限公司,储蓄,万年青星河尊享计划,5,年缴,美金,100000,780000,780000,,0,NONPI,,45828,45833,45837,45846,,JJ1162,赖凯璇
D001661,611208261,生效,怡泰财富管理有限公司,代理人业务,成事家办,IYB分公司,刘微,,刘微,香港永明金融有限公司,储蓄,万年青星河尊享计划,5,预缴,美金,40000,312000,312000,,0,NONPI,,45828,45830,45831,45859,,JF7523,吕静文
D001664,611208826,生效,怡泰财富管理有限公司,代理人业务,成事家办,IYB分公司,丁洁,,丁洁,香港永明金融有限公司,储蓄,万年青星河尊享计划,5,预缴,美金,30000,234000,234000,,0,NONPI,,45828,45838,45842,45859,,JH6936,余迪慷
U000125,611208516,生效,众和恒富理财集团有限公司,KA业务,合伙转介业务,同行机构转介,红兔数智,红兔数智,红兔数智,香港永明金融有限公司,储蓄,万年青星河尊享计划,5,年缴,美金,200000,1560000,1560000,,0,NONPI,20%,45828,45831,45835,45845,,JH9602,余文茜
J000810,602068618,生效,九富保险服务有限公司,KA业务,合伙转介业务,同行机构转介,宏骏财富,袁骏伟,李盈,香港永明金融有限公司,储蓄,万年青星河尊享计划,5,年缴,美金,15000,117000,117000,,0,NONPI,,45828,45832,45833,45853,,JJ8674,许家乐
U000126,611208184,生效,众和恒富理财集团有限公司,KA业务,合伙转介业务,同行机构转介,兴泰家办,兴泰家办,兴泰家办,香港永明金融有限公司,储蓄,万年青星河尊享计划,5,预缴,美金,20000,156000,156000,,0,NONPI,,45828,45833,45835,45866,,JH9602,余文茜
U000127,611208520,生效,众和恒富理财集团有限公司,KA业务,合伙转介业务,同行机构转介,雨泽,雨泽,白博文,香港永明金融有限公司,储蓄,万年青星河尊享计划,5,年缴,美金,50000,390000,390000,,0,NONPI,,45828,45832,45835,45877,,JH9602,余文茜
D001666,8123153692,生效,怡泰财富管理有限公司,代理人业务,天领业务,天领机构,天领重庆,知予,张杰,中国人寿保险（海外）股份有限公司（香港）,储蓄,傲珑创富储蓄保险计划,2,年缴,美金,100000,780000,780000,,0,NONPI,,45829,45834,45834,45849,,JF7523,吕静文
D001667,611208666,生效,怡泰财富管理有限公司,KA业务,ICLUB业务,异业机构转介,新风,机构,新风,香港永明金融有限公司,储蓄,万年青星河尊享计划,5,预缴,美金,300000,2340000,2340000,,0,NONPI,,45829,45831,45833,45835,,JF2281,赖晔敏
D001668,8123140451,生效,怡泰财富管理有限公司,KA业务,合伙转介业务,同行机构转介,宝了么,宝了么,王盾,中国人寿保险（海外）股份有限公司（香港）,储蓄,傲珑创富储蓄保险计划,2,年缴,美金,50000,390000,390000,,0,NONPI,,45829,45831,45831,45873,,JF2281,赖晔敏
D001670,611208255,生效,怡泰财富管理有限公司,KA业务,ICLUB业务,异业机构转介,新风,机构,新风,香港永明金融有限公司,储蓄,万年青星河尊享计划,5,预缴,美金,30000,234000,234000,,0,NONPI,,45829,45835,45836,45845,,JF7523,吕静文
D001671,611208257,生效,怡泰财富管理有限公司,代理人业务,成事家办,IYB分公司,杨帆,,杨帆,香港永明金融有限公司,储蓄,万年青星河尊享计划,5,预缴,美金,15000,117000,117000,,0,NONPI,,45829,45836,45838,45847,,JF7523,吕静文
J000811,602068644,生效,九富保险服务有限公司,KA业务,合伙转介业务,同行机构转介,宏骏财富,袁骏伟,李盈,香港永明金融有限公司,储蓄,万年青星河尊享计划,5,年缴,人民币,100000,114000,114000,,0,NONPI,,45829,45833,45835,45849,,JJ8674,许家乐
U000129,611208526,生效,众和恒富理财集团有限公司,KA业务,合伙转介业务,同行机构转介,宝了么,宝了么,QINGTENG,香港永明金融有限公司,储蓄,万年青星河尊享计划,5,年缴,美金,100000,780000,780000,,0,NONPI,,45829,45832,45846,45889,,JH9602,余文茜
U000132,611208517,生效,众和恒富理财集团有限公司,KA业务,合伙转介业务,同行机构转介,宝了么,宝了么,王盾,香港永明金融有限公司,储蓄,万年青星河尊享计划,5,年缴,美金,30000,234000,234000,,0,NONPI,,45829,45831,45837,45849,,JH9602,余文茜
U000133,611208521,生效,众和恒富理财集团有限公司,KA业务,合伙转介业务,同行机构转介,宝了么,宝了么,滔元,香港永明金融有限公司,储蓄,万年青星河尊享计划,5,预缴,美金,22500,175500,175500,,0,NONPI,,45829,45835,45837,45868,,JH9602,余文茜
U000134,611195648,生效,众和恒富理财集团有限公司,KA业务,ICLUB业务,异业机构转介,个人转介,理财师,张锐,香港永明金融有限公司,储蓄,万年青星河尊享计划,5,预缴,美金,50000,390000,390000,,0,NONPI,,45829,45829,45845,45869,,JJ4989,罗雨竹
FF000077,1.00031E+11,生效,富强天一财富管理有限公司,代理人业务,天领业务,天领机构,天领重庆,Starry,王璐洁,立桥人寿保险有限公司,储蓄,智选储蓄保（20年保障期）,20,整付,美金,50000,390000,39000,,0,NONPI,,45829,45835,45835,45860,,JF2281,赖晔敏
FF000078,51079816,生效,富强天一财富管理有限公司,KA业务,合伙转介业务,同行个人转介,个人转介,,张曦Cissy,富卫人寿保险（百慕大）有限公司,储蓄,智优盛储蓄保险计划2,2,预缴,美金,25000,195000,195000,,0,NONPI,,45829,45832,,45859,,JF2281,赖晔敏
D001672,8123153185,生效,怡泰财富管理有限公司,代理人业务,天领业务,天领贴牌,广西贴牌,广西锐领,黄丽莎,中国人寿保险（海外）股份有限公司（香港）,储蓄,傲珑创富储蓄保险计划,2,预缴,美金,25000,195000,195000,,0,NONPI,,45827,45834,45834,45849,,JH6936,余迪慷
D001673,8123168081,生效,怡泰财富管理有限公司,代理人业务,天领业务,天领贴牌,武汉贴牌,武汉泽星,刘国玉,中国人寿保险（海外）股份有限公司（香港）,储蓄,傲珑创富储蓄保险计划,2,预缴,美金,30000,234000,234000,,0,NONPI,,45828,45837,45838,45845,,JH6936,余迪慷
D001674,611208259,生效,怡泰财富管理有限公司,代理人业务,成事家办,IYB分公司,丁洁,,丁洁,香港永明金融有限公司,储蓄,万年青星河尊享计划,5,预缴,美金,50000,390000,390000,,0,NONPI,,45830,45832,45834,45835,,JF7523,吕静文
D001675,611208245,生效,怡泰财富管理有限公司,代理人业务,成事家办,IYB分公司,杨帆,,杨帆,香港永明金融有限公司,储蓄,万年青星河尊享计划,5,年缴,美金,30000,234000,234000,,0,NONPI,,45830,45832,,45862,,JF7523,吕静文
U000135,611208321,生效,众和恒富理财集团有限公司,KA业务,合伙转介业务,同行机构转介,宝了么,宝了么,广州TN,香港永明金融有限公司,储蓄,万年青星河尊享计划,5,年缴,美金,50000,390000,390000,,0,NONPI,,45830,45834,45845,45849,,JJ4989,罗雨竹
U000136,611208307,生效,众和恒富理财集团有限公司,KA业务,合伙转介业务,同行机构转介,雨泽,雨泽,白博文,香港永明金融有限公司,储蓄,万年青星河尊享计划,5,预缴,美金,20000,156000,156000,,0,NONPI,,45830,45836,45845,45853,,JJ4989,罗雨竹
D001676,611208823,生效,怡泰财富管理有限公司,经代业务,同行经代,持牌资管,松石保险,Pinerock,松石保险,香港永明金融有限公司,储蓄,万年青星河尊享计划,2,预缴,美金,15000,117000,117000,,0,NONPI,,45830,45837,45838,45846,Mark,JH6936,余迪慷
D001678,611208764,生效,怡泰财富管理有限公司,代理人业务,成事家办,IYB分公司,杨帆,,杨帆,香港永明金融有限公司,储蓄,万年青星河尊享计划,5,年缴,美金,10000,78000,78000,,0,NONPI,,45831,45833,45838,45845,,JH6936,余迪慷
D001679,611208767,生效,怡泰财富管理有限公司,代理人业务,成事家办,IYB分公司,杨帆,,杨帆,香港永明金融有限公司,储蓄,万年青星河尊享计划,5,年缴,美金,50000,390000,390000,,0,NONPI,,45831,45833,45849,45861,,JH6936,余迪慷
D001680,611195669,生效,怡泰财富管理有限公司,经代业务,BK业务,银行网点,平安银行,许菁,平安香港,香港永明金融有限公司,储蓄,万年青·卓金计划,5,预缴,美金,10000,78000,78000,50000,0,NONPI,0.5,45831,45832,45835,45838,,JF9727,杨荔茜
D001681,611208808,生效,怡泰财富管理有限公司,代理人业务,成事家办,IYB分公司,刘微,,刘微,香港永明金融有限公司,储蓄,万年青星河尊享计划,5,预缴,美金,100000,780000,780000,,0,NONPI,,45831,45832,45841,45859,,IA6464,连亮晴
J000814,602068647,生效,九富保险服务有限公司,代理人业务,天领业务,天领贴牌,广西贴牌,广西锐领,罗莉,香港永明金融有限公司,储蓄,万年青星河尊享计划,5,年缴,美金,20000,156000,156000,,0,NONPI,,45831,45832,45835,45853,,JF6047,林冠丞
J000815,601994578,生效,九富保险服务有限公司,代理人业务,成事家办,IYB分公司,杨帆,,杨帆,香港永明金融有限公司,储蓄,万年青星河尊享计划,5,年缴,美金,50000,390000,390000,,0,NONPI,,45831,45831,45835,45848,,JF6047,林冠丞
J000816,602068657,生效,九富保险服务有限公司,代理人业务,天领业务,天领机构,天领成都,沁锐,薛长城,香港永明金融有限公司,储蓄,万年青星河尊享计划,2,预缴,美金,15000,117000,117000,,0,NONPI,,45831,45834,45835,45848,,JF6047,林冠丞
J000817,602068628,生效,九富保险服务有限公司,代理人业务,天领业务,天领机构,天领成都,沁锐,薛长城,香港永明金融有限公司,储蓄,万年青星河尊享计划,5,年缴,美金,10000,78000,78000,,0,NONPI,,45831,45834,45835,45845,,JJ8674,许家乐
U000139,611208515,生效,众和恒富理财集团有限公司,KA业务,合伙转介业务,同行机构转介,红兔数智,红兔数智,红兔数智,香港永明金融有限公司,重疾,万家康卓越保,20,年缴,美金,5112,39873.6,39873.6,300000,0,NONPI,,45830,45831,45837,45854,,JH9602,余文茜
U000140,611208312,生效,众和恒富理财集团有限公司,KA业务,合伙转介业务,同行机构转介,宝了么,宝了么,王盾,香港永明金融有限公司,储蓄,万年青星河尊享计划,5,年缴,美金,50000,390000,390000,,0,NONPI,,45831,45832,45845,45847,,JJ4989,罗雨竹
D001682,611208250,生效,怡泰财富管理有限公司,KA业务,IFA业务,异业机构转介,IFA,IFA,李璞,香港永明金融有限公司,储蓄,万年青星河尊享计划,5,预缴,美金,120000,936000,936000,,0,NONPI,20%,45831,45832,45840,45861,,JF7523,吕静文
D001683,A000002491,生效,怡泰财富管理有限公司,KA业务,合伙转介业务,同行机构转介,加利利,加利利,加利利,中国太平洋保险（香港）有限公司,储蓄,世代悦享储蓄寿险计划2,5,年缴,美金,50000,390000,390000,,0,NONPI,,45831,45828,45832,45860,,IA6464,连亮晴
D001684,611195673,生效,怡泰财富管理有限公司,经代业务,BK业务,银行网点,民生银行,,民生重庆,香港永明金融有限公司,储蓄,万年青·卓金计划,5,年缴,美金,20000,156000,156000,100000,0,NONPI,59%,45831,45838,45840,45862,,JF9727,杨荔茜
D001685,14056616,生效,怡泰财富管理有限公司,KA业务,ICLUB业务,异业机构转介,ICHAT,机构,ICHAT,保诚保险有限公司,储蓄,信守明天多元货币计划,5,年缴,美金,50000,390000,390000,,0,NONPI,,45831,45833,45833,45833,,JF2281,赖晔敏
D001686,14056741,生效,怡泰财富管理有限公司,KA业务,ICLUB业务,异业机构转介,ICHAT,机构,ICHAT,保诚保险有限公司,储蓄,信守明天多元货币计划,5,年缴,美金,50000,390000,390000,,0,NONPI,,45831,45833,45833,45834,,JF2281,赖晔敏
D001687,611208863,生效,怡泰财富管理有限公司,KA业务,ICLUB业务,异业机构转介,新风,机构,新风,香港永明金融有限公司,储蓄,万年青星河传承计划,5,年缴,美金,30000,234000,234000,,0,NONPI,,45831,45837,45842,45855,,JH6936,余迪慷
D001689,611195686,生效,怡泰财富管理有限公司,经代业务,BK业务,银行网点,民生银行,,民生沈阳,香港永明金融有限公司,储蓄,万年青·卓金计划,5,年缴,美金,100000,780000,780000,500000,0,NONPI,20%,45831,45835,45838,45863,,JF9727,杨荔茜
D001690,611195618,生效,怡泰财富管理有限公司,KA业务,ICLUB业务,异业机构转介,银科,机构,银科,香港永明金融有限公司,储蓄,万年青星河传承计划,5,年缴,美金,10000,78000,78000,,0,NONPI,,45831,45835,45837,45847,,JF2281,赖晔敏
D001691,611208784,生效,怡泰财富管理有限公司,代理人业务,成事家办,IYB分公司,刘微,,刘微,香港永明金融有限公司,储蓄,万年青星河尊享计划,5,预缴,美金,12000,93600,93600,,0,NONPI,,45831,45833,45838,45859,,JH6936,余迪慷
D001692,611208802,生效,怡泰财富管理有限公司,经代业务,BK业务,银行网点,民生银行,梁驹,民生香港,香港永明金融有限公司,储蓄,万年青·卓金计划,5,年缴,美金,50000,390000,390000,250000,0,NONPI,59%,45831,45834,45841,45852,,IA6464,连亮晴
D001694,611203390,生效,怡泰财富管理有限公司,经代业务,BK业务,银行网点,民生银行,,民生沈阳,香港永明金融有限公司,储蓄,万年青·卓金计划,5,年缴,美金,100000,780000,780000,500000,0,NONPI,0.24,45831,45835,45841,45855,,JH9449,李思齐
D001695,611208818,生效,怡泰财富管理有限公司,代理人业务,成事家办,IYB分公司,杨洪美,,杨洪美,香港永明金融有限公司,储蓄,万年青星河传承计划,5,预缴,美金,50000,390000,390000,,0,NONPI,,45831,45835,45836,45869,,JF7523,吕静文
J000819,9.00007E+11,生效,九富保险服务有限公司,KA业务,合伙转介业务,同行机构转介,宝了么,宝了么,杜笑笑,周大福人寿保险有限公司,储蓄,匠心传承储蓄寿险计划2（尊尚版）,5,年缴,美金,10000.07,78000.546,78000.546,,0,NONPI,,45831,45836,45838,45845,,JF7605,林思思
J000820,602068666,生效,九富保险服务有限公司,KA业务,合伙转介业务,持牌转介,总部职能,总部职能,王钟轶,香港永明金融有限公司,储蓄,万年青星河传承计划,5,预缴,美金,50000,390000,390000,,0,NONPI,申请保司折扣优惠,45831,45836,45838,45854,,JF7605,林思思
U000141,611208315,生效,众和恒富理财集团有限公司,KA业务,合伙转介业务,异业机构转介,荻邦咨询,张兰团队,曾小宇,香港永明金融有限公司,储蓄,万年青星河尊享计划,5,年缴,美金,50000,390000,390000,,0,NONPI,,45831,45838,45845,45862,,JJ4989,罗雨竹
U000143,611208523,生效,众和恒富理财集团有限公司,KA业务,合伙转介业务,同行机构转介,宝了么,宝了么,QINGTENG,香港永明金融有限公司,储蓄,万年青星河尊享计划,5,年缴,美金,200000,1560000,1560000,,0,NONPI,,45831,45832,45838,45896,,JH9602,余文茜
U000145,611208527,生效,众和恒富理财集团有限公司,KA业务,合伙转介业务,异业机构转介,荻邦咨询,优智荻邦,周迪,香港永明金融有限公司,储蓄,万年青星河尊享计划,5,年缴,美金,10000,78000,78000,,0,NONPI,,45831,45838,45841,45853,,JH9602,余文茜
D001696,611208806,生效,怡泰财富管理有限公司,经代业务,BK业务,银行网点,民生银行,,民生杭州,香港永明金融有限公司,储蓄,万年青·卓金计划,5,年缴,美金,100000,780000,780000,,0,NONPI,20%,45831,45834,45841,45862,,IA6464,连亮晴
Z000017,G684804826,生效,置富理财(香港)有限公司,KA业务,ICLUB业务,异业机构转介,银科,机构,银科,友邦保险（国际）有限公司,重疾,爱伴航,25,年缴,美金,508.5,3966.3,3966.3,,0,NONPI,,45833,45835,,45846,,,
D001700,611208252,生效,怡泰财富管理有限公司,KA业务,ICLUB业务,异业机构转介,新风,机构,新风,香港永明金融有限公司,储蓄,万年青星河尊享计划,5,预缴,美金,30000,234000,234000,,0,NONPI,,45832,45835,45836,45888,,JF7523,吕静文
D001701,8123163952,生效,怡泰财富管理有限公司,KA业务,合伙转介业务,同行机构转介,宝了么,宝了么,肆大才子,中国人寿保险（海外）股份有限公司（香港）,储蓄,傲珑创富储蓄保险计划,2,预缴,美金,35000,273000,273000,,0,NONPI,,45832,45836,45836,45860,,JH6936,余迪慷
D001703,611208801,生效,怡泰财富管理有限公司,经代业务,BK业务,银行网点,民生银行,,民生杭州,香港永明金融有限公司,储蓄,万年青·卓金计划,5,年缴,美金,10000,78000,78000,50000,0,NONPI,59%,45832,45834,45841,45854,,JH9449,李思齐
J000821,602068660,生效,九富保险服务有限公司,代理人业务,天领业务,天领机构,天领重庆,Starry,王璐洁,香港永明金融有限公司,储蓄,万年青星河尊享计划,5,年缴,美金,10000,78000,78000,,0,NONPI,,45831,45835,45835,45842,,JF7605,林思思
J000822,601994547,生效,九富保险服务有限公司,代理人业务,天领业务,天领机构,天领重庆,Starry,王茜,香港永明金融有限公司,储蓄,万年青星河尊享计划,5,年缴,美金,5000,39000,39000,,0,NONPI,,45831,45835,45836,45846,,JJ3840,温海伦
U000146,611208518,生效,众和恒富理财集团有限公司,KA业务,合伙转介业务,同行机构转介,红兔数智,红兔数智,红兔数智,香港永明金融有限公司,储蓄,万年青星河尊享计划,5,年缴,美金,200000,1560000,1560000,,0,NONPI,20%,45831,45831,45837,45861,,JH9602,余文茜
U000147,611208524,生效,众和恒富理财集团有限公司,KA业务,合伙转介业务,同行机构转介,宝了么,宝了么,李波,香港永明金融有限公司,储蓄,万年青星河尊享计划,5,年缴,美金,10000,78000,78000,,0,NONPI,,45832,45838,45841,45853,,JH9602,余文茜
U000148,611208333,生效,众和恒富理财集团有限公司,KA业务,合伙转介业务,同行机构转介,宝了么,宝了么,赵瑞,香港永明金融有限公司,储蓄,万年青星河尊享计划,5,年缴,美金,100000,780000,780000,,0,NONPI,,45832,45832,45835,45875,,JJ1162,赖凯璇
D001704,611208828,生效,怡泰财富管理有限公司,代理人业务,成事家办,IYB分公司,杨帆,,杨帆,香港永明金融有限公司,储蓄,万年青星河尊享计划,5,年缴,美金,100000,780000,780000,,0,NONPI,,45832,45835,45838,45863,,JH6936,余迪慷
D001707,611195690,生效,怡泰财富管理有限公司,经代业务,BK业务,银行网点,民生银行,,民生重庆,香港永明金融有限公司,储蓄,万年青·卓金计划,5,年缴,美金,50000,390000,390000,250000,0,NONPI,59%,45832,45838,45840,45869,,JF9727,杨荔茜
D001708,611208827,生效,怡泰财富管理有限公司,经代业务,同行经代,持牌资管,松石保险,Pinerock,松石保险,香港永明金融有限公司,储蓄,万年青星河尊享计划,2,年缴,美金,30000,234000,234000,,0,NONPI,,45832,45838,45842,45863,Mark,JH6936,余迪慷
D001709,A000002652,生效,怡泰财富管理有限公司,经代业务,同行经代,持牌资管,松石保险,Pinerock,松石保险,中国太平洋保险（香港）有限公司,储蓄,世代悦享储蓄寿险计划2,5,年缴,美金,10000,78000,78000,,0,NONPI,,45832,45838,45840,45881,Mark,JH6936,余迪慷
D001710,611208665,退保,怡泰财富管理有限公司,经代业务,同行经代,持牌资管,松石保险,Pinerock,松石保险,香港永明金融有限公司,储蓄,万年青星河尊享计划,5,年缴,美金,15000,117000,117000,,0,NONPI,,45832,45838,45840,45848,Mark,JF2281,赖晔敏
U000150,611208305,生效,众和恒富理财集团有限公司,KA业务,合伙转介业务,同行机构转介,雨泽,雨泽,白博文,香港永明金融有限公司,储蓄,万年青星河尊享计划,5,预缴,美金,100000,780000,780000,,0,NONPI,20%,45832,45833,45845,45856,,JJ4989,罗雨竹
U000152,611208317,生效,众和恒富理财集团有限公司,KA业务,ICLUB业务,异业机构转介,个人转介,理财师,高瑶,香港永明金融有限公司,储蓄,万年青星河尊享计划,5,预缴,美金,10000,78000,78000,,0,NONPI,,45832,45835,45845,45845,,JJ4989,罗雨竹
D001711,611208277,生效,怡泰财富管理有限公司,代理人业务,成事家办,IYB分公司,刘微,,刘微,香港永明金融有限公司,储蓄,万年青星河尊享计划,5,预缴,美金,10000,78000,78000,,0,NONPI,,45832,45837,45840,45869,,JF7523,吕静文
D001712,611208276,生效,怡泰财富管理有限公司,代理人业务,成事家办,IYB分公司,刘微,,刘微,香港永明金融有限公司,储蓄,万年青星河尊享计划,5,年缴,美金,10000,78000,78000,,0,NONPI,,45832,45837,45840,45966,,JF7523,吕静文
D001713,611208274,生效,怡泰财富管理有限公司,代理人业务,成事家办,IYB分公司,刘微,,刘微,香港永明金融有限公司,重疾,万家康卓越保,20,年缴,美金,1700,13260,13260,156827,0,NONPI,,45832,45837,45840,45862,,JF7523,吕静文
D001714,611203387,生效,怡泰财富管理有限公司,经代业务,BK业务,银行网点,民生银行,,民生合肥,香港永明金融有限公司,储蓄,万年青·卓金计划,5,年缴,美金,50000,390000,390000,250000,0,NONPI,20%,45832,45835,45840,45847,,JH9449,李思齐
D001715,8123154467,生效,怡泰财富管理有限公司,KA业务,合伙转介业务,同行机构转介,宝了么,宝了么,左秋实,中国人寿保险（海外）股份有限公司（香港）,储蓄,傲珑创富储蓄保险计划,2,年缴,美金,10000,78000,78000,,0,NONPI,,45832,45834,45834,45861,,JF7523,吕静文
D001716,8123154528,生效,怡泰财富管理有限公司,KA业务,合伙转介业务,同行机构转介,宝了么,宝了么,左秋实,中国人寿保险（海外）股份有限公司（香港）,储蓄,傲珑创富储蓄保险计划,2,年缴,美金,20000,156000,156000,,0,NONPI,,45832,45834,45834,45867,,JF7523,吕静文
D001719,611208272,生效,怡泰财富管理有限公司,代理人业务,成事家办,IYB分公司,杨璐熙,,杨璐熙,香港永明金融有限公司,储蓄,万年青星河传承计划,5,年缴,美金,15000,117000,117000,,0,NONPI,,45832,45835,45836,45867,,JF7523,吕静文
J000823,9.00007E+11,生效,九富保险服务有限公司,KA业务,合伙转介业务,同行机构转介,宝了么,宝了么,王盾,周大福人寿保险有限公司,储蓄,匠心传承储蓄寿险计划2（尊尚版）,5,年缴,美金,10000.07,78000.546,78000.546,,0,NONPI,,45832,45833,45835,45862,,JF6047,林冠丞
J000824,601994553,生效,九富保险服务有限公司,KA业务,合伙转介业务,同行机构转介,德约,江苏分公司,蔡静,香港永明金融有限公司,储蓄,万年青星河尊享计划,5,预缴,美金,50000,390000,390000,,0,NONPI,,45832,45832,45835,45863,,JF7605,林思思
U000153,611208325,生效,众和恒富理财集团有限公司,KA业务,合伙转介业务,同行机构转介,宝了么,宝了么,左秋实,香港永明金融有限公司,储蓄,万年青星河尊享计划,5,年缴,美金,30000,234000,234000,,0,NONPI,,45832,45834,45836,45854,,JJ1162,赖凯璇
U000156,611208234,生效,众和恒富理财集团有限公司,KA业务,合伙转介业务,同行机构转介,宝了么,宝了么,小七,香港永明金融有限公司,储蓄,万年青星河尊享计划,5,年缴,美金,30000,234000,234000,,0,NONPI,,45832,45834,45838,45853,,JH9602,余文茜
U000157,611208532,生效,众和恒富理财集团有限公司,KA业务,合伙转介业务,同行机构转介,宝了么,宝了么,李釜源,香港永明金融有限公司,储蓄,万年青星河尊享计划,5,年缴,美金,15000,117000,117000,,0,NONPI,,45832,45838,45841,45854,,JH9602,余文茜
D001721,611208285,生效,怡泰财富管理有限公司,经代业务,BK业务,银行网点,民生银行,,民生北京,香港永明金融有限公司,储蓄,万年青·卓金计划,5,年缴,美金,150000,1170000,1170000,750000,0,NONPI,20%,45833,45835,45836,45852,,JF9727,杨荔茜
D001723,3808823425,生效,怡泰财富管理有限公司,KA业务,合伙转介业务,异业机构转介,荻邦咨询,安昱,叶小舟,宏利人寿保险（国际）有限公司,储蓄,宏挚传承保障计划,5,年缴,美金,30000,234000,234000,,0,NONPI,,45833,45837,45838,45868,,JF2281,赖晔敏
D001724,8123173560,生效,怡泰财富管理有限公司,KA业务,合伙转介业务,同行个人转介,个人转介,王钟轶,赖翔,中国人寿保险（海外）股份有限公司（香港）,储蓄,傲珑创富储蓄保险计划,2,年缴,美金,50000,390000,390000,,0,NONPI,,45833,45838,45838,45867,,JF7523,吕静文
U000161,611208304,生效,众和恒富理财集团有限公司,KA业务,合伙转介业务,同行机构转介,宝了么,宝了么,张凯,香港永明金融有限公司,储蓄,万年青星河尊享计划,2,预缴,美金,70000,546000,546000,,0,NONPI,,45832,45836,45845,45859,,JJ4989,罗雨竹
U000163,611208309,生效,众和恒富理财集团有限公司,KA业务,ICLUB业务,异业机构转介,个人转介,理财师,LIUXIAOYU,香港永明金融有限公司,储蓄,万年青星河尊享计划,5,年缴,美金,150000,1170000,1170000,,0,NONPI,,45833,45837,45845,45859,,JJ4989,罗雨竹
Z000018,G684803869,生效,置富理财(香港)有限公司,KA业务,ICLUB业务,异业机构转介,银科,机构,银科,友邦保险（国际）有限公司,重疾,爱伴航,25,年缴,美金,491.1,3830.58,3830.58,,0,NONPI,,45833,45835,,45846,,,
D001725,8123160828,生效,怡泰财富管理有限公司,代理人业务,天领业务,天领贴牌,武汉贴牌,武汉泽星,陈青,中国人寿保险（海外）股份有限公司（香港）,储蓄,傲珑创富储蓄保险计划,2,年缴,美金,100000,780000,780000,,0,NONPI,,45833,45835,45835,45862,,JH6936,余迪慷
D001726,611195680,生效,怡泰财富管理有限公司,代理人业务,成事家办,IYB分公司,杨璐熙,,杨璐熙,香港永明金融有限公司,储蓄,万年青星河尊享计划,5,年缴,美金,10000,78000,78000,,0,NONPI,,45833,45834,45836,45849,,JF9727,杨荔茜
U000165,611208310,生效,众和恒富理财集团有限公司,KA业务,ICLUB业务,异业机构转介,保之道,机构,保之道,香港永明金融有限公司,储蓄,万年青星河尊享计划,5,年缴,美金,30000,234000,234000,,0,NONPI,,45835,45837,45845,45856,,JJ4989,罗雨竹
D001727,611195611,生效,怡泰财富管理有限公司,经代业务,同行经代,持牌资管,松石保险,Pinerock,松石保险,香港永明金融有限公司,储蓄,万年青星河尊享计划,5,年缴,美金,20000,156000,156000,,0,NONPI,,45833,45836,45837,45849,Mark,JF2281,赖晔敏
D001728,611208247,生效,怡泰财富管理有限公司,KA业务,合伙转介业务,异业机构转介,明德长青,明德长青,明德长青,香港永明金融有限公司,储蓄,万年青星河传承计划,5,年缴,美金,10000,78000,78000,,0,NONPI,,45833,45836,45840,45845,,JF7523,吕静文
J000825,9.00007E+11,生效,九富保险服务有限公司,KA业务,合伙转介业务,同行机构转介,宝了么,宝了么,郑杨,周大福人寿保险有限公司,储蓄,匠心传承储蓄寿险计划2（尊尚版）,2,预缴,美金,150000.41,1170003.198,1170003.198,,0,NONPI,,45833,45835,45838,45853,,JF7605,林思思
J000828,602068671,生效,九富保险服务有限公司,代理人业务,天领业务,天领贴牌,长沙贴牌,lily,李莉,香港永明金融有限公司,储蓄,万年青星河尊享计划,5,预缴,美金,50000,390000,390000,,0,NONPI,,45833,45838,45841,45859,,JJ3840,温海伦
J000830,602068622,生效,九富保险服务有限公司,KA业务,合伙转介业务,同行机构转介,懿丰家族,FO,Henry,香港永明金融有限公司,储蓄,万年青星河传承计划,5,预缴,美金,50000,390000,390000,,0,NONPI,申请保司折扣优惠,45833,45833,45848,45869,,JJ8674,许家乐
L000119,92800006,生效,利泰丰财富管理有限公司,代理人业务,天领业务,天领机构,天领成都,致合,罗兴丹,万通保险国际有限公司,储蓄,富饶千秋储蓄计划,2,预缴,美金,75000,585000,585000,250000,0,NONPI,,45833,45837,45840,45880,,JJ5633,陈昊锴
L000120,92812053,生效,利泰丰财富管理有限公司,代理人业务,天领业务,天领机构,天领重庆,鼎汇,邹文佳,万通保险国际有限公司,储蓄,富饶千秋储蓄计划,2,预缴,美金,20000,156000,156000,,0,NONPI,,45833,45837,45840,45869,,JJ5633,陈昊锴
U000167,611208327,生效,众和恒富理财集团有限公司,KA业务,合伙转介业务,同行机构转介,宝了么,宝了么,王盾,香港永明金融有限公司,储蓄,万年青星河传承计划,5,年缴,美金,50000,390000,390000,,0,NONPI,,45833,45834,45837,45860,,JJ1162,赖凯璇
J000832,602068658,生效,九富保险服务有限公司,代理人业务,天领业务,天领机构,天领成都,致合,蔡影,香港永明金融有限公司,储蓄,万年青星河尊享计划,5,预缴,美金,30000,234000,234000,150000,0,NONPI,,45833,45837,45838,45890,,JF7605,林思思
D001729,611195675,生效,怡泰财富管理有限公司,代理人业务,成事家办,IYB分公司,杨璐熙,,杨璐熙,香港永明金融有限公司,储蓄,万年青星河尊享计划,5,预缴,美金,3000,23400,23400,,0,NONPI,,45834,45834,45836,45869,,JF9727,杨荔茜
D001730,611208803,生效,怡泰财富管理有限公司,经代业务,BK业务,银行网点,民生银行,梁驹,民生香港,香港永明金融有限公司,储蓄,万年青·卓金计划,5,年缴,美金,50000,390000,390000,250000,0,NONPI,20%,45834,45834,45841,45852,,IA6464,连亮晴
D001732,611203386,生效,怡泰财富管理有限公司,KA业务,ICLUB业务,异业机构转介,新风,机构,新风,香港永明金融有限公司,储蓄,万年青星河尊享计划,5,年缴,美金,50000,390000,390000,,0,NONPI,,45834,45837,45838,45863,,JF2281,赖晔敏
D001733,611203393,生效,怡泰财富管理有限公司,经代业务,BK业务,银行网点,民生银行,,民生上海,香港永明金融有限公司,储蓄,万年青·卓金计划,5,预缴,美金,50000,390000,390000,250000,0,NONPI,20%,45834,45835,45841,45869,,JH9449,李思齐
J000833,602068670,生效,九富保险服务有限公司,代理人业务,天领业务,天领机构,天领重庆,鼎汇,邹文佳,香港永明金融有限公司,储蓄,万年青星河尊享计划,5,预缴,美金,100000,780000,780000,,0,NONPI,,45834,45838,45842,45854,,JF6047,林冠丞
D001734,611203392,生效,怡泰财富管理有限公司,KA业务,ICLUB业务,异业机构转介,新风,机构,新风,香港永明金融有限公司,储蓄,万年青星河尊享计划,5,年缴,美金,10000,78000,78000,,0,NONPI,,45834,45838,45840,45849,,JF7523,吕静文
D001735,611208667,生效,怡泰财富管理有限公司,代理人业务,成事家办,IYB分公司,杨璐熙,,杨璐熙,香港永明金融有限公司,储蓄,万年青星河传承计划,5,预缴,美金,30000,234000,234000,,0,NONPI,,45834,45838,45840,45863,,JF2281,赖晔敏
D001736,611208822,生效,怡泰财富管理有限公司,代理人业务,成事家办,IYB分公司,刘微,,刘微,香港永明金融有限公司,储蓄,万年青星河尊享计划,5,年缴,人民币,700000,798000,798000,,0,NONPI,,45834,45838,45842,45866,,JF7523,吕静文
D001737,505-9613561,生效,怡泰财富管理有限公司,KA业务,ICLUB业务,异业机构转介,ICHAT,机构,ICHAT,香港安盛保险有限公司,储蓄,盛利储蓄计划,2,预缴,美金,50000.02,390000.156,390000.156,,0,NONPI,,45834,45836,45838,45867,,JF2281,赖晔敏
D001738,611208712,生效,怡泰财富管理有限公司,经代业务,BK业务,银行网点,民生银行,,民生广州,香港永明金融有限公司,储蓄,万年青·卓金计划,5,年缴,美金,30000,234000,234000,150000,0,NONPI,59%,45834,45838,45841,45880,,JH9449,李思齐
D001739,611195676,生效,怡泰财富管理有限公司,KA业务,IFA业务,异业机构转介,IFA,IFA,李璞,香港永明金融有限公司,储蓄,万年青星河尊享计划,5,预缴,美金,50000,390000,390000,,0,NONPI,20%,45834,45834,45836,45873,,JF9727,杨荔茜
D001741,611195696,生效,怡泰财富管理有限公司,经代业务,BK业务,银行网点,民生银行,,民生香港,香港永明金融有限公司,储蓄,万年青·卓金计划,5,年缴,美金,100000,780000,780000,,0,NONPI,59%,45834,45836,45838,45855,,JF9727,杨荔茜
D001742,611208707,生效,怡泰财富管理有限公司,经代业务,BK业务,银行网点,民生银行,,民生郑州,香港永明金融有限公司,储蓄,万年青·卓金计划,5,年缴,美金,120000,936000,936000,600000,0,NONPI,59%,45834,45838,45841,45876,,IA6464,连亮晴
D001743,611208273,生效,怡泰财富管理有限公司,经代业务,同行经代,持牌资管,松石保险,Pinerock,松石保险,香港永明金融有限公司,储蓄,万年青星河尊享计划,5,年缴,人民币,450000,513000,513000,,0,NONPI,,45834,45836,45838,45868,Mark,JF7523,吕静文
D001747,611195677,生效,怡泰财富管理有限公司,代理人业务,成事家办,IYB分公司,杨帆,,杨帆,香港永明金融有限公司,储蓄,万年青星河传承计划,5,预缴,美金,10000,78000,78000,,0,NONPI,,45835,45838,45840,45849,,JF9727,杨荔茜
D001748,611203396,生效,怡泰财富管理有限公司,代理人业务,成事家办,IYB分公司,杨璐熙,机构,杨璐熙,香港永明金融有限公司,储蓄,万年青星河传承计划,5,预缴,美金,50000,390000,390000,,0,NONPI,,45835,45838,45840,45884,,JF7523,吕静文
D001749,611208275,生效,怡泰财富管理有限公司,代理人业务,成事家办,IYB分公司,杨帆,,杨帆,香港永明金融有限公司,储蓄,万年青星河尊享计划,5,预缴,美金,30000,234000,234000,,0,NONPI,,45835,45836,45840,45889,,JF7523,吕静文
U000169,611208313,生效,众和恒富理财集团有限公司,KA业务,合伙转介业务,同行机构转介,宝了么,宝了么,张凯,香港永明金融有限公司,储蓄,万年青星河尊享计划,5,年缴,美金,100000,780000,780000,,0,NONPI,,45835,45837,45845,45862,,JJ4989,罗雨竹
U000170,611208529,退保,众和恒富理财集团有限公司,KA业务,合伙转介业务,同行机构转介,宝了么,宝了么,董吉鹏 ,香港永明金融有限公司,储蓄,万年青星河尊享计划,5,年缴,人民币,200000,228000,228000,,0,NONPI,,45835,45835,45838,45863,,JH9602,余文茜
J000834,602068663,生效,九富保险服务有限公司,代理人业务,天领业务,天领贴牌,广西贴牌,广西锐领,包晓燕,香港永明金融有限公司,储蓄,万年青星河尊享计划,5,预缴,美金,20000,156000,156000,,0,NONPI,,45835,45836,45838,45847,,JF7605,林思思
D001750,611195574,生效,怡泰财富管理有限公司,KA业务,合伙转介业务,异业机构转介,荻邦咨询,安昱,叶小舟,香港永明金融有限公司,储蓄,万年青星河尊享计划,5,年缴,美金,20000,156000,156000,,0,NONPI,,45835,45837,45840,45867,,JF2281,赖晔敏
U000171,611208562,生效,众和恒富理财集团有限公司,KA业务,合伙转介业务,异业机构转介,瑞乐国际,瑞乐国际,瑞乐国际,香港永明金融有限公司,储蓄,万年青星河尊享计划,5,预缴,美金,50000,390000,390000,,0,NONPI,,45835,45838,45841,45841,,JH9602,余文茜
U000172,611208560,生效,众和恒富理财集团有限公司,KA业务,合伙转介业务,同行机构转介,宝了么,宝了么,王盾,香港永明金融有限公司,储蓄,万年青星河传承计划,5,年缴,美金,100000,780000,780000,,0,NONPI,,45835,45838,45841,45853,,JH9602,余文茜
D001751,611208711,生效,怡泰财富管理有限公司,经代业务,BK业务,银行网点,民生银行,,民生南京,香港永明金融有限公司,储蓄,万年青·卓金计划,5,年缴,美金,50000,390000,390000,250000,0,NONPI,59%,45835,45838,45841,45863,,JH9449,李思齐
L000121,92644395,生效,利泰丰财富管理有限公司,代理人业务,天领业务,天领机构,天领重庆,鼎汇,黎娟,万通保险国际有限公司,储蓄,富饶千秋储蓄计划,5,预缴,美金,30000,234000,234000,,0,NONPI,,45835,45838,45840,45860,,JJ5633,陈昊锴
D001752,611208815,生效,怡泰财富管理有限公司,经代业务,BK业务,银行网点,民生银行,,民生合肥,香港永明金融有限公司,储蓄,万年青·卓金计划,5,年缴,美金,200000,1560000,1560000,1000000,0,NONPI,20%,45835,45838,45840,45873,,JF9727,杨荔茜
D001753,611208708,生效,怡泰财富管理有限公司,经代业务,BK业务,银行网点,民生银行,,民生合肥,香港永明金融有限公司,储蓄,万年青·卓金计划,5,年缴,美金,100000,780000,780000,500000,0,NONPI,20%,45835,45838,45841,45855,,IA6464,连亮晴
D001755,611208710,生效,怡泰财富管理有限公司,经代业务,BK业务,银行网点,民生银行,,民生重庆,香港永明金融有限公司,储蓄,万年青·卓金计划,5,年缴,美金,100000,780000,780000,500000,0,NONPI,20%,45836,45838,45841,45848,,JH9449,李思齐
J000835,602068668,生效,九富保险服务有限公司,KA业务,合伙转介业务,同行机构转介,宝了么,宝了么,张宇,香港永明金融有限公司,储蓄,万年青星河尊享计划,5,年缴,美金,10000,78000,78000,,0,NONPI,,45837,45838,45841,45861,,JF7605,林思思
J000837,602068669,生效,九富保险服务有限公司,KA业务,合伙转介业务,同行机构转介,懿丰家族,FO,Henry,香港永明金融有限公司,储蓄,万年青星河传承计划,5,年缴,美金,30000,234000,234000,,0,NONPI,,45838,45838,45853,45861,,JF6047,林冠丞
J000838,602068672,生效,九富保险服务有限公司,KA业务,合伙转介业务,同行机构转介,雨泽,雨泽,白博文,香港永明金融有限公司,储蓄,万年青星河尊享计划,5,年缴,美金,20000,156000,156000,,0,NONPI,,45838,45838,45841,45868,,JJ3840,温海伦
U000173,611208561,生效,众和恒富理财集团有限公司,KA业务,合伙转介业务,同行机构转介,宝了么,宝了么,王盾,香港永明金融有限公司,储蓄,万年青星河传承计划,5,年缴,美金,50000,390000,390000,,0,NONPI,,45836,45838,45841,45849,,JH9602,余文茜
D001757,611203398,生效,怡泰财富管理有限公司,经代业务,BK业务,银行网点,民生银行,,民生北京,香港永明金融有限公司,储蓄,万年青·卓金计划,5,预缴,美金,60000,468000,468000,300000,0,NONPI,20%,45835,45835,45841,45860,,IA6464,连亮晴
D001759,611208675,生效,怡泰财富管理有限公司,经代业务,BK业务,银行网点,民生银行,,民生北京,香港永明金融有限公司,储蓄,万年青·卓金计划,5,年缴,美金,100000,780000,780000,250000,0,NONPI,20%,45838,45838,45842,45854,,IA6464,连亮晴
J000839,602068406,生效,九富保险服务有限公司,代理人业务,天领业务,天领机构,天领重庆,Starry,徐雪,香港永明金融有限公司,储蓄,万年青·星河尊享保险计划II,5,年缴,美金,30000,234000,234000,,0,NONPI,,45840,45846,45846,45856,,JJ3840,温海伦
J000840,602068766,生效,九富保险服务有限公司,代理人业务,天领业务,天领机构,天领重庆,Global  District,李谷亿,香港永明金融有限公司,储蓄,万年青·星河尊享保险计划II,2,预缴,美金,344136,2684260.8,2684260.8,,0,NONPI,,45840,45859,45859,45882,,JJ3840,温海伦
J000841,602068625,生效,九富保险服务有限公司,代理人业务,天领业务,天领机构,天领成都,玖晟,曾韩,香港永明金融有限公司,重疾,万家康卓越保,20,年缴,美金,1084,8455.2,8455.2,100000,0,NONPI,,45840,45842,45842,45863,,JJ8674,许家乐
D001760,611195678,生效,怡泰财富管理有限公司,经代业务,BK业务,银行网点,民生银行,,民生郑州,香港永明金融有限公司,储蓄,万年青·卓金保险计划II,5,年缴,美金,50000,390000,390000,250000,0,NONPI,59%,45841,45841,45845,45884,,JF9727,杨荔茜
D001761,611208709,生效,怡泰财富管理有限公司,经代业务,BK业务,银行网点,平安银行,许菁,平安香港,香港永明金融有限公司,储蓄,永誉传承储蓄计划,1,整付,美金,500000,3900000,390000,,1,NONPI,,45841,45842,45909,45947,,JF2281,赖晔敏
D001762,14072823,生效,怡泰财富管理有限公司,代理人业务,天领业务,天领机构,天领重庆,StellarNest,章立,保诚保险有限公司,储蓄,信守明天多元货币计划,5,预缴,美金,10000,78000,78000,,0,NONPI,,45841,45850,45850,45850,,JF2281,赖晔敏
D001763,611208862,生效,怡泰财富管理有限公司,代理人业务,成事家办,IYB分公司,杨璐熙,,杨璐熙,香港永明金融有限公司,储蓄,万年青·星河传承保险计划II,5,年缴,美金,200000,1560000,1560000,,0,NONPI,,45841,45847,45854,45860,,JH6936,余迪慷
D001764,3808463305,生效,怡泰财富管理有限公司,代理人业务,天领业务,天领贴牌,广西贴牌,广西锐领,罗莉,宏利人寿保险（国际）有限公司,储蓄,宏挚传承保障计划,15,年缴,美金,3000.02,23400.156,23400.156,,0,NONPI,,45837,45837,45838,45848,,JF7523,吕静文
D001765,711000011,生效,怡泰财富管理有限公司,经代业务,同行经代,持牌资管,利泰丰,,马君健,香港永明金融有限公司,万用寿险,永尚指数型万用寿险,1,整付,美金,4600000,35880000,3588000,,1,NONPI,0.01,45844,45845,45852,45869,,IA6464,连亮晴
D001766,611208673,生效,怡泰财富管理有限公司,代理人业务,成事家办,IYB分公司,杨帆,,杨帆,香港永明金融有限公司,储蓄,万年青·星河尊享保险计划II,5,预缴,美金,20000,156000,156000,,0,NONPI,,45845,45847,45847,45856,,JF2281,赖晔敏
D001767,611208577,生效,怡泰财富管理有限公司,经代业务,同行经代,持牌资管,利泰丰,,汪诗莹,香港永明金融有限公司,储蓄,永盈储蓄计划,1,整付,美金,1500000,11700000,1170000,,1,NONPI,5%,45859,45863,45880,45912,,JF2281,赖晔敏
D001768,611208832,生效,怡泰财富管理有限公司,代理人业务,成事家办,IYB分公司,杨璐熙,,杨璐熙,香港永明金融有限公司,储蓄,万年青·星河尊享保险计划II,2,预缴,美金,75000,585000,585000,,0,NONPI,,45845,45854,45863,45889,,JH6936,余迪慷
D001769,611208679,生效,怡泰财富管理有限公司,KA业务,合伙转介业务,异业机构转介,明德长青,明德长青,明德长青,香港永明金融有限公司,储蓄,万年青·星河传承保险计划II,5,年缴,美金,100000,780000,780000,,0,NONPI,,45845,45853,45854,45861,,JF2281,赖晔敏
D001770,611208674,生效,怡泰财富管理有限公司,代理人业务,成事家办,IYB分公司,丁洁,,丁洁,香港永明金融有限公司,储蓄,万年青·星河尊享保险计划II,5,年缴,美金,6000,46800,46800,,0,NONPI,,45846,45848,45849,45856,,JF2281,赖晔敏
D001771,611208671,生效,怡泰财富管理有限公司,代理人业务,成事家办,IYB分公司,丁洁,,丁洁,香港永明金融有限公司,储蓄,万年青·星河尊享保险计划II,5,年缴,美金,6000,46800,46800,,0,NONPI,,45846,45848,45849,45856,,JF2281,赖晔敏
J000842,602068661,生效,九富保险服务有限公司,代理人业务,天领业务,天领机构,天领重庆,Miracle,程琦,香港永明金融有限公司,储蓄,万年青·星河尊享保险计划II,5,预缴,美金,20000,156000,156000,,0,NONPI,,45846,45863,45863,45876,,JF7605,林思思
U000177,611208316,生效,众和恒富理财集团有限公司,KA业务,ICLUB业务,异业机构转介,银科,机构,银科,香港永明金融有限公司,储蓄,万年青·星河传承保险计划II,5,年缴,美金,10000,78000,78000,,0,NONPI,,45846,45855,45856,45862,,JJ4989,罗雨竹
D001773,611208861,生效,怡泰财富管理有限公司,代理人业务,成事家办,IYB分公司,杨璐熙,,杨璐熙,香港永明金融有限公司,储蓄,万年青·星河传承保险计划II,5,年缴,美金,200000,1560000,1560000,,0,NONPI,,45847,45847,45854,45869,,JH6936,余迪慷
D001777,611208829,生效,怡泰财富管理有限公司,代理人业务,成事家办,IYB分公司,杨帆,,杨帆,香港永明金融有限公司,储蓄,万年青·星河尊享保险计划II,5,年缴,美金,60000,468000,468000,,0,NONPI,,45847,45849,45854,45860,,JH6936,余迪慷
D001778,611208831,生效,怡泰财富管理有限公司,代理人业务,成事家办,IYB分公司,杨帆,,杨帆,香港永明金融有限公司,储蓄,万年青·星河尊享保险计划II,5,年缴,美金,30000,234000,234000,,0,NONPI,,45847,45849,45854,45860,,JH6936,余迪慷
U000178,611208319,生效,众和恒富理财集团有限公司,KA业务,合伙转介业务,同行机构转介,宝了么,宝了么,刘萍,香港永明金融有限公司,储蓄,万年青·星河尊享保险计划II,5,年缴,美金,30000,234000,234000,,0,NONPI,,45846,45847,45849,45856,,JJ4989,罗雨竹
D001779,611208677,生效,怡泰财富管理有限公司,代理人业务,成事家办,IYB分公司,杨帆,,杨帆,香港永明金融有限公司,储蓄,万年青·星河传承保险计划II,5,预缴,美金,100000,780000,780000,,0,NONPI,,45849,45852,45853,45860,,JF2281,赖晔敏
D001780,611203262,生效,怡泰财富管理有限公司,经代业务,BK业务,银行网点,民生银行,,民生南京,香港永明金融有限公司,储蓄,万年青·卓金保险计划II,5,年缴,美金,50000,390000,390000,250000,0,NONPI,20%,45849,45852,45854,45859,,JF9727,杨荔茜
D001781,611208730,生效,怡泰财富管理有限公司,KA业务,合伙转介业务,同行机构转介,加利利,加利利,加利利,香港永明金融有限公司,储蓄,万年青·星河尊享保险计划II,2,年缴,美金,150000,1170000,1170000,,0,NONPI,,45849,45857,45859,45887,,IA6464,连亮晴
D001782,611208680,生效,怡泰财富管理有限公司,代理人业务,成事家办,IYB分公司,杨帆,,杨帆,香港永明金融有限公司,储蓄,万年青·星河传承保险计划II,5,年缴,美金,10000,78000,78000,,0,NONPI,,45849,45852,45853,45952,,JF2281,赖晔敏
J000844,602068767,生效,九富保险服务有限公司,代理人业务,成事家办,IYB分公司,杨洪美,,杨洪美,香港永明金融有限公司,储蓄,万年青·星河传承保险计划II,5,年缴,美金,50000,390000,390000,,0,NONPI,,45852,45859,45860,45876,,JJ3840,温海伦
U000180,611208530,生效,众和恒富理财集团有限公司,KA业务,合伙转介业务,同行机构转介,宝了么,宝了么,李林奋,香港永明金融有限公司,储蓄,万年青·星河尊享保险计划II,5,预缴,美金,3300,25740,25740,,0,NONPI,,45852,45852,45853,45863,,JH9602,余文茜
U000181,611208188,生效,众和恒富理财集团有限公司,KA业务,合伙转介业务,异业机构转介,荻邦咨询,优智荻邦,周迪,香港永明金融有限公司,储蓄,万年青·星河尊享保险计划II,2,年缴,美金,125000,975000,975000,,0,NONPI,,45852,45853,45853,45863,,JH9602,余文茜
U000182,611203241,生效,众和恒富理财集团有限公司,KA业务,合伙转介业务,同行机构转介,宝了么,宝了么,董吉鹏 ,香港永明金融有限公司,储蓄,万年青·星河尊享保险计划II,2,年缴,人民币,300000,342000,342000,,0,NONPI,,45852,45855,45856,45862,,JJ4989,罗雨竹
D001785,988530332,生效,怡泰财富管理有限公司,经代业务,同行经代,持牌资管,利泰丰,,李竞超,香港永明金融有限公司,医疗,永明满心医疗保,终身,年缴,美金,785,6123,6123,,0,NONPI,,45853,45857,45859,45951,,JF2281,赖晔敏
D001786,611208698,生效,怡泰财富管理有限公司,经代业务,同行经代,持牌资管,利泰丰,,李竞超,香港永明金融有限公司,重疾,万家康尊尚保,10,年缴,美金,21656.25,168918.75,168918.75,625000,0,NONPI,,45853,45857,45859,45968,,JF2281,赖晔敏
U000183,611195313,生效,众和恒富理财集团有限公司,KA业务,合伙转介业务,同行机构转介,雨泽,雨泽,白博文,香港永明金融有限公司,储蓄,万年青·星河尊享保险计划II,5,年缴,美金,10000,78000,78000,,0,NONPI,,45853,45866,45869,45875,,JJ4989,罗雨竹
J000846,602068627,生效,九富保险服务有限公司,代理人业务,成事家办,IYB分公司,刘微,,刘微,香港永明金融有限公司,储蓄,万年青·星河传承保险计划II,5,年缴,美金,30000,234000,234000,,0,NONPI,,45853,45859,45860,45863,,JJ8674,许家乐
J000847,602068630,生效,九富保险服务有限公司,代理人业务,成事家办,IYB分公司,刘微,,刘微,香港永明金融有限公司,储蓄,万年青·星河传承保险计划II,5,年缴,美金,60000,468000,468000,,0,NONPI,,45853,45859,45860,45869,,JJ8674,许家乐
L000122,92804597,生效,利泰丰财富管理有限公司,代理人业务,天领业务,天领机构,天领重庆,鼎汇,周蕊,万通保险国际有限公司,储蓄,富饶千秋储蓄计划,5,年缴,美金,3000,23400,23400,,0,NONPI,,45853,45856,45856,45862,,JJ5633,陈昊锴
D001788,611208728,生效,怡泰财富管理有限公司,经代业务,同行经代,持牌资管,松石保险,Pinerock,松石保险,香港永明金融有限公司,储蓄,万年青·星河尊享保险计划II,5,预缴,美金,50000,390000,390000,,0,NONPI,,45854,45861,45863,45887,Mark,JH6936,余迪慷
J000848,602068662,生效,九富保险服务有限公司,代理人业务,天领业务,天领机构,天领成都,致合,许林,香港永明金融有限公司,储蓄,万年青·星河尊享保险计划II,5,年缴,美金,20000,156000,156000,,0,NONPI,,45854,45856,45856,45888,,JF7605,林思思
D001789,611203258,生效,怡泰财富管理有限公司,经代业务,BK业务,银行网点,民生银行,,民生上海,香港永明金融有限公司,储蓄,万年青·卓金保险计划II,5,年缴,美金,50000,390000,390000,250000,0,NONPI,59%,45856,45866,45867,45876,,JF9727,杨荔茜
U000184,611203281,生效,众和恒富理财集团有限公司,KA业务,合伙转介业务,同行机构转介,雨泽,雨泽,白博文,香港永明金融有限公司,储蓄,万年青·星河尊享保险计划II,5,预缴,美金,50000,390000,390000,,0,NONPI,10%,45857,45859,45876,45881,,JJ4989,罗雨竹
U000185,611208534,生效,众和恒富理财集团有限公司,KA业务,ICLUB业务,异业机构转介,银科,机构,银科,香港永明金融有限公司,储蓄,万年青·星河传承保险计划II,5,预缴,美金,10000,78000,78000,,0,NONPI,,45859,45863,45864,45876,,JH9602,余文茜
U000186,611203283,生效,众和恒富理财集团有限公司,KA业务,ICLUB业务,异业机构转介,个人转介,理财师,华严斌,香港永明金融有限公司,储蓄,万年青·星河尊享保险计划II,5,年缴,美金,10000,78000,78000,,0,NONPI,,45857,45867,45869,45883,,JJ4989,罗雨竹
U000187,611203395,生效,众和恒富理财集团有限公司,KA业务,ICLUB业务,异业机构转介,个人转介,理财师,刘光媚,香港永明金融有限公司,重疾,万家康卓越保,25,年缴,美金,1298,10124.4,10124.4,100000,0,NONPI,,45859,45867,45881,45884,,JF7523,吕静文
J000849,602068768,生效,九富保险服务有限公司,代理人业务,天领业务,天领机构,天领成都,高山,赖娟,香港永明金融有限公司,储蓄,万年青·星河尊享保险计划II,2,预缴,美金,50000,390000,390000,,0,NONPI,,45859,45862,45862,45888,,JJ3840,温海伦
J000850,602068665,生效,九富保险服务有限公司,代理人业务,天领业务,天领机构,天领成都,高山,赖娟,香港永明金融有限公司,储蓄,万年青·星河尊享保险计划II,5,年缴,美金,10000,78000,78000,,0,NONPI,,45859,45862,45863,45875,,JF7605,林思思
D001790,611208833,生效,怡泰财富管理有限公司,代理人业务,成事家办,IYB分公司,杨璐熙,,杨璐熙,香港永明金融有限公司,储蓄,万年青·星河尊享保险计划II,5,预缴,美金,20000,156000,156000,,0,NONPI,,45860,45864,45866,45869,,JH6936,余迪慷
D001791,611208787,生效,怡泰财富管理有限公司,代理人业务,成事家办,IYB分公司,杨璐熙,,杨璐熙,香港永明金融有限公司,储蓄,万年青·星河传承保险计划II,5,预缴,美金,30000,234000,234000,,0,NONPI,,45860,45864,45866,45869,,JH6936,余迪慷
J000851,602068664,生效,九富保险服务有限公司,代理人业务,天领业务,天领机构,天领重庆,Starry,王茜,香港永明金融有限公司,储蓄,万年青·星河尊享保险计划II,5,年缴,美金,30000,234000,234000,,0,NONPI,,45860,45868,45873,45883,,JJ7859,张浩晖
U000189,611208564,生效,众和恒富理财集团有限公司,KA业务,合伙转介业务,同行机构转介,雨泽,雨泽,白博文,香港永明金融有限公司,储蓄,万年青·星河尊享保险计划II,5,预缴,美金,10000,78000,78000,,0,NONPI,,45861,45864,45867,45884,,JH9602,余文茜
U000190,611208533,生效,众和恒富理财集团有限公司,KA业务,ICLUB业务,异业机构转介,银科,机构,银科,香港永明金融有限公司,储蓄,万年青·星河传承保险计划II,2,预缴,美金,75000,585000,585000,,0,NONPI,,45861,45863,45864,45877,,JH9602,余文茜
U000191,611203284,生效,众和恒富理财集团有限公司,KA业务,ICLUB业务,异业机构转介,个人转介,理财师,吕洋,香港永明金融有限公司,储蓄,万年青·星河传承保险计划II,5,预缴,美金,81200,633360,633360,,0,NONPI,,45861,45869,45877,45880,,JJ4989,罗雨竹
D001792,3808794030,生效,怡泰财富管理有限公司,KA业务,ICLUB业务,异业机构转介,银科,机构,银科,宏利人寿保险（国际）有限公司,储蓄,宏挚传承保障计划,1,整付,美金,100000,780000,78000,,0,NONPI,,45861,45863,45863,45896,,JH6936,余迪慷
D001793,611208686,生效,怡泰财富管理有限公司,经代业务,BK业务,银行网点,平安银行,钟丽丽,平安香港,香港永明金融有限公司,储蓄,永誉传承储蓄计划,1,整付,美金,1380000,10764000,1076400,,1,NONPI,,45861,45862,45888,45909,,JF2281,赖晔敏
D001794,611208789,生效,怡泰财富管理有限公司,代理人业务,成事家办,IYB分公司,杨帆,,杨帆,香港永明金融有限公司,储蓄,万年青·星河尊享保险计划II,5,预缴,美金,200000,1560000,1560000,,0,NONPI,,45862,45874,45887,45894,,JH6936,余迪慷
J000853,602068830,生效,九富保险服务有限公司,代理人业务,成事家办,IYB分公司,丁洁,,丁洁,香港永明金融有限公司,储蓄,万年青·星河尊享保险计划II,5,预缴,美金,50000,390000,390000,,0,NONPI,,45863,45871,45873,45876,,JJ7859,张浩晖
D001796,611208732,生效,怡泰财富管理有限公司,经代业务,同行经代,持牌资管,松石保险,Pinerock,松石保险,香港永明金融有限公司,储蓄,万年青·星河尊享保险计划II,2,年缴,美金,25000,195000,195000,,0,NONPI,,45865,45866,,45876,Mark,JF2281,赖晔敏
U000192,611208535,生效,众和恒富理财集团有限公司,KA业务,合伙转介业务,同行机构转介,雨泽,雨泽,白博文,香港永明金融有限公司,储蓄,万年青·星河尊享保险计划II,5,年缴,美金,50000,390000,390000,,0,NONPI,,45863,45864,45867,45869,,JH9602,余文茜
U000193,611208565,生效,众和恒富理财集团有限公司,KA业务,合伙转介业务,同行机构转介,雨泽,雨泽,白博文,香港永明金融有限公司,储蓄,万年青·星河尊享保险计划II,2,年缴,美金,60000,468000,468000,,0,NONPI,,45865,45866,45867,45876,,JH9602,余文茜
U000194,611208682,生效,众和恒富理财集团有限公司,KA业务,ICLUB业务,异业机构转介,个人转介,理财师,张锐,香港永明金融有限公司,储蓄,万年青·星河尊享保险计划II,5,年缴,美金,30000,234000,234000,,0,NONPI,,45866,45870,45871,45910,,JF7523,吕静文
U000195,611203285,生效,众和恒富理财集团有限公司,KA业务,合伙转介业务,同行机构转介,雨泽,雨泽,白博文,香港永明金融有限公司,储蓄,万年青·星河尊享保险计划II,5,预缴,美金,50000,390000,390000,,0,NONPI,10%,45866,45867,45877,45889,,JJ4989,罗雨竹
J000854,602068798,生效,九富保险服务有限公司,代理人业务,成事家办,IYB分公司,杨璐熙,,杨璐熙,香港永明金融有限公司,储蓄,万年青·星河传承保险计划II,5,年缴,美金,50000,390000,390000,,0,NONPI,,45867,45871,45876,45890,,JF7605,林思思
J000855,602068829,生效,九富保险服务有限公司,代理人业务,成事家办,IYB分公司,杨璐熙,,杨璐熙,香港永明金融有限公司,储蓄,万年青·星河传承保险计划II,5,年缴,美金,50000,390000,390000,,0,NONPI,,45867,45871,45876,45880,,JF7605,林思思
U000199,611195617,生效,众和恒富理财集团有限公司,KA业务,合伙转介业务,同行机构转介,迪岸,迪岸,赵瑞,香港永明金融有限公司,储蓄,万年青·星河尊享保险计划II,2,年缴,美金,50000,390000,390000,,0,NONPI,,45867,45873,45873,45877,,JF7523,吕静文
U000200,611208685,退保,众和恒富理财集团有限公司,KA业务,合伙转介业务,同行机构转介,迪岸,迪岸,王锐,香港永明金融有限公司,储蓄,万年青·星河尊享保险计划II,5,年缴,人民币,30000,34200,34200,,0,NONPI,,45867,45870,45873,45880,,JF7523,吕静文
U000201,611208210,生效,众和恒富理财集团有限公司,KA业务,ICLUB业务,异业机构转介,个人转介,理财师,王一,香港永明金融有限公司,储蓄,万年青·星河尊享保险计划II,5,预缴,美金,100000,780000,780000,,0,NONPI,,45868,45871,45881,45888,,JJ4989,罗雨竹
U000202,611208209,生效,众和恒富理财集团有限公司,KA业务,ICLUB业务,异业机构转介,个人转介,理财师,王一,香港永明金融有限公司,储蓄,万年青·星河尊享保险计划II,5,预缴,美金,100000,780000,780000,,0,NONPI,,45868,45871,45881,45887,,JJ4989,罗雨竹
J000856,602068633,生效,九富保险服务有限公司,代理人业务,成事家办,IYB分公司,杨帆,,杨帆,香港永明金融有限公司,储蓄,万年青·星河尊享保险计划II,2,年缴,人民币,200000,228000,228000,,0,NONPI,,45868,45869,45869,45883,,JJ8674,许家乐
J000857,602068782,生效,九富保险服务有限公司,KA业务,合伙转介业务,同行机构转介,德约,河北分公司,吴迪,香港永明金融有限公司,储蓄,万年青·星河尊享保险计划II,2,预缴,美金,25000,195000,195000,,0,NONPI,,45868,45873,45876,45950,,JF7605,林思思
J000858,602068783,生效,九富保险服务有限公司,KA业务,合伙转介业务,同行机构转介,德约,河北分公司,吴迪,香港永明金融有限公司,储蓄,万年青·星河尊享保险计划II,2,预缴,美金,25000,195000,195000,,0,NONPI,,45868,45873,45876,45950,,JF7605,林思思
U000204,611208691,退保,众和恒富理财集团有限公司,KA业务,合伙转介业务,同行机构转介,雨泽,雨泽,白博文,香港永明金融有限公司,储蓄,万年青·星河尊享保险计划II,5,年缴,美金,50000,390000,390000,,0,NONPI,10%,45869,45869,45873,45890,,JF7523,吕静文
U000205,611208541,生效,众和恒富理财集团有限公司,KA业务,合伙转介业务,同行机构转介,迪岸,迪岸,吴丽珍,香港永明金融有限公司,储蓄,万年青·星河尊享保险计划II,5,预缴,美金,14000,109200,109200,,0,NONPI,,45869,45873,45873,45887,,JH9602,余文茜
D001797,611203277,生效,怡泰财富管理有限公司,经代业务,BK业务,银行网点,民生银行,梁驹,民生香港,香港永明金融有限公司,储蓄,万年青·卓金保险计划II,5,年缴,美金,50000,390000,390000,250000,0,NONPI,59%,45868,45870,45877,45891,,JF9727,杨荔茜
D001798,611208765,生效,怡泰财富管理有限公司,经代业务,BK业务,银行网点,民生银行,,民生杭州,香港永明金融有限公司,储蓄,万年青·卓金保险计划II,5,预缴,美金,184000,1435200,1435200,920000,0,NONPI,20%,45869,45876,45880,45888,,JH6936,余迪慷
U000210,611208540,生效,众和恒富理财集团有限公司,KA业务,合伙转介业务,同行机构转介,迪岸,迪岸,张颖,香港永明金融有限公司,储蓄,万年青·星河尊享保险计划II,5,预缴,美金,12000,93600,93600,,0,NONPI,,45871,45873,45873,45883,,JH9602,余文茜
U000211,611208539,生效,众和恒富理财集团有限公司,KA业务,合伙转介业务,同行机构转介,迪岸,迪岸,迪岸,香港永明金融有限公司,储蓄,万年青·星河尊享保险计划II,2,年缴,人民币,400000,456000,456000,,0,NONPI,,45872,45873,45873,45902,,JH9602,余文茜
D001800,611208834,生效,怡泰财富管理有限公司,KA业务,ICLUB业务,异业机构转介,新风,机构,新风,香港永明金融有限公司,储蓄,万年青·星河传承保险计划II,5,年缴,美金,30000,234000,234000,,0,NONPI,,45873,45877,45880,45882,,JH6936,余迪慷
U000212,611194474,生效,众和恒富理财集团有限公司,KA业务,ICLUB业务,异业机构转介,银科,机构,银科,香港永明金融有限公司,储蓄,万年青·星河传承保险计划II,5,年缴,美金,3000,23400,23400,,0,NONPI,,45873,45882,45882,45889,,JF7523,吕静文
U000213,611208614,生效,众和恒富理财集团有限公司,KA业务,合伙转介业务,同行机构转介,迪岸,迪岸,迪岸,香港永明金融有限公司,储蓄,万年青·星河尊享保险计划II,5,年缴,美金,5000,39000,39000,,0,NONPI,,45873,45884,45884,45891,,JF7523,吕静文
D001801,611208842,生效,怡泰财富管理有限公司,KA业务,合伙转介业务,同行个人转介,个人转介,,张曦Cissy,香港永明金融有限公司,储蓄,万年青·星河尊享保险计划II,2,年缴,美金,120000,936000,936000,,0,NONPI,,45874,45883,45887,45891,,JH6936,余迪慷
U000214,611221157,生效,众和恒富理财集团有限公司,KA业务,ICLUB业务,异业机构转介,个人转介,理财师,范文杰,香港永明金融有限公司,储蓄,万年青·星河尊享保险计划II,5,预缴,美金,60000,468000,468000,,0,NONPI,10%,45874,45894,45534,45940,,JH9602,余文茜
U000215,611208547,生效,众和恒富理财集团有限公司,KA业务,合伙转介业务,同行机构转介,雨泽,雨泽,白博文,香港永明金融有限公司,储蓄,万年青·星河尊享保险计划II,5,预缴,美金,10000,78000,78000,,0,NONPI,,45874,45883,45888,45895,,JH9602,余文茜
U000216,611208568,生效,众和恒富理财集团有限公司,KA业务,合伙转介业务,同行机构转介,迪岸,迪岸,迪岸,香港永明金融有限公司,储蓄,万年青·星河尊享保险计划II,2,年缴,美金,250000,1950000,1950000,,0,NONPI,,45874,45882,45882,45889,,JF7523,吕静文
U000217,611203246,生效,众和恒富理财集团有限公司,KA业务,ICLUB业务,异业机构转介,个人转介,理财师,戴龙,香港永明金融有限公司,储蓄,万年青·星河尊享保险计划II,2,年缴,美金,50000,390000,390000,,0,NONPI,,45874,45876,45877,45905,,JF7523,吕静文
U000218,A000002820,生效,众和恒富理财集团有限公司,KA业务,合伙转介业务,同行机构转介,雨泽,雨泽,白博文,中国太平洋保险（香港）有限公司,储蓄,金如意储蓄寿险计划,2,预缴,美金,200000,1560000,1560000,,0,NONPI,,45874,45875,45882,45930,,JJ4989,罗雨竹
U000219,611208536,生效,众和恒富理财集团有限公司,经代业务,同行经代,持牌经纪,唯思,唯思,唯思管理,香港永明金融有限公司,储蓄,万年青·星河传承保险计划II,5,年缴,美金,10000,78000,78000,,0,NONPI,,45875,45880,45880,45891,战略合作,JF7523,吕静文
U000220,611208611,生效,众和恒富理财集团有限公司,经代业务,同行经代,持牌经纪,唯思,唯思,唯思管理,香港永明金融有限公司,储蓄,万年青·星河尊享保险计划II,5,年缴,美金,50000,390000,390000,,0,NONPI,,45875,45884,45884,45894,战略合作,JF7523,吕静文
D001802,611203255,生效,怡泰财富管理有限公司,经代业务,BK业务,银行网点,平安银行,李特,平安香港,香港永明金融有限公司,储蓄,永誉传承储蓄计划,1,整付,美金,1000000,7800000,780000,,1,NONPI,,45875,45876,45905,45922,,JH6936,余迪慷
D001804,611208585,生效,怡泰财富管理有限公司,经代业务,BK业务,银行网点,平安银行,李特,平安香港,香港永明金融有限公司,储蓄,永誉传承储蓄计划,1,整付,美金,1000000,7800000,780000,,1,NONPI,,45876,45883,45894,45912,,JF2281,赖晔敏
U000221,611203279,生效,众和恒富理财集团有限公司,经代业务,同行经代,持牌经纪,唯思,唯思,唯思管理,香港永明金融有限公司,储蓄,万年青·星河尊享保险计划II,5,年缴,美金,15000,117000,117000,,0,NONPI,,45876,45877,45880,45882,战略合作,JF7523,吕静文
U000222,611203282,生效,众和恒富理财集团有限公司,经代业务,同行经代,持牌经纪,唯思,唯思,唯思管理,香港永明金融有限公司,储蓄,万年青·星河尊享保险计划II,2,年缴,美金,35000,273000,273000,,0,NONPI,,45876,45877,45880,45897,战略合作,JF7523,吕静文
U000223,611203245,生效,众和恒富理财集团有限公司,KA业务,合伙转介业务,同行机构转介,迪岸,迪岸,迪岸,香港永明金融有限公司,储蓄,万年青·星河尊享保险计划II,2,年缴,美金,50000,390000,390000,,0,NONPI,,45876,45876,45877,45894,,JF7523,吕静文
U000224,611208549,生效,众和恒富理财集团有限公司,KA业务,IFA业务,异业机构转介,IFA,IFA,李璞,香港永明金融有限公司,储蓄,万年青·星河尊享保险计划II,5,预缴,美金,10000,78000,78000,,0,NONPI,,45901,45903,45903,45905,,JH9602,余文茜
D001805,611208690,生效,怡泰财富管理有限公司,经代业务,BK业务,银行网点,平安银行,徐艳,平安香港,香港永明金融有限公司,储蓄,永誉传承储蓄计划,1,整付,美金,1000000,7800000,780000,,1,NONPI,,45877,45884,45898,45922,,JF2281,赖晔敏
U000225,611208555,生效,众和恒富理财集团有限公司,KA业务,合伙转介业务,同行机构转介,迪岸,迪岸,迪岸,香港永明金融有限公司,储蓄,万年青·星河尊享保险计划II,5,预缴,美金,100000,780000,780000,,0,NONPI,,45877,45880,45880,45916,,JH9602,余文茜
U000227,611203394,生效,众和恒富理财集团有限公司,KA业务,合伙转介业务,同行机构转介,迪岸,迪岸,迪岸,香港永明金融有限公司,储蓄,万年青·星河尊享保险计划II,5,年缴,美金,20000,156000,156000,,0,NONPI,,45877,45885,45885,45895,,JF7523,吕静文
U000228,611208563,生效,众和恒富理财集团有限公司,KA业务,合伙转介业务,同行机构转介,迪岸,迪岸,迪岸,香港永明金融有限公司,储蓄,万年青·星河尊享保险计划II,2,年缴,美金,50000,390000,390000,,0,NONPI,,45877,45887,45889,45916,,JH9602,余文茜
D001806,611208835,生效,怡泰财富管理有限公司,经代业务,BK业务,银行网点,民生银行,,民生重庆,香港永明金融有限公司,人寿,永延保障计划,20,年缴,美金,7545,58851,58851,500000,0,NONPI,20%,45877,45880,45897,45930,,JH6936,余迪慷
U000229,611208538,生效,众和恒富理财集团有限公司,KA业务,ICLUB业务,异业机构转介,个人转介,理财师,戴龙,香港永明金融有限公司,重疾,万家康尊尚保,10,年缴,美金,2622,20451.6,20451.6,50000,0,NONPI,,45877,45880,45880,45891,,JF7523,吕静文
U000230,611208543,生效,众和恒富理财集团有限公司,KA业务,ICLUB业务,异业机构转介,个人转介,理财师,戴龙,香港永明金融有限公司,重疾,万家康尊尚保,10,年缴,美金,1401.5,10931.7,10931.7,50000,0,NONPI,,45877,45880,45880,45908,,JF7523,吕静文
U000231,611208544,生效,众和恒富理财集团有限公司,KA业务,ICLUB业务,异业机构转介,个人转介,理财师,戴龙,香港永明金融有限公司,重疾,万家康尊尚保,10,年缴,美金,1290,10062,10062,50000,0,NONPI,,45877,45880,45880,45908,,JF7523,吕静文
U000232,611208542,生效,众和恒富理财集团有限公司,KA业务,合伙转介业务,同行机构转介,雨泽,雨泽,白博文,香港永明金融有限公司,储蓄,万年青·星河尊享保险计划II,5,预缴,美金,10000,78000,78000,,0,NONPI,,45877,45878,45889,45884,,JH9602,余文茜
U000233,611208537,生效,众和恒富理财集团有限公司,KA业务,合伙转介业务,持牌转介,总部职能,总部职能,陈剑远志,香港永明金融有限公司,重疾,万家康尊尚保,20,年缴,美金,2873,22409.4,22409.4,100000,0,NONPI,,45879,45880,45880,45887,,JF7523,吕静文
D001807,611208572,生效,怡泰财富管理有限公司,KA业务,ICLUB业务,异业机构转介,新风,机构,新风,香港永明金融有限公司,储蓄,万年青·星河传承保险计划II,5,年缴,美金,20000,156000,156000,,0,NONPI,,45880,45885,45888,45890,,JF2281,赖晔敏
D001808,611208573,生效,怡泰财富管理有限公司,KA业务,ICLUB业务,异业机构转介,新风,机构,新风,香港永明金融有限公司,重疾,万家康卓越保,20,年缴,美金,1128,8798.4,8798.4,,0,NONPI,,45880,45885,45888,45890,,JF2281,赖晔敏
J000860,602068632,生效,九富保险服务有限公司,代理人业务,成事家办,IYB分公司,刘微,,刘微,香港永明金融有限公司,储蓄,万年青·星河尊享保险计划II,5,年缴,人民币,75000,85500,85500,,0,NONPI,,45878,45880,45880,45910,,JJ8674,许家乐
D001809,611203256,生效,怡泰财富管理有限公司,经代业务,BK业务,银行网点,民生银行,,民生上海,香港永明金融有限公司,储蓄,万年青·卓金保险计划II,5,年缴,美金,20000,156000,156000,100000,0,NONPI,59%,45880,45891,45896,45903,,JF9727,杨荔茜
D001810,611208836,生效,怡泰财富管理有限公司,经代业务,BK业务,银行网点,民生银行,,民生郑州,香港永明金融有限公司,储蓄,万年青·卓金保险计划II,5,年缴,美金,100000,780000,780000,1000000,0,NONPI,20%,45880,45884,45887,45918,,JH6936,余迪慷
U000235,611208552,生效,众和恒富理财集团有限公司,KA业务,合伙转介业务,同行机构转介,迪岸,迪岸,迪岸,香港永明金融有限公司,储蓄,万年青·星河尊享保险计划II,5,年缴,美金,30000,234000,234000,,0,NONPI,,45880,45888,45894,45894,,JH9602,余文茜
U000236,611221139,生效,众和恒富理财集团有限公司,KA业务,合伙转介业务,同行机构转介,迪岸,迪岸,迪岸,香港永明金融有限公司,储蓄,万年青·星河尊享保险计划II,5,年缴,美金,10000,78000,78000,,0,NONPI,,45880,45892,45895,45905,,JH9602,余文茜
U000238,611208616,生效,众和恒富理财集团有限公司,KA业务,ICLUB业务,异业机构转介,个人转介,理财师,范文杰,香港永明金融有限公司,储蓄,万年青·星河尊享保险计划II,5,年缴,美金,50000,390000,390000,,0,NONPI,10%,45881,45894,45896,45940,,JF7523,吕静文
D001812,611208770,生效,怡泰财富管理有限公司,经代业务,BK业务,银行网点,平安银行,李特,平安香港,香港永明金融有限公司,储蓄,永誉传承储蓄计划,1,整付,美金,2300000,17940000,1794000,,1,NONPI,,45880,45882,45902,45918,,JH6936,余迪慷
D001813,611195693,生效,怡泰财富管理有限公司,经代业务,BK业务,银行网点,广发银行,张旭,广发香港,香港永明金融有限公司,储蓄,万年青·卓金保险计划II,5,预缴,美金,30000,234000,234000,,0,NONPI,20%,45881,45890,45894,45896,,JF9727,杨荔茜
D001814,611203268,生效,怡泰财富管理有限公司,经代业务,BK业务,银行网点,民生银行,,民生北京,香港永明金融有限公司,储蓄,万年青·卓金保险计划II,5,年缴,美金,150000,1170000,1170000,750000,0,NONPI,20%,45881,45884,45891,45915,,JF9727,杨荔茜
D001815,611203269,生效,怡泰财富管理有限公司,经代业务,BK业务,银行网点,民生银行,,民生北京,香港永明金融有限公司,储蓄,万年青·卓金保险计划II,5,年缴,美金,150000,1170000,1170000,750000,0,NONPI,20%,45881,45884,45889,45915,,JF9727,杨荔茜
U000239,611208613,生效,众和恒富理财集团有限公司,经代业务,同行经代,持牌经纪,唯思,唯思,唯思管理,香港永明金融有限公司,储蓄,万年青·星河尊享保险计划II,5,年缴,美金,50000,390000,390000,,0,NONPI,10%,45882,45891,45896,45915,战略合作,JF7523,吕静文
U000240,611208546,生效,众和恒富理财集团有限公司,KA业务,合伙转介业务,同行机构转介,迪岸,迪岸,迪岸,香港永明金融有限公司,储蓄,万年青·星河尊享保险计划II,5,年缴,美金,30000,234000,234000,,0,NONPI,,45882,45883,45888,45890,,JH9602,余文茜
U000241,611208545,生效,众和恒富理财集团有限公司,KA业务,合伙转介业务,同行机构转介,迪岸,迪岸,迪岸,香港永明金融有限公司,储蓄,万年青·星河尊享保险计划II,5,年缴,美金,10000,78000,78000,,0,NONPI,,45882,45883,45888,45894,,JH9602,余文茜
J000861,602068778,生效,九富保险服务有限公司,代理人业务,天领业务,天领机构,天领重庆,知予,周蕴秋,香港永明金融有限公司,重疾,万家康尊尚保,20,年缴,美金,1240,9672,9672,100000,0,NONPI,,45882,45884,45884,45919,,JJ3840,温海伦
U000244,611203401,生效,众和恒富理财集团有限公司,KA业务,合伙转介业务,同行机构转介,迪岸,迪岸,迪岸,香港永明金融有限公司,储蓄,万年青·星河尊享保险计划II,5,预缴,美金,13000,101400,101400,,0,NONPI,,45882,45885,45885,45925,,JF7523,吕静文
U000245,611221137,生效,众和恒富理财集团有限公司,KA业务,合伙转介业务,同行机构转介,迪岸,迪岸,迪岸,香港永明金融有限公司,储蓄,万年青·星河尊享保险计划II,2,年缴,美金,15000,117000,117000,,0,NONPI,,45882,45892,45895,45901,,JH9602,余文茜
U000246,611221252,生效,众和恒富理财集团有限公司,KA业务,合伙转介业务,同行机构转介,迪岸,迪岸,迪岸,香港永明金融有限公司,储蓄,万年青·星河尊享保险计划II,2,年缴,美金,50000,390000,390000,,0,NONPI,,45882,45889,45889,45902,,JF7523,吕静文
U000247,611203397,生效,众和恒富理财集团有限公司,KA业务,合伙转介业务,同行机构转介,迪岸,迪岸,迪岸,香港永明金融有限公司,储蓄,万年青·星河尊享保险计划II,2,预缴,美金,35000,273000,273000,,0,NONPI,,45883,45884,45884,45898,,JF7523,吕静文
J000862,602068629,生效,九富保险服务有限公司,代理人业务,天领业务,天领机构,天领成都,致合,庄轩奕,香港永明金融有限公司,储蓄,万年青·星河尊享保险计划II,5,预缴,美金,11000,85800,85800,55000,0,NONPI,,45882,45889,45889,45897,,JJ8674,许家乐
U000248,611203400,生效,众和恒富理财集团有限公司,KA业务,合伙转介业务,同行机构转介,迪岸,迪岸,迪岸,香港永明金融有限公司,储蓄,万年青·星河尊享保险计划II,5,年缴,美金,10000,78000,78000,,0,NONPI,,45883,45885,45885,45895,,JF7523,吕静文
U000249,611208548,生效,众和恒富理财集团有限公司,KA业务,ICLUB业务,异业机构转介,银科,机构,银科,香港永明金融有限公司,储蓄,万年青·星河传承保险计划II,5,预缴,美金,20000,156000,156000,,0,NONPI,,45884,45888,45889,45917,,JH9602,余文茜
U000250,611203402,生效,众和恒富理财集团有限公司,KA业务,合伙转介业务,同行机构转介,雨泽,雨泽,白博文,香港永明金融有限公司,储蓄,万年青·星河尊享保险计划II,2,预缴,美金,29000,226200,226200,,0,NONPI,,45884,45887,45887,45902,,JF7523,吕静文
U000251,611208193,生效,众和恒富理财集团有限公司,KA业务,合伙转介业务,同行机构转介,迪岸,迪岸,迪岸,香港永明金融有限公司,储蓄,万年青·星河尊享保险计划II,2,年缴,美金,30000,234000,234000,,0,NONPI,,45884,45891,45895,45898,,JH9602,余文茜
U000252,611208192,生效,众和恒富理财集团有限公司,KA业务,合伙转介业务,同行机构转介,迪岸,迪岸,迪岸,香港永明金融有限公司,储蓄,万年青·星河尊享保险计划II,2,年缴,美金,30000,234000,234000,,0,NONPI,,45884,45891,45895,45898,,JH9602,余文茜
D001816,861001658,生效,怡泰财富管理有限公司,经代业务,BK业务,银行网点,民生银行,,民生上海,香港永明金融有限公司,人寿,卓裕人寿系列II-50,10,年缴,美金,15150,118170,118170,1000000,0,NONPI,20%,45884,45890,45932,45950,,JH6936,余迪慷
U000253,611208615,生效,众和恒富理财集团有限公司,KA业务,合伙转介业务,同行机构转介,迪岸,迪岸,迪岸,香港永明金融有限公司,储蓄,万年青·星河尊享保险计划II,2,预缴,美金,35000,273000,273000,,0,NONPI,,45884,45894,45896,45916,,JF7523,吕静文
U000255,611221256,生效,众和恒富理财集团有限公司,KA业务,合伙转介业务,同行个人转介,个人转介,,Gariel,香港永明金融有限公司,储蓄,万年青·星河传承保险计划II,5,预缴,美金,10000,78000,78000,,0,NONPI,,45887,45889,45889,45904,,JF7523,吕静文
U000256,611221251,生效,众和恒富理财集团有限公司,KA业务,合伙转介业务,同行机构转介,迪岸,迪岸,迪岸,香港永明金融有限公司,储蓄,万年青·星河尊享保险计划II,2,年缴,美金,25000,195000,195000,,0,NONPI,,45887,45889,45889,45902,,JF7523,吕静文
U000257,611221133,生效,众和恒富理财集团有限公司,KA业务,合伙转介业务,同行机构转介,兴泰家办,兴泰家办,兴泰家办,香港永明金融有限公司,储蓄,万年青·星河传承保险计划II,5,预缴,美金,50000,390000,390000,,0,NONPI,,45887,45887,45887,45953,,JH9602,余文茜
U000258,611221138,生效,众和恒富理财集团有限公司,KA业务,合伙转介业务,同行机构转介,兴泰家办,兴泰家办,兴泰家办,香港永明金融有限公司,储蓄,万年青·星河传承保险计划II,5,预缴,美金,50000,390000,390000,,0,NONPI,,45887,45887,45889,45911,,JH9602,余文茜
U000260,611208191,生效,众和恒富理财集团有限公司,KA业务,合伙转介业务,同行机构转介,迪岸,迪岸,迪岸,香港永明金融有限公司,储蓄,万年青·星河尊享保险计划II,5,预缴,美金,10000,78000,78000,,0,NONPI,,45887,45891,45895,45896,,JH9602,余文茜
U000261,611208612,生效,众和恒富理财集团有限公司,KA业务,合伙转介业务,同行机构转介,迪岸,迪岸,迪岸,香港永明金融有限公司,储蓄,万年青·星河尊享保险计划II,5,年缴,美金,20000,156000,156000,,0,NONPI,,45887,45891,45896,45898,,JF7523,吕静文
U000264,611221154,生效,众和恒富理财集团有限公司,KA业务,合伙转介业务,同行机构转介,迪岸,迪岸,意诚科技,香港永明金融有限公司,储蓄,万年青·星河尊享保险计划II,2,年缴,美金,15000,117000,117000,,0,NONPI,,45887,45891,45895,45896,,JH9602,余文茜
U000265,611208201,生效,众和恒富理财集团有限公司,KA业务,合伙转介业务,同行机构转介,迪岸,迪岸,迪岸,香港永明金融有限公司,储蓄,万年青·星河尊享保险计划II,2,年缴,人民币,250000,285000,285000,,0,NONPI,,45887,45897,45901,45930,,JH9602,余文茜
D001820,611208200,生效,怡泰财富管理有限公司,经代业务,BK业务,银行网点,民生银行,,民生上海,香港永明金融有限公司,储蓄,万年青·卓金保险计划II,5,年缴,美金,100000,780000,780000,500000,0,NONPI,20%,45887,45888,45897,45904,,JH6936,余迪慷
J000863,602068826,生效,九富保险服务有限公司,代理人业务,天领业务,天领机构,天领重庆,Starry,徐雪,香港永明金融有限公司,储蓄,万年青·星河尊享保险计划II,5,年缴,美金,10000,78000,78000,,0,NONPI,,45887,45897,45898,45898,,JF7605,林思思
J000864,602068636,生效,九富保险服务有限公司,代理人业务,成事家办,IYB分公司,丁洁,,丁洁,香港永明金融有限公司,储蓄,万年青·星河传承保险计划II,5,预缴,美金,100000,780000,780000,,0,NONPI,,45888,45891,45896,45953,,JJ8674,许家乐
J000865,602068800,生效,九富保险服务有限公司,代理人业务,成事家办,IYB分公司,杨璐熙,,杨璐熙,香港永明金融有限公司,储蓄,万年青·星河传承保险计划II,5,年缴,美金,15000,117000,117000,,0,NONPI,,45888,45891,45896,45898,,JF7605,林思思
J000866,602068801,生效,九富保险服务有限公司,代理人业务,成事家办,IYB分公司,杨璐熙,,杨璐熙,香港永明金融有限公司,医疗,永明贴心医疗保（计划1）,至100岁,年缴,港币,2233,2233,2233,,0,NONPI,,45888,45891,45896,45898,,JF7605,林思思
J000867,602068799,生效,九富保险服务有限公司,代理人业务,成事家办,IYB分公司,杨璐熙,,杨璐熙,香港永明金融有限公司,储蓄,万年青·星河传承保险计划II,5,年缴,美金,10000,78000,78000,,0,NONPI,,45888,45891,45896,45911,,JF7605,林思思
U000266,611210736,生效,众和恒富理财集团有限公司,KA业务,合伙转介业务,同行机构转介,迪岸,迪岸,迪岸,香港永明金融有限公司,储蓄,万年青·星河尊享保险计划II,5,年缴,美金,10000,78000,78000,,0,NONPI,,45888,45888,45889,45996,,JH9602,余文茜
U000267,611208619,生效,众和恒富理财集团有限公司,经代业务,同行经代,持牌经纪,唯思,唯思,唯思管理,香港永明金融有限公司,储蓄,万年青·星河传承保险计划II,2,预缴,美金,150000,1170000,1170000,,0,NONPI,,45888,45895,45901,45922,战略合作,JF7523,吕静文
U000268,611221132,生效,众和恒富理财集团有限公司,KA业务,ICLUB业务,异业机构转介,个人转介,理财师,袁敏芬,香港永明金融有限公司,储蓄,万年青·星河传承保险计划II,5,年缴,美金,30000,234000,234000,,0,NONPI,,45888,45895,45896,45898,,JF7523,吕静文
U000269,611221174,生效,众和恒富理财集团有限公司,KA业务,合伙转介业务,同行机构转介,迪岸,迪岸,迪岸,香港永明金融有限公司,储蓄,万年青·星河尊享保险计划II,5,预缴,美金,10000,78000,78000,,0,NONPI,,45888,45894,45534,45898,,JH9602,余文茜
U000270,611208865,生效,众和恒富理财集团有限公司,经代业务,同行经代,持牌经纪,唯思,唯思,唯思管理,香港永明金融有限公司,储蓄,万年青·星河传承保险计划II,2,预缴,澳元,100000,500000,500000,,0,NONPI,,45888,45889,45889,45896,战略合作,JH9602,余文茜
U000271,611208864,生效,众和恒富理财集团有限公司,KA业务,合伙转介业务,同行机构转介,雨泽,雨泽,白博文,香港永明金融有限公司,储蓄,万年青·星河尊享保险计划II,2,预缴,美金,36000,280800,280800,,0,NONPI,,45888,45889,45889,45904,,JH9602,余文茜
U000272,611221145,生效,众和恒富理财集团有限公司,KA业务,合伙转介业务,同行机构转介,迪岸,迪岸,迪岸,香港永明金融有限公司,储蓄,万年青·星河尊享保险计划II,5,预缴,美金,10000,78000,78000,,0,NONPI,,45889,45892,45895,45911,,JH9602,余文茜
U000273,611208202,生效,众和恒富理财集团有限公司,KA业务,合伙转介业务,同行机构转介,迪岸,迪岸,迪岸,香港永明金融有限公司,储蓄,万年青·星河尊享保险计划II,2,年缴,人民币,250000,285000,285000,,0,NONPI,,45888,45897,45901,45933,,JH9602,余文茜
U000274,611221253,生效,众和恒富理财集团有限公司,KA业务,合伙转介业务,同行机构转介,雨泽,雨泽,白博文,香港永明金融有限公司,储蓄,万年青·星河尊享保险计划II,5,年缴,人民币,80000,91200,91200,,0,NONPI,,45888,45897,45897,45903,,JF7523,吕静文
U000275,611208194,生效,众和恒富理财集团有限公司,KA业务,合伙转介业务,同行机构转介,迪岸,迪岸,迪岸,香港永明金融有限公司,储蓄,万年青·星河尊享保险计划II,5,年缴,美金,12000,93600,93600,,0,NONPI,,45888,45896,45901,45903,,JH9602,余文茜
U000276,611221152,生效,众和恒富理财集团有限公司,KA业务,合伙转介业务,同行机构转介,迪岸,迪岸,迪岸,香港永明金融有限公司,储蓄,万年青·星河尊享保险计划II,2,预缴,美金,100000,780000,780000,,0,NONPI,,45889,45890,45890,45952,,JF7523,吕静文
U000277,611208205,生效,众和恒富理财集团有限公司,KA业务,合伙转介业务,同行机构转介,迪岸,迪岸,迪岸,香港永明金融有限公司,储蓄,万年青·星河尊享保险计划II,5,预缴,美金,100000,780000,780000,,0,NONPI,,45889,45897,45901,45926,,JH9602,余文茜
U000281,611221165,生效,众和恒富理财集团有限公司,KA业务,合伙转介业务,同行机构转介,雨泽,雨泽,白博文,香港永明金融有限公司,储蓄,万年青·星河尊享保险计划II,5,预缴,美金,30000,234000,234000,,0,NONPI,,45889,45903,45904,45965,,JH9602,余文茜
U000282,611221166,生效,众和恒富理财集团有限公司,KA业务,合伙转介业务,同行机构转介,雨泽,雨泽,白博文,香港永明金融有限公司,储蓄,万年青·星河尊享保险计划II,5,预缴,美金,69767,544182.6,544182.6,,0,NONPI,,45889,45903,45904,45972,,JH9602,余文茜
U000283,611221153,生效,众和恒富理财集团有限公司,经代业务,同行经代,持牌经纪,唯思,唯思,唯思管理,香港永明金融有限公司,储蓄,万年青·星河传承保险计划II,2,年缴,美金,70000,546000,546000,,0,NONPI,,45889,45890,45890,45910,战略合作,JH9602,余文茜
D001823,611208569,生效,怡泰财富管理有限公司,经代业务,BK业务,银行网点,平安银行,许菁,平安香港,香港永明金融有限公司,储蓄,永誉传承储蓄计划,1,整付,美金,1000000,7800000,780000,,1,NONPI,,45889,45889,45919,45980,,JF2281,赖晔敏
U000284,611221261,生效,众和恒富理财集团有限公司,经代业务,同行经代,持牌经纪,唯思,唯思,唯思管理,香港永明金融有限公司,储蓄,万年青·星河尊享保险计划II,2,预缴,美金,109000,850200,850200,,0,NONPI,,45890,45898,45898,45905,战略合作,JF7523,吕静文
U000285,611208199,生效,众和恒富理财集团有限公司,KA业务,合伙转介业务,同行机构转介,雨泽,雨泽,白博文,香港永明金融有限公司,储蓄,万年青·星河尊享保险计划II,5,预缴,美金,100000,780000,780000,,0,NONPI,20%,45890,45896,45901,45925,,JH9602,余文茜
J000868,602068631,生效,九富保险服务有限公司,代理人业务,成事家办,IYB分公司,丁洁,,丁洁,香港永明金融有限公司,储蓄,万年青·星河传承保险计划II,5,年缴,人民币,21000,23940,23940,,0,NONPI,,45890,45891,45896,45953,,JJ8674,许家乐
U000287,611208197,生效,众和恒富理财集团有限公司,KA业务,ICLUB业务,异业机构转介,顶峰优势,机构,顶峰优势,香港永明金融有限公司,储蓄,万年青·星河尊享保险计划II,2,年缴,美金,30000,234000,234000,,0,NONPI,,45890,45896,45901,45918,,JH9602,余文茜
J000869,9.00009E+11,生效,九富保险服务有限公司,KA业务,合伙转介业务,同行机构转介,德约,江苏分公司,马学玲,周大福人寿保险有限公司,重疾,「守护家倍 198」危疾保障计划,10,年缴,美金,1999.99,15599.922,15599.922,,0,NONPI,,45891,45894,45898,45938,,JJ8674,许家乐
Y000050,8201131248,生效,盈富理财顾问有限公司,KA业务,ICLUB业务,异业机构转介,个人转介,理财师,傅箭,中国人寿保险（海外）股份有限公司（澳门）,储蓄,裕饶传承储蓄保险计划II,5,预缴,港币,6000000,6000000,6000000,30000000,1,NONPI,0.26,45891,45887,,45898,,,
U000288,611221359,生效,众和恒富理财集团有限公司,KA业务,合伙转介业务,同行机构转介,迪岸,迪岸,迪岸,香港永明金融有限公司,储蓄,万年青·星河尊享保险计划II,2,年缴,人民币,750000,855000,855000,,0,NONPI,,45891,45897,45897,45910,,JF7523,吕静文
U000289,611208621,生效,众和恒富理财集团有限公司,经代业务,同行经代,持牌经纪,唯思,唯思,唯思管理,香港永明金融有限公司,储蓄,万年青·星河尊享保险计划II,5,年缴,美金,120000,936000,936000,,0,NONPI,20%,45891,45894,45894,45919,战略合作,JF7523,吕静文
U000290,611208208,生效,众和恒富理财集团有限公司,经代业务,永明经代,持牌经纪,龙腾财富,龙腾,龙腾,香港永明金融有限公司,储蓄,万年青·星河尊享保险计划II,2,预缴,美金,100000,780000,780000,,0,NONPI,,45891,45897,45901,45925,,JH9602,余文茜
FU000016,8123231013,生效,泰溢国际有限公司,代理人业务,天领业务,天领机构,天领成都,致合,彭果,中国人寿保险（海外）股份有限公司（香港）,重疾,爱相随传承储蓄计划,2,年缴,美金,4000,31200,31200,,0,NONPI,,45891,45891,45891,45960,,JJ9569,杜咏婷
U000292,611221255,生效,众和恒富理财集团有限公司,KA业务,合伙转介业务,同行机构转介,迪岸,迪岸,迪岸,香港永明金融有限公司,储蓄,万年青·星河尊享保险计划II,5,年缴,美金,10000,78000,78000,,0,NONPI,,45891,45897,45897,45906,,JF7523,吕静文
J000870,602068635,生效,九富保险服务有限公司,代理人业务,天领业务,天领机构,天领重庆,知予,董翔宇,香港永明金融有限公司,储蓄,万年青·星河尊享保险计划II,5,年缴,美金,20000,156000,156000,,0,NONPI,,45891,45898,45898,45912,,JJ8674,许家乐
U000293,611208196,生效,众和恒富理财集团有限公司,KA业务,合伙转介业务,同行机构转介,迪岸,迪岸,迪岸,香港永明金融有限公司,储蓄,万年青·星河尊享保险计划II,5,年缴,美金,30000,234000,234000,,0,NONPI,,45892,45895,45534,45910,,JH9602,余文茜
U000294,611208622,生效,众和恒富理财集团有限公司,KA业务,合伙转介业务,同行机构转介,迪岸,迪岸,迪岸,香港永明金融有限公司,储蓄,万年青·星河尊享保险计划II,5,年缴,美金,140000,1092000,1092000,,0,NONPI,20%,45892,45894,45896,45944,,JF7523,吕静文
U000295,611208206,生效,众和恒富理财集团有限公司,KA业务,合伙转介业务,同行机构转介,迪岸,迪岸,迪岸,香港永明金融有限公司,储蓄,万年青·星河尊享保险计划II,2,预缴,美金,75000,585000,585000,,0,NONPI,,45896,45896,45896,45911,,JF7523,吕静文
U000296,611221150,生效,众和恒富理财集团有限公司,KA业务,合伙转介业务,同行个人转介,Molly,,刘梦妮,香港永明金融有限公司,储蓄,万年青·星河尊享保险计划II,2,预缴,美金,250000,1950000,1950000,,0,NONPI,,45892,45895,45896,45947,,JJ7007,王嘉鸣
U000297,611221136,生效,众和恒富理财集团有限公司,KA业务,合伙转介业务,同行机构转介,迪岸,迪岸,迪岸,香港永明金融有限公司,储蓄,万年青·星河尊享保险计划II,2,年缴,美金,125000,975000,975000,,0,NONPI,,45892,45894,45534,45908,,JH9602,余文茜
U000298,611208195,生效,众和恒富理财集团有限公司,KA业务,合伙转介业务,同行机构转介,迪岸,迪岸,迪岸,香港永明金融有限公司,储蓄,万年青·星河尊享保险计划II,5,年缴,人民币,21000,23940,23940,,0,NONPI,,45894,45895,45534,45903,,JH9602,余文茜
U000299,611221257,生效,众和恒富理财集团有限公司,KA业务,合伙转介业务,同行机构转介,迪岸,迪岸,迪岸,香港永明金融有限公司,储蓄,万年青·星河尊享保险计划II,5,预缴,美金,36000,280800,280800,,0,NONPI,,45896,45898,45898,45919,,JF7523,吕静文
U000300,611221149,生效,众和恒富理财集团有限公司,KA业务,合伙转介业务,同行机构转介,雨泽,雨泽,白博文,香港永明金融有限公司,储蓄,万年青·星河尊享保险计划II,5,预缴,美金,30000,234000,234000,,0,NONPI,,45894,45897,45901,45926,,JJ7007,王嘉鸣
U000301,611221151,生效,众和恒富理财集团有限公司,KA业务,合伙转介业务,同行机构转介,兴泰家办,兴泰家办,兴泰家办,香港永明金融有限公司,储蓄,万年青·星河尊享保险计划II,5,年缴,港币,117091,117091,117091,,0,NONPI,,45894,45897,45901,45903,,JJ7007,王嘉鸣
U000302,611203333,生效,众和恒富理财集团有限公司,KA业务,合伙转介业务,持牌转介,总部职能,总部职能,刘觐玮,香港永明金融有限公司,储蓄,万年青·星河传承保险计划II,5,预缴,美金,3000,23400,23400,,0,NONPI,,45894,45896,45898,45903,,JH9602,余文茜
U000304,611209960,生效,众和恒富理财集团有限公司,KA业务,合伙转介业务,同行机构转介,雨泽,雨泽,白博文,香港永明金融有限公司,储蓄,万年青·星河尊享保险计划II,5,年缴,美金,30000,234000,234000,,0,NONPI,,45894,45897,45901,45903,,JJ7007,王嘉鸣
U000305,611221131,生效,众和恒富理财集团有限公司,KA业务,合伙转介业务,同行机构转介,迪岸,迪岸,迪岸,香港永明金融有限公司,储蓄,万年青·星河尊享保险计划II,5,年缴,美金,10000,78000,78000,,0,NONPI,,45894,45894,45896,45911,,JF7523,吕静文
U000306,611209959,生效,众和恒富理财集团有限公司,KA业务,合伙转介业务,同行机构转介,雨泽,雨泽,白博文,香港永明金融有限公司,储蓄,万年青·星河传承保险计划II,5,年缴,美金,10000,78000,78000,,0,NONPI,,45894,45897,45901,45904,,JJ7007,王嘉鸣
U000307,611221356,生效,众和恒富理财集团有限公司,KA业务,合伙转介业务,同行机构转介,迪岸,迪岸,迪岸,香港永明金融有限公司,储蓄,万年青·星河尊享保险计划II,5,年缴,人民币,100000,114000,114000,,0,NONPI,,45895,45896,45896,45904,,JF7523,吕静文
U000308,611221355,生效,众和恒富理财集团有限公司,KA业务,合伙转介业务,同行机构转介,迪岸,迪岸,迪岸,香港永明金融有限公司,储蓄,万年青·星河尊享保险计划II,5,年缴,人民币,100000,114000,114000,,0,NONPI,,45895,45896,45903,45926,,JF7523,吕静文
U000309,611221260,生效,众和恒富理财集团有限公司,KA业务,合伙转介业务,同行机构转介,迪岸,迪岸,迪岸,香港永明金融有限公司,储蓄,万年青·星河尊享保险计划II,2,年缴,美金,15000,117000,117000,,0,NONPI,,45894,45898,45898,45904,,JF7523,吕静文
U000310,611221365,生效,众和恒富理财集团有限公司,KA业务,合伙转介业务,同行机构转介,迪岸,迪岸,迪岸,香港永明金融有限公司,储蓄,万年青·星河尊享保险计划II,5,年缴,美金,20000,156000,156000,,0,NONPI,,45894,45899,45899,45905,,JF7523,吕静文
U000312,611221259,生效,众和恒富理财集团有限公司,经代业务,同行经代,持牌经纪,唯思,唯思,唯思管理,香港永明金融有限公司,储蓄,万年青·星河尊享保险计划II,2,预缴,美金,50000,390000,390000,,0,NONPI,,45895,45897,45901,45915,战略合作,JF7523,吕静文
U000313,611221357,生效,众和恒富理财集团有限公司,KA业务,合伙转介业务,同行机构转介,雨泽,雨泽,白博文,香港永明金融有限公司,储蓄,万年青·星河尊享保险计划II,2,预缴,美金,20000,156000,156000,,0,NONPI,,45895,45899,45899,45918,,JF7523,吕静文
J000871,602068808,生效,九富保险服务有限公司,代理人业务,成事家办,IYB分公司,杨帆,,杨帆,香港永明金融有限公司,储蓄,万年青·星河传承保险计划II,5,预缴,美金,50000,390000,390000,,0,NONPI,,45895,45915,45916,45940,,JF7605,林思思
Y000051,8201135722,生效,盈富理财顾问有限公司,KA业务,ICLUB业务,异业机构转介,个人转介,理财师,傅箭,中国人寿保险（海外）股份有限公司（澳门）,储蓄,裕饶传承储蓄保险计划II,5,预缴,港币,2000000,2000000,2000000,10000000,1,NONPI,0.26,45896,45896,,45909,,,
U000314,611221265,生效,众和恒富理财集团有限公司,KA业务,合伙转介业务,同行机构转介,雨泽,雨泽,白博文,香港永明金融有限公司,储蓄,万年青·星河传承保险计划II,5,预缴,美金,30000,234000,234000,,0,NONPI,,45896,45904,45904,45912,,JF7523,吕静文
U000316,611221164,生效,众和恒富理财集团有限公司,KA业务,合伙转介业务,同行机构转介,迪岸,迪岸,迪岸,香港永明金融有限公司,储蓄,万年青·星河尊享保险计划II,5,年缴,美金,10000,78000,78000,,0,NONPI,,45896,45898,45901,45912,,JH9602,余文茜
D001825,611203336,生效,怡泰财富管理有限公司,KA业务,合伙转介业务,异业机构转介,明德长青,明德长青,明德长青,香港永明金融有限公司,储蓄,万年青·星河传承保险计划II,5,预缴,美金,60000,468000,468000,,0,NONPI,,45896,45902,45902,45912,,JH6936,余迪慷
U000317,611221159,生效,众和恒富理财集团有限公司,KA业务,合伙转介业务,同行机构转介,迪岸,迪岸,迪岸,香港永明金融有限公司,储蓄,万年青·星河传承保险计划II,5,年缴,美金,10000,78000,78000,,0,NONPI,,45896,45898,45901,45904,,JH9602,余文茜
U000319,611221277,生效,众和恒富理财集团有限公司,KA业务,合伙转介业务,同行机构转介,NEXUS LIFE,NEXUS LIFE,NEXUS LIFE,香港永明金融有限公司,储蓄,万年青·星河尊享保险计划II,5,预缴,美金,20000,156000,156000,,0,NONPI,,45896,45908,45910,45954,,JF7523,吕静文
U000320,611221155,生效,众和恒富理财集团有限公司,KA业务,合伙转介业务,同行机构转介,雨泽,雨泽,白博文,香港永明金融有限公司,储蓄,万年青·星河尊享保险计划II,2,预缴,美金,125000,975000,975000,,0,NONPI,,45897,45898,45901,45915,,JH9602,余文茜
U000321,611221262,生效,众和恒富理财集团有限公司,KA业务,合伙转介业务,同行机构转介,雨泽,雨泽,白博文,香港永明金融有限公司,储蓄,万年青·星河尊享保险计划II,2,预缴,美金,125000,975000,975000,,0,NONPI,,45897,45898,45898,45915,,JF7523,吕静文
U000323,611221263,取消投保,众和恒富理财集团有限公司,KA业务,合伙转介业务,同行机构转介,雨泽,雨泽,白博文,香港永明金融有限公司,储蓄,万年青·星河传承保险计划II,5,预缴,美金,10000,78000,78000,,0,NONPI,,45897,45898,45898,45915,,JF7523,吕静文
U000324,611221275,生效,众和恒富理财集团有限公司,KA业务,合伙转介业务,同行机构转介,迪岸,迪岸,迪岸,香港永明金融有限公司,储蓄,万年青·星河尊享保险计划II,2,年缴,美金,15000,117000,117000,,0,NONPI,,45897,45909,45910,45915,,JF7523,吕静文
U000326,611221160,生效,众和恒富理财集团有限公司,KA业务,合伙转介业务,同行机构转介,雨泽,雨泽,白博文,香港永明金融有限公司,储蓄,万年青·星河尊享保险计划II,5,年缴,美金,30000,234000,234000,,0,NONPI,,45897,45898,45901,45933,,JH9602,余文茜
U000327,611221360,生效,众和恒富理财集团有限公司,KA业务,合伙转介业务,同行机构转介,雨泽,雨泽,白博文,香港永明金融有限公司,储蓄,万年青·星河尊享保险计划II,5,预缴,美金,50000,390000,390000,,0,NONPI,10%,45897,45899,45899,45919,,JF7523,吕静文
D001826,611208841,生效,怡泰财富管理有限公司,KA业务,合伙转介业务,异业机构转介,明德长青,明德长青,明德长青,香港永明金融有限公司,储蓄,万年青·星河传承保险计划II,5,预缴,美金,30000,234000,234000,,0,NONPI,,45897,45899,45901,45918,,JH6936,余迪慷
U000329,611221266,生效,众和恒富理财集团有限公司,经代业务,同行经代,持牌经纪,唯思,唯思,唯思管理,香港永明金融有限公司,储蓄,万年青·星河尊享保险计划II,5,预缴,美金,33000,257400,257400,,0,NONPI,,45897,45905,45910,45917,战略合作,JF7523,吕静文
U000330,611221214,生效,众和恒富理财集团有限公司,KA业务,ICLUB业务,异业机构转介,银科,机构,银科,香港永明金融有限公司,储蓄,万年青·星河传承保险计划II,5,预缴,美金,6000,46800,46800,,0,NONPI,,45898,45913,45913,45922,,JH9602,余文茜
U000331,611221362,生效,众和恒富理财集团有限公司,KA业务,ICLUB业务,异业机构转介,银科,机构,银科,香港永明金融有限公司,储蓄,万年青·星河传承保险计划II,5,年缴,美金,10000,78000,78000,,0,NONPI,,45898,45902,45902,45910,,JF7523,吕静文
U000333,611221370,生效,众和恒富理财集团有限公司,经代业务,永明经代,持牌经纪,共享经纪,共享经纪,共享经纪,香港永明金融有限公司,储蓄,万年青·星河传承保险计划II,5,年缴,美金,15000,117000,117000,,0,NONPI,,45901,45903,45903,45910,白博文,JF7523,吕静文
U000334,611221363,生效,众和恒富理财集团有限公司,KA业务,合伙转介业务,同行机构转介,迪岸,迪岸,迪岸,香港永明金融有限公司,储蓄,万年青·星河尊享保险计划II,2,年缴,美金,70000,546000,546000, ,0,NONPI,,45901,45902,45903,45924,,JF7523,吕静文
U000335,611221158,生效,众和恒富理财集团有限公司,KA业务,合伙转介业务,同行机构转介,迪岸,迪岸,迪岸,香港永明金融有限公司,储蓄,万年青·星河尊享保险计划II,2,预缴,美金,56000,436800,436800,,0,NONPI,,45901,45902,45902,45912,,JH9602,余文茜
U000336,611221361,生效,众和恒富理财集团有限公司,KA业务,合伙转介业务,同行机构转介,迪岸,迪岸,迪岸,香港永明金融有限公司,储蓄,万年青·星河尊享保险计划II,5,年缴,美金,30000,234000,234000,,0,NONPI,,45901,45902,45902,45912,,JF7523,吕静文
J000872,602068639,生效,九富保险服务有限公司,代理人业务,天领业务,天领机构,天领重庆,鼎汇,罗兰,香港永明金融有限公司,储蓄,万年青·星河尊享保险计划II,5,年缴,美金,5000,39000,39000,　,0,NONPI,,45901,45905,45906,45911,,JJ8674,许家乐
J000873,602068637,生效,九富保险服务有限公司,代理人业务,成事家办,IYB分公司,杨璐熙,,杨璐熙,香港永明金融有限公司,储蓄,万年青·星河尊享保险计划II,5,预缴,美金,10000,78000,78000,,0,NONPI,,45901,45910,45911,45916,,JJ8674,许家乐
W000001,G685194917,生效,唯思管理有限公司,KA业务,合伙转介业务,同行机构转介,迪岸,迪岸,迪岸,友邦保险（国际）有限公司,储蓄,环宇盈活储蓄保险计划,5,年缴,美金,100000.08,780000.624,780000.624,,0,NONPI,,45901,45903,,45915,,,
W000002,3830064840,生效,唯思管理有限公司,KA业务,合伙转介业务,同行机构转介,迪岸,迪岸,迪岸,宏利人寿保险（国际）有限公司,储蓄,宏挚传承保障计划,5,年缴,美金,100000,780000,780000,,0,NONPI,,45901,45903,,45905,,,
Z000020,G685193727,生效,置富理财(香港)有限公司,KA业务,ICLUB业务,异业机构转介,银科,机构,银科,友邦保险（国际）有限公司,重疾,爱伴航,25,年缴,美金,1047,8166.6,8166.6,,0,NONPI,,45901,45902,,45929,,,
U000337,611221163,生效,众和恒富理财集团有限公司,KA业务,ICLUB业务,异业机构转介,银科,机构,银科,香港永明金融有限公司,储蓄,万年青·星河传承保险计划II,5,年缴,美金,3000,23400,23400,,0,NONPI,,45901,45902,45903,45924,,JH9602,余文茜
U000338,611221366,生效,众和恒富理财集团有限公司,KA业务,合伙转介业务,同行机构转介,雨泽,雨泽,白博文,香港永明金融有限公司,储蓄,万年青·星河尊享保险计划II,2,年缴,美金,57000,444600,444600,,0,NONPI,,45901,45902,45903,45905,,JH9602,余文茜
U000339,611221270,生效,众和恒富理财集团有限公司,KA业务,合伙转介业务,同行机构转介,迪岸,迪岸,迪岸,香港永明金融有限公司,储蓄,万年青·星河尊享保险计划II,5,年缴,美金,50000,390000,390000,,0,NONPI,10%,45901,45906,45910,45922,,JF7523,吕静文
U000340,611208203,生效,众和恒富理财集团有限公司,KA业务,ICLUB业务,异业机构转介,个人转介,理财师,潘冬慧,香港永明金融有限公司,储蓄,万年青·星河尊享保险计划II,5,年缴,美金,50000,390000,390000,,0,NONPI,,45901,45909,45910,45930,,JH9602,余文茜
U000341,611221162,生效,众和恒富理财集团有限公司,KA业务,合伙转介业务,同行机构转介,雨泽,雨泽,白博文,香港永明金融有限公司,储蓄,万年青·星河尊享保险计划II,5,预缴,美金,10000,78000,78000,,0,NONPI,,45902,45903,45903,45915,,JH9602,余文茜
U000342,611221267,生效,众和恒富理财集团有限公司,经代业务,同行经代,持牌经纪,唯思,唯思,唯思管理,香港永明金融有限公司,储蓄,万年青·星河尊享保险计划II,5,年缴,美金,30000,234000,234000,,0,NONPI,,45902,45905,45910,45917,战略合作,JF7523,吕静文
U000343,611221269,生效,众和恒富理财集团有限公司,经代业务,同行经代,持牌经纪,唯思,唯思,唯思管理,香港永明金融有限公司,储蓄,万年青·星河尊享保险计划II,5,预缴,美金,20000,156000,156000,,0,NONPI,,45902,45905,45910,45915,战略合作,JF7523,吕静文
J000874,602068837,生效,九富保险服务有限公司,代理人业务,成事家办,IYB分公司,杨帆,,杨帆,香港永明金融有限公司,储蓄,万年青·星河传承保险计划II,5,预缴,美金,143000,1115400,1115400,,0,NONPI,,45902,45912,,45932,,JJ3840,温海伦
J000875,602068832,生效,九富保险服务有限公司,代理人业务,天领业务,天领机构,天领重庆,鼎汇,陈璐,香港永明金融有限公司,储蓄,万年青·星河尊享保险计划II,5,年缴,美金,10000,78000,78000,,0,NONPI,,45902,45904,45904,45909,,JJ3840,温海伦
U000344,611221271,生效,众和恒富理财集团有限公司,KA业务,合伙转介业务,同行机构转介,迪岸,迪岸,迪岸,香港永明金融有限公司,储蓄,万年青·星河传承保险计划II,2,预缴,美金,30000,234000,234000,60000,0,NONPI,,45903,45906,45906,45924,,JF7523,吕静文
U000345,611221329,生效,众和恒富理财集团有限公司,KA业务,合伙转介业务,同行机构转介,雨泽,雨泽,白博文,香港永明金融有限公司,储蓄,万年青·星河尊享保险计划II,2,预缴,美金,15000,117000,117000,30000,0,NONPI,,45903,45912,45912,45930,,JH9602,余文茜
U000347,311066083,生效,众和恒富理财集团有限公司,KA业务,合伙转介业务,持牌转介,总部职能,总部职能,佟彤,香港永明金融有限公司,医疗,永明港卓越医疗保,终身,年缴,港币,17979,17979,17979,,0,NONPI,,45903,45910,45915,45953,,JJ7007,王嘉鸣
J000876,602068834,生效,九富保险服务有限公司,代理人业务,成事家办,IYB分公司,刘微,,刘微,香港永明金融有限公司,储蓄,万年青·星河尊享保险计划II,5,年缴,美金,60000,468000,468000,,0,NONPI,,45903,45909,,45922,,JJ3840,温海伦
U000348,611221272,生效,众和恒富理财集团有限公司,KA业务,合伙转介业务,同行机构转介,雨泽,雨泽,白博文,香港永明金融有限公司,储蓄,万年青·星河尊享保险计划II,2,年缴,美金,20000,156000,156000,40000,0,NONPI,,45904,45905,45905,45916,,JF7523,吕静文
U000350,611221310,生效,众和恒富理财集团有限公司,KA业务,合伙转介业务,同行机构转介,迪岸,迪岸,迪岸,香港永明金融有限公司,储蓄,万年青·星河尊享保险计划II,5,年缴,美金,10000,78000,78000,50000,0,NONPI,,45904,45913,45913,45964,,JK6768,林小莎
J000877,602068827,生效,九富保险服务有限公司,经代业务,永明经代,持牌经纪,万森保险,万森保险,万森保险,香港永明金融有限公司,储蓄,万年青·星河尊享保险计划II,2,预缴,美金,25000,195000,195000,,0,NONPI,,45904,45905,45905,45932,高瑶,JF7605,林思思
J000878,602068828,生效,九富保险服务有限公司,代理人业务,成事家办,IYB分公司,丁洁,,丁洁,香港永明金融有限公司,储蓄,万年青·星河尊享保险计划II,2,预缴,美金,150000,1170000,1170000,,0,NONPI,,45904,45910,,45923,,JJ7859,张浩晖
J000879,602068634,生效,九富保险服务有限公司,代理人业务,天领业务,天领机构,天领重庆,Global  District,王尔曼,香港永明金融有限公司,储蓄,万年青·星河尊享保险计划II,5,年缴,美金,15000,117000,117000,,0,NONPI,,45904,45905,45906,45911,,JJ8674,许家乐
D001829,611208576,生效,怡泰财富管理有限公司,经代业务,BK业务,银行网点,平安银行,徐艳,平安香港,香港永明金融有限公司,储蓄,永誉传承储蓄计划,1,整付,美金,300000,2340000,234000,,0,NONPI,,45905,45916,45916,45940,,JF2281,赖晔敏
U000351,611221278,生效,众和恒富理财集团有限公司,经代业务,同行经代,持牌经纪,唯思,唯思,唯思管理,香港永明金融有限公司,储蓄,万年青·星河传承保险计划II,5,年缴,美金,30000,234000,234000,,0,NONPI,,45905,45909,45910,45924,战略合作,JF7523,吕静文
U000352,611221258,生效,众和恒富理财集团有限公司,KA业务,合伙转介业务,同行机构转介,雨泽,雨泽,白博文,香港永明金融有限公司,储蓄,万年青·星河尊享保险计划II,5,预缴,美金,10000,78000,78000,50000,0,NONPI,,45905,45922,45922,45938,,JF7523,吕静文
U000353,611221300,生效,众和恒富理财集团有限公司,经代业务,同行经代,持牌经纪,唯思,唯思,唯思管理,香港永明金融有限公司,储蓄,万年青·星河尊享保险计划II,5,预缴,美金,20000,156000,156000,,0,NONPI,,45905,45910,45910,45950,战略合作,JH9602,余文茜
U000356,611221367,生效,众和恒富理财集团有限公司,KA业务,合伙转介业务,同行机构转介,迪岸,迪岸,迪岸,香港永明金融有限公司,储蓄,万年青·星河尊享保险计划II,5,预缴,美金,50000,390000,390000,200000,0,NONPI,,45905,45906,45906,45958,,JF7523,吕静文
D001830,611208692,生效,怡泰财富管理有限公司,KA业务,ICLUB业务,异业机构转介,新风,机构,新风,香港永明金融有限公司,储蓄,万年青·星河尊享保险计划II,2,预缴,美金,30000,234000,234000,60000,0,NONPI,,45908,45919,45922,45938,,JF2281,赖晔敏
D001831,611208695,生效,怡泰财富管理有限公司,KA业务,ICLUB业务,异业机构转介,新风,机构,新风,香港永明金融有限公司,储蓄,万年青·星河尊享保险计划II,2,预缴,美金,50000,390000,390000,100000,0,NONPI,,45908,45919,45922,45951,,JF2281,赖晔敏
D001833,611208837,生效,怡泰财富管理有限公司,KA业务,ICLUB业务,异业机构转介,新风,机构,新风,香港永明金融有限公司,储蓄,万年青·星河传承保险计划II,2,预缴,美金,25000,195000,195000,60000,0,NONPI,,45908,45913,45916,45950,,JH6936,余迪慷
J000881,602068638,生效,九富保险服务有限公司,代理人业务,成事家办,IYB分公司,刘微,,刘微,香港永明金融有限公司,储蓄,万年青·星河尊享保险计划II,2,年缴,美金,120000,936000,936000,,0,NONPI,,45908,45909,45910,45915,,JJ8674,许家乐
U000357,611221204,生效,众和恒富理财集团有限公司,KA业务,合伙转介业务,同行机构转介,迪岸,迪岸,迪岸,香港永明金融有限公司,储蓄,万年青·星河尊享保险计划II,5,年缴,美金,10000,78000,78000,50000,0,NONPI,,45908,45920,45920,45939,,JH9602,余文茜
U000359,611221188,生效,众和恒富理财集团有限公司,KA业务,合伙转介业务,同行机构转介,迪岸,迪岸,迪岸,香港永明金融有限公司,储蓄,万年青·星河尊享保险计划II,5,年缴,美金,30000,234000,234000,150000,0,NONPI,,45908,45913,45913,45924,,JH9602,余文茜
U000360,611221189,生效,众和恒富理财集团有限公司,KA业务,合伙转介业务,同行机构转介,迪岸,迪岸,迪岸,香港永明金融有限公司,储蓄,万年青·星河尊享保险计划II,5,年缴,美金,30000,234000,234000,150000,0,NONPI,,45908,45913,45913,45924,,JH9602,余文茜
U000361,611221330,生效,众和恒富理财集团有限公司,KA业务,合伙转介业务,持牌转介,总部职能,总部职能,王嘉鸣,香港永明金融有限公司,重疾,万家康卓越保,25,年缴,美金,2389.4,18637.32,18637.32,130000,0,NONPI,,45908,45912,45912,45936,,JH9602,余文茜
U000362,611209963,生效,众和恒富理财集团有限公司,KA业务,合伙转介业务,同行机构转介,兴泰家办,兴泰家办,兴泰家办,香港永明金融有限公司,储蓄,万年青·星河尊享保险计划II,5,年缴,美金,50000,390000,390000,250000,0,NONPI,10%,45908,45919,45922,45952,,JJ7007,王嘉鸣
J000882,602068642,生效,九富保险服务有限公司,代理人业务,天领业务,天领贴牌,广西贴牌,广西锐领,罗莉,香港永明金融有限公司,储蓄,万年青·星河尊享保险计划II,2,年缴,美金,20000,156000,156000,,0,NONPI,,45908,45911,,45918,,JJ8674,许家乐
U000363,611208207,生效,众和恒富理财集团有限公司,KA业务,合伙转介业务,同行机构转介,迪岸,迪岸,迪岸,香港永明金融有限公司,储蓄,万年青·星河尊享保险计划II,2,预缴,美金,25000,195000,195000,50000,0,NONPI,,45908,45909,45910,45932,,JH9602,余文茜
U000364,611221281,生效,众和恒富理财集团有限公司,经代业务,同行经代,持牌经纪,唯思,唯思,唯思管理,香港永明金融有限公司,储蓄,万年青·星河尊享保险计划II,2,预缴,美金,300000,2340000,2340000,,0,NONPI,,45908,45910,45910,45926,战略合作,JF7523,吕静文
U000366,611221274,生效,众和恒富理财集团有限公司,KA业务,合伙转介业务,同行机构转介,迪岸,迪岸,迪岸,香港永明金融有限公司,储蓄,万年青·星河尊享保险计划II,5,年缴,美金,15000,117000,117000,75000,0,NONPI,,45909,45915,45915,45936,,JF7523,吕静文
U000367,611221169,生效,众和恒富理财集团有限公司,KA业务,ICLUB业务,异业机构转介,顶峰优势,机构,顶峰优势,香港永明金融有限公司,储蓄,万年青·星河尊享保险计划II,2,预缴,美金,50000,390000,390000,100000,0,NONPI,,45909,45916,45916,45923,,JH9602,余文茜
D001835,3830067777,生效,怡泰财富管理有限公司,代理人业务,成事家办,IYB分公司,杨璐熙,,杨璐熙,宏利人寿保险（国际）有限公司,储蓄,宏挚传承保障计划,5,年缴,美金,2500,19500,19500,12500,0,NONPI,,45916,45918,45918,45930,,JH6936,余迪慷
D001836,611208845,生效,怡泰财富管理有限公司,KA业务,合伙转介业务,异业机构转介,明德长青,明德长青,明德长青,香港永明金融有限公司,储蓄,万年青·星河传承保险计划II,5,年缴,美金,20000,156000,156000,100000,0,NONPI,,45909,45915,45917,45919,,JH6936,余迪慷
D001837,611208843,生效,怡泰财富管理有限公司,KA业务,合伙转介业务,异业机构转介,明德长青,明德长青,明德长青,香港永明金融有限公司,储蓄,万年青·星河传承保险计划II,5,年缴,美金,30000,234000,234000,250000,0,NONPI,,45922,45927,45929,45940,,JH6936,余迪慷
J000884,602068841,生效,九富保险服务有限公司,代理人业务,成事家办,IYB分公司,杨帆,,杨帆,香港永明金融有限公司,储蓄,万年青·星河传承保险计划II,5,预缴,美金,10000,78000,78000,50000,0,NONPI,,45909,45915,,45932,,JJ3840,温海伦
U000368,611221197,生效,众和恒富理财集团有限公司,KA业务,合伙转介业务,同行机构转介,雨泽,雨泽,白博文,香港永明金融有限公司,储蓄,万年青·星河尊享保险计划II,5,预缴,美金,10000,78000,78000,50000,0,NONPI,,45909,45911,45911,45967,,JH9602,余文茜
U000369,611220965,生效,众和恒富理财集团有限公司,经代业务,同行经代,持牌经纪,唯思,唯思,唯思管理,香港永明金融有限公司,储蓄,万年青·星河尊享保险计划II,2,预缴,美金,30000,234000,234000,60000,0,NONPI,,45909,45927,45927,45958,战略合作,JK6768,林小莎
D001839,3830069153,生效,怡泰财富管理有限公司,代理人业务,天领业务,天领机构,天领重庆,聚忻,张俊,宏利人寿保险（国际）有限公司,储蓄,宏挚传承保障计划,5,年缴,美金,300000,2340000,2340000,,0,NONPI,,45909,45920,45920,45930,,JF2281,赖晔敏
D001840,3830067801,生效,怡泰财富管理有限公司,代理人业务,成事家办,IYB分公司,杨璐熙,,杨璐熙,宏利人寿保险（国际）有限公司,重疾,活耀人生危疾保 PRO,25,年缴,美金,435.48,3396.744,3396.744,38000,0,NONPI,,45916,45918,45918,45932,,JH6936,余迪慷
D001841,611208578,生效,怡泰财富管理有限公司,KA业务,合伙转介业务,同行机构转介,加利利,加利利,加利利,香港永明金融有限公司,人寿,永延保障计划,12,年缴,美金,6725,52455,52455,80700,0,NONPI,,45909,45910,45912,45929,,IA6464,连亮晴
J000885,602068824,生效,九富保险服务有限公司,代理人业务,成事家办,IYB分公司,杨帆,,杨帆,香港永明金融有限公司,储蓄,万年青·星河尊享保险计划II,5,年缴,美金,20000,156000,156000,,0,NONPI,,45909,45912,45916,45929,,JF7605,林思思
J000886,602068825,生效,九富保险服务有限公司,代理人业务,成事家办,IYB分公司,杨帆,,杨帆,香港永明金融有限公司,储蓄,万年青·星河尊享保险计划II,5,预缴,美金,20000,156000,156000,,0,NONPI,,45909,45912,45916,45932,,JF7605,林思思
J000887,602068809,生效,九富保险服务有限公司,代理人业务,成事家办,IYB分公司,杨帆,,杨帆,香港永明金融有限公司,储蓄,万年青·星河传承保险计划II,5,预缴,美金,10000,78000,78000,,0,NONPI,,45909,45915,45916,45932,,JF7605,林思思
J000889,602068645,生效,九富保险服务有限公司,代理人业务,成事家办,IYB分公司,杨璐熙,,杨璐熙,香港永明金融有限公司,储蓄,万年青·星河传承保险计划II,5,年缴,人民币,21000,23940,23940,105000,0,NONPI,,45916,45918,45919,45943,,JJ8674,许家乐
U000370,611221299,生效,众和恒富理财集团有限公司,经代业务,同行经代,持牌经纪,唯思,唯思,唯思管理,香港永明金融有限公司,储蓄,万年青·星河尊享保险计划II,2,年缴,美金,50000,390000,390000,100000,0,NONPI,,45909,45912,45912,45946,战略合作,JF7523,吕静文
U000371,611221331,生效,众和恒富理财集团有限公司,经代业务,同行经代,持牌经纪,唯思,唯思,唯思管理,香港永明金融有限公司,储蓄,万年青·星河尊享保险计划II,2,年缴,美金,50000,390000,390000,,0,NONPI,,45909,45912,45912,45946,战略合作,JF7523,吕静文
U000372,611221328,生效,众和恒富理财集团有限公司,经代业务,同行经代,持牌经纪,唯思,唯思,唯思管理,香港永明金融有限公司,储蓄,万年青·星河尊享保险计划II,2,年缴,美金,50000,390000,390000,,0,NONPI,,45909,45912,45912,45932,战略合作,JK6768,林小莎
U000373,611221320,生效,众和恒富理财集团有限公司,经代业务,同行经代,持牌经纪,唯思,唯思,唯思管理,香港永明金融有限公司,储蓄,万年青·星河尊享保险计划II,2,年缴,美金,50000,390000,390000,,0,NONPI,,45909,45912,45912,45933,战略合作,JK6768,林小莎
U000374,611210751,生效,众和恒富理财集团有限公司,KA业务,合伙转介业务,同行机构转介,雨泽,雨泽,白博文,香港永明金融有限公司,储蓄,万年青·星河尊享保险计划II,5,年缴,美金,20000,156000,156000,250000,0,NONPI,,45909,45919,45919,45946,,JK7517,王杰辉
U000376,611221301,生效,众和恒富理财集团有限公司,经代业务,同行经代,持牌经纪,唯思,唯思,唯思管理,香港永明金融有限公司,储蓄,万年青·星河尊享保险计划II,2,年缴,美金,25000,195000,195000,,0,NONPI,,45909,45912,45912,45947,战略合作,JF7523,吕静文
U000377,611221276,生效,众和恒富理财集团有限公司,经代业务,同行经代,持牌经纪,唯思,唯思,唯思管理,香港永明金融有限公司,重疾,万家康卓越保,20,年缴,美金,2136.4,16663.92,16663.92,70000,0,NONPI,,45909,45915,45915,45926,战略合作,JF7523,吕静文
U000378,611221326,生效,众和恒富理财集团有限公司,KA业务,合伙转介业务,同行机构转介,迪岸,迪岸,迪岸,香港永明金融有限公司,储蓄,万年青·星河尊享保险计划II,5,年缴,美金,15000,117000,117000,75000,0,NONPI,,45910,45911,45911,45919,,JF7523,吕静文
U000379,611221190,生效,众和恒富理财集团有限公司,KA业务,合伙转介业务,同行机构转介,迪岸,迪岸,迪岸,香港永明金融有限公司,储蓄,万年青·星河尊享保险计划II,5,年缴,美金,20000,156000,156000,100000,0,NONPI,,45910,45916,45916,45926,,JH9602,余文茜
U000380,611221280,生效,众和恒富理财集团有限公司,KA业务,合伙转介业务,同行机构转介,迪岸,迪岸,迪岸,香港永明金融有限公司,储蓄,万年青·星河尊享保险计划II,2,年缴,美金,100000,780000,780000,,0,NONPI,,45910,45911,45911,45926,,JF7523,吕静文
U000381,611221302,生效,众和恒富理财集团有限公司,KA业务,合伙转介业务,同行机构转介,迪岸,迪岸,迪岸,香港永明金融有限公司,储蓄,万年青·星河传承保险计划II,5,预缴,美金,20000,156000,156000,,0,NONPI,,45910,45915,45915,45932,,JK6768,林小莎
J000890,602068643,生效,九富保险服务有限公司,代理人业务,成事家办,IYB分公司,杨洪美,,杨洪美,香港永明金融有限公司,储蓄,万年青·星河传承保险计划II,5,预缴,美金,50000,390000,390000,,0,NONPI,,45910,45917,45917,45947,,JJ8674,许家乐
J000891,602068807,生效,九富保险服务有限公司,代理人业务,成事家办,IYB分公司,丁洁,,丁洁,香港永明金融有限公司,储蓄,万年青·星河尊享保险计划II,5,预缴,美金,24000,187200,187200,,0,NONPI,,45910,45926,45930,45960,,JJ8674,许家乐
J000892,602068840,生效,九富保险服务有限公司,经代业务,永明经代,持牌经纪,万森保险,万森保险,万森保险,香港永明金融有限公司,储蓄,万年青·星河传承保险计划II,5,年缴,美金,100000,780000,780000,,0,NONPI,,45910,45913,,45965,高瑶,JJ3840,温海伦
J000893,602068822,生效,九富保险服务有限公司,代理人业务,成事家办,IYB分公司,杨洪美,,杨洪美,香港永明金融有限公司,储蓄,万年青·星河传承保险计划II,5,预缴,美金,50000,390000,390000,,0,NONPI,,45910,45916,45917,45958,,JJ7859,张浩晖
J000895,602068410,生效,九富保险服务有限公司,代理人业务,成事家办,IYB分公司,杨洪美,,杨洪美,香港永明金融有限公司,储蓄,万年青·星河尊享保险计划II,5,年缴,美金,20000,156000,156000,,0,NONPI,,45910,45919,45925,45945,,JJ8674,许家乐
J000896,602068842,生效,九富保险服务有限公司,经代业务,永明经代,持牌经纪,万森保险,万森保险,万森保险,香港永明金融有限公司,储蓄,万年青·星河尊享保险计划II,5,预缴,美金,60000,468000,468000,,0,NONPI,,45910,45915,,45932,高瑶,JJ3840,温海伦
D001842,611208588,生效,怡泰财富管理有限公司,经代业务,BK业务,银行网点,平安银行,钟丽丽,平安香港,香港永明金融有限公司,储蓄,永誉传承储蓄计划,1,整付,美金,500000,3900000,390000,,1,NONPI,,45910,45910,45912,45965,,JF2281,赖晔敏
U000382,611210755,生效,众和恒富理财集团有限公司,KA业务,合伙转介业务,同行机构转介,迪岸,迪岸,迪岸,香港永明金融有限公司,储蓄,万年青·星河尊享保险计划II,5,年缴,美金,35000,273000,273000,,0,NONPI,,45910,45925,45925,45940,,JK7517,王杰辉
U000383,611221287,生效,众和恒富理财集团有限公司,KA业务,合伙转介业务,同行机构转介,迪岸,迪岸,迪岸,香港永明金融有限公司,储蓄,万年青·星河传承保险计划II,5,年缴,美金,30000,234000,234000,150000,0,NONPI,,45911,45917,45917,45944,,JK7517,王杰辉
U000384,611221334,生效,众和恒富理财集团有限公司,KA业务,合伙转介业务,同行机构转介,迪岸,迪岸,迪岸,香港永明金融有限公司,储蓄,万年青·星河尊享保险计划II,5,年缴,美金,5000,39000,39000,,0,NONPI,,45911,45912,45912,45919,,JH9602,余文茜
U000385,611221306,生效,众和恒富理财集团有限公司,KA业务,合伙转介业务,同行机构转介,迪岸,迪岸,迪岸,香港永明金融有限公司,储蓄,万年青·星河尊享保险计划II,2,预缴,美金,35000,273000,273000,,0,NONPI,,45911,45915,45915,45923,,JK6768,林小莎
U000386,611222761,生效,众和恒富理财集团有限公司,KA业务,合伙转介业务,同行机构转介,迪岸,迪岸,迪岸,香港永明金融有限公司,储蓄,万年青·星河传承保险计划II,5,年缴,美金,15000,117000,117000,75000,0,NONPI,,45911,45929,45932,45946,,JK7517,王杰辉
U000387,611221333,生效,众和恒富理财集团有限公司,KA业务,合伙转介业务,同行机构转介,迪岸,迪岸,迪岸,香港永明金融有限公司,储蓄,万年青·星河传承保险计划II,5,预缴,美金,32000,249600,249600,160000,0,NONPI,,45911,45917,45917,45951,,JK6571,黄振豪
U000388,611221295,生效,众和恒富理财集团有限公司,KA业务,合伙转介业务,同行机构转介,迪岸,迪岸,迪岸,香港永明金融有限公司,储蓄,万年青·星河尊享保险计划II,2,预缴,美金,75000,585000,585000,150000,0,NONPI,,45911,45917,45917,45957,,JK7517,王杰辉
U000389,611221167,生效,众和恒富理财集团有限公司,KA业务,合伙转介业务,同行机构转介,迪岸,迪岸,迪岸,香港永明金融有限公司,储蓄,万年青·星河尊享保险计划II,2,年缴,美金,30000,234000,234000,,0,NONPI,,45911,45917,45917,45947,,JH9602,余文茜
D001843,611203247,生效,怡泰财富管理有限公司,经代业务,BK业务,银行网点,民生银行,,民生郑州,香港永明金融有限公司,储蓄,万年青·卓金保险计划II,5,年缴,美金,30000,234000,234000,150000,0,NONPI,59%,45911,45915,45919,45923,,JK6077,肖锦源
D001844,611203252,生效,怡泰财富管理有限公司,经代业务,BK业务,银行网点,民生银行,,民生杭州,香港永明金融有限公司,储蓄,万年青·卓金保险计划II,5,预缴,美金,50000,390000,390000,250000,0,NONPI,59%,45911,45916,45917,45960,,JK6077,肖锦源
U000390,611221171,生效,众和恒富理财集团有限公司,KA业务,合伙转介业务,同行机构转介,迪岸,迪岸,迪岸,香港永明金融有限公司,储蓄,万年青·星河尊享保险计划II,5,年缴,美金,50000,390000,390000,250000,0,NONPI,,45912,45918,45922,45926,,JH9602,余文茜
U000392,611221308,生效,众和恒富理财集团有限公司,KA业务,合伙转介业务,同行机构转介,迪岸,迪岸,迪岸,香港永明金融有限公司,储蓄,万年青·星河传承保险计划II,2,年缴,美金,100000,780000,780000,,0,NONPI,,45912,45913,45913,45966,,JK6768,林小莎
U000393,611222765,生效,众和恒富理财集团有限公司,KA业务,ICLUB业务,异业机构转介,顶峰优势,机构,顶峰优势,香港永明金融有限公司,储蓄,万年青·星河尊享保险计划II,2,预缴,美金,50000,390000,390000,,0,NONPI,,45912,45929,45932,45958,,JK7517,王杰辉
U000394,611221291,生效,众和恒富理财集团有限公司,KA业务,合伙转介业务,同行机构转介,迪岸,迪岸,迪岸,香港永明金融有限公司,储蓄,万年青·星河尊享保险计划II,2,预缴,美金,150000,1170000,1170000,300000,0,NONPI,,45912,45912,45912,45925,,JF7523,吕静文
U000395,611221290,生效,众和恒富理财集团有限公司,KA业务,合伙转介业务,同行机构转介,迪岸,迪岸,迪岸,香港永明金融有限公司,储蓄,万年青·星河尊享保险计划II,2,预缴,美金,150000,1170000,1170000,300000,0,NONPI,,45912,45912,45912,45926,,JF7523,吕静文
U000396,611221373,生效,众和恒富理财集团有限公司,KA业务,合伙转介业务,同行机构转介,雨泽,雨泽,白博文,香港永明金融有限公司,储蓄,万年青·星河尊享保险计划II,5,年缴,美金,22000,171600,171600,110000,0,NONPI,,45912,45920,45920,45954,,JF7523,吕静文
J000897,602068810,生效,九富保险服务有限公司,经代业务,永明经代,持牌经纪,万森保险,万森保险,万森保险,香港永明金融有限公司,储蓄,万年青·星河尊享保险计划II,5,预缴,美金,30000,234000,234000,,0,NONPI,,45912,45916,45916,45918,高瑶,JF7605,林思思
U000397,611221180,生效,众和恒富理财集团有限公司,经代业务,同行经代,持牌经纪,唯思,唯思,唯思管理,香港永明金融有限公司,储蓄,万年青·星河尊享保险计划II,5,预缴,美金,100000,780000,780000,,0,NONPI,20%,45912,45919,45922,45958,战略合作,JH9602,余文茜
U000398,611221318,生效,众和恒富理财集团有限公司,KA业务,合伙转介业务,同行机构转介,红兔数智,红兔数智,红兔数智,香港永明金融有限公司,储蓄,万年青·星河尊享保险计划II,5,年缴,美金,20000,156000,156000,100000,0,NONPI,,45912,45917,45917,45936,,JK6768,林小莎
U000399,611221172,生效,众和恒富理财集团有限公司,KA业务,合伙转介业务,同行机构转介,雨泽,雨泽,白博文,香港永明金融有限公司,储蓄,万年青·星河尊享保险计划II,5,预缴,美金,22000,171600,171600,,0,NONPI,,45912,45919,45919,45961,,JH9602,余文茜
U000400,611221375,生效,众和恒富理财集团有限公司,KA业务,合伙转介业务,同行机构转介,迪岸,迪岸,迪岸,香港永明金融有限公司,储蓄,万年青·星河尊享保险计划II,5,年缴,人民币,250000,285000,285000,1250000,0,NONPI,,45912,45922,45922,45946,,JF7523,吕静文
U000401,611221177,生效,众和恒富理财集团有限公司,KA业务,合伙转介业务,同行机构转介,迪岸,迪岸,迪岸,香港永明金融有限公司,储蓄,万年青·星河尊享保险计划II,2,预缴,美金,50000,390000,390000,,0,NONPI,,45912,45919,45922,45957,,JH9602,余文茜
U000405,611221283,生效,众和恒富理财集团有限公司,KA业务,合伙转介业务,同行机构转介,迪岸,迪岸,迪岸,香港永明金融有限公司,储蓄,万年青·星河尊享保险计划II,5,年缴,美金,30000,234000,234000,,0,NONPI,,45912,45915,45915,45929,,JF7523,吕静文
U000406,611210060,生效,众和恒富理财集团有限公司,KA业务,ICLUB业务,异业机构转介,保乔蒂,机构,保乔蒂,香港永明金融有限公司,储蓄,万年青·星河尊享保险计划II,2,年缴,人民币,140000,159600,159600,,0,NONPI,,45913,45913,45913,45945,,JH9602,余文茜
U000407,611221279,生效,众和恒富理财集团有限公司,KA业务,合伙转介业务,同行机构转介,迪岸,迪岸,迪岸,香港永明金融有限公司,储蓄,万年青·星河尊享保险计划II,5,年缴,美金,30000,234000,234000,,0,NONPI,,45913,45915,45915,45925,,JF7523,吕静文
U000409,611221369,生效,众和恒富理财集团有限公司,KA业务,合伙转介业务,同行机构转介,迪岸,迪岸,迪岸,香港永明金融有限公司,储蓄,万年青·星河尊享保险计划II,2,年缴,美金,35000,273000,273000,70000,0,NONPI,,45915,45916,45916,45966,,JF7523,吕静文
U000410,611221305,生效,众和恒富理财集团有限公司,KA业务,合伙转介业务,同行机构转介,迪岸,迪岸,迪岸,香港永明金融有限公司,储蓄,万年青·星河尊享保险计划II,2,预缴,美金,30000,234000,234000,60000,0,NONPI,,45915,45918,45918,45952,,JK6768,林小莎
U000411,611209958,生效,众和恒富理财集团有限公司,KA业务,合伙转介业务,同行个人转介,Molly,,刘梦妮,香港永明金融有限公司,储蓄,万年青·星河尊享保险计划II,5,年缴,美金,30000,234000,234000,,0,NONPI,,45915,45918,45922,45926,,JJ7007,王嘉鸣
U000412,611221309,生效,众和恒富理财集团有限公司,KA业务,合伙转介业务,同行机构转介,迪岸,迪岸,迪岸,香港永明金融有限公司,储蓄,万年青·星河尊享保险计划II,2,年缴,美金,25000,195000,195000,,0,NONPI,,45915,45917,45917,45945,,JK6768,林小莎
U000413,611221353,生效,众和恒富理财集团有限公司,KA业务,合伙转介业务,同行机构转介,迪岸,迪岸,迪岸,香港永明金融有限公司,储蓄,万年青·星河尊享保险计划II,2,年缴,人民币,150000,171000,171000,,0,NONPI,,45915,45929,45929,45952,,JF7523,吕静文
U000414,611210759,生效,众和恒富理财集团有限公司,经代业务,同行经代,持牌经纪,唯思,唯思,唯思管理,香港永明金融有限公司,储蓄,万年青·星河尊享保险计划II,5,预缴,美金,10000,78000,78000,,0,NONPI,,45915,45918,45918,45952,战略合作,JH9602,余文茜
J000899,602068786,生效,九富保险服务有限公司,代理人业务,成事家办,IYB分公司,刘微,,刘微,香港永明金融有限公司,重疾,万家康卓越保,10,年缴,美金,2972,23181.6,23181.6,100000,0,NONPI,,45915,45918,45925,45939,,JF7605,林思思
J000900,602068785,生效,九富保险服务有限公司,代理人业务,成事家办,IYB分公司,刘微,,刘微,香港永明金融有限公司,重疾,万家康卓越保,10,年缴,美金,2442,19047.6,19047.6,100000,0,NONPI,,45915,45918,45925,45939,,JF7605,林思思
J000901,602068784,生效,九富保险服务有限公司,代理人业务,成事家办,IYB分公司,刘微,,刘微,香港永明金融有限公司,重疾,万家康卓越保,10,年缴,美金,2088,16286.4,16286.4,,0,NONPI,,45915,45918,45925,45939,,JF7605,林思思
J000902,602068409,生效,九富保险服务有限公司,代理人业务,成事家办,IYB分公司,杨洪美,,杨洪美,香港永明金融有限公司,储蓄,万年青·星河传承保险计划II,5,年缴,美金,20000,156000,156000,,0,NONPI,,45915,45919,45925,45939,,JJ8674,许家乐
J000903,602068847,生效,九富保险服务有限公司,代理人业务,成事家办,IYB分公司,刘微,,刘微,香港永明金融有限公司,储蓄,万年青·星河传承保险计划II,5,年缴,美金,50000,390000,390000,,0,NONPI,,45915,45922,45925,45932,,JJ3840,温海伦
J000904,602068846,生效,九富保险服务有限公司,代理人业务,成事家办,IYB分公司,刘微,,刘微,香港永明金融有限公司,储蓄,万年青·星河尊享保险计划II,5,预缴,美金,50000,390000,390000,,0,NONPI,,45915,45922,45925,45932,,JJ3840,温海伦
U000415,611210740,生效,众和恒富理财集团有限公司,经代业务,同行经代,持牌经纪,唯思,唯思,唯思管理,香港永明金融有限公司,储蓄,万年青·星河尊享保险计划II,5,预缴,美金,10000,78000,78000,,0,NONPI,,45915,45919,45919,45961,战略合作,JK7517,王杰辉
U000416,611221175,生效,众和恒富理财集团有限公司,KA业务,合伙转介业务,同行机构转介,迪岸,迪岸,迪岸,香港永明金融有限公司,储蓄,万年青·星河尊享保险计划II,5,年缴,人民币,200000,228000,228000,1000000,0,NONPI,,45915,45920,45920,45952,,JH9602,余文茜
U000417,611221321,生效,众和恒富理财集团有限公司,KA业务,合伙转介业务,同行机构转介,迪岸,迪岸,迪岸,香港永明金融有限公司,储蓄,万年青·星河尊享保险计划II,5,年缴,人民币,210000,239400,239400,1050000,0,NONPI,,45915,45918,45918,45943,,JK6768,林小莎
U000418,611221286,生效,众和恒富理财集团有限公司,KA业务,合伙转介业务,同行机构转介,雨泽,雨泽,白博文,香港永明金融有限公司,储蓄,万年青·星河尊享保险计划II,5,年缴,美金,50000,390000,390000,,0,NONPI,,45915,45917,45917,45932,,JF7523,吕静文
U000419,611221285,生效,众和恒富理财集团有限公司,经代业务,同行经代,持牌经纪,唯思,唯思,唯思管理,香港永明金融有限公司,储蓄,万年青·星河尊享保险计划II,2,预缴,美金,25000,195000,195000,,0,NONPI,,45915,45915,45915,45945,战略合作,JF7523,吕静文
U000420,611221311,生效,众和恒富理财集团有限公司,KA业务,合伙转介业务,同行机构转介,迪岸,迪岸,迪岸,香港永明金融有限公司,储蓄,万年青·星河传承保险计划II,5,年缴,美金,40000,312000,312000,200000,0,NONPI,,45915,45922,45922,45939,,JK6768,林小莎
U000421,611221332,生效,众和恒富理财集团有限公司,KA业务,合伙转介业务,同行机构转介,迪岸,迪岸,迪岸,香港永明金融有限公司,储蓄,万年青·星河尊享保险计划II,5,年缴,美金,5000,39000,39000,,0,NONPI,,45915,45917,45917,45980,,JK6571,黄振豪
U000422,611221316,生效,众和恒富理财集团有限公司,KA业务,合伙转介业务,同行机构转介,雨泽,雨泽,白博文,香港永明金融有限公司,储蓄,万年青·星河尊享保险计划II,5,预缴,美金,20000,156000,156000,,0,NONPI,,45915,45916,45916,45958,,JK6768,林小莎
U000426,611221181,生效,众和恒富理财集团有限公司,KA业务,合伙转介业务,同行机构转介,迪岸,迪岸,迪岸,香港永明金融有限公司,储蓄,万年青·星河尊享保险计划II,5,年缴,人民币,360000,410400,410400,1750000,0,NONPI,10%,45916,45920,45922,45953,,JH9602,余文茜
U000427,611221325,生效,众和恒富理财集团有限公司,KA业务,合伙转介业务,同行机构转介,迪岸,迪岸,迪岸,香港永明金融有限公司,储蓄,万年青·星河尊享保险计划II,5,年缴,美金,26000,202800,202800,130000,0,NONPI,,45916,45922,45936,45947,,JK6768,林小莎
U000428,611210749,生效,众和恒富理财集团有限公司,KA业务,合伙转介业务,同行机构转介,迪岸,迪岸,迪岸,香港永明金融有限公司,储蓄,万年青·星河尊享保险计划II,5,年缴,美金,30000,234000,234000,150000,0,NONPI,,45916,45922,45922,45940,,JK7517,王杰辉
J000905,602068848,生效,九富保险服务有限公司,代理人业务,天领业务,天领贴牌,宁波贴牌,欣村商务,李健,香港永明金融有限公司,储蓄,万年青·星河尊享保险计划II,5,年缴,美金,30000,234000,234000,,0,NONPI,,45915,45925,,45933,,JJ3840,温海伦
U000430,611221184,生效,众和恒富理财集团有限公司,KA业务,合伙转介业务,同行机构转介,迪岸,迪岸,迪岸,香港永明金融有限公司,储蓄,万年青·星河尊享保险计划II,2,预缴,美金,15000,117000,117000,30000,0,NONPI,,45916,45920,45920,45946,,JH9602,余文茜
U000431,611210739,生效,众和恒富理财集团有限公司,KA业务,合伙转介业务,同行机构转介,迪岸,迪岸,迪岸,香港永明金融有限公司,储蓄,万年青·星河传承保险计划II,5,年缴,美金,5000,39000,39000,25000,0,NONPI,,45916,45917,45917,45939,,JK7517,王杰辉
U000432,611221168,生效,众和恒富理财集团有限公司,KA业务,合伙转介业务,同行机构转介,雨泽,雨泽,白博文,香港永明金融有限公司,储蓄,万年青·星河尊享保险计划II,5,年缴,美金,50000,390000,390000,,0,NONPI,,45916,45916,45916,45924,,JH9602,余文茜
U000433,611221170,生效,众和恒富理财集团有限公司,KA业务,合伙转介业务,同行机构转介,迪岸,迪岸,迪岸,香港永明金融有限公司,储蓄,万年青·星河尊享保险计划II,5,年缴,美金,20000,156000,156000,,0,NONPI,,45916,45918,45918,45946,,JH9602,余文茜
U000434,611222764,生效,众和恒富理财集团有限公司,KA业务,ICLUB业务,异业机构转介,顶峰优势,机构,顶峰优势,香港永明金融有限公司,储蓄,万年青·星河尊享保险计划II,2,预缴,美金,20000,156000,156000,,0,NONPI,,45916,45929,45929,45947,,JK7517,王杰辉
J000906,602068415,生效,九富保险服务有限公司,代理人业务,天领业务,天领机构,天领成都,梧桐,姚净琳,香港永明金融有限公司,储蓄,万年青·星河尊享保险计划II,2,预缴,美金,50000,390000,390000,100000,0,NONPI,,45916,45922,45925,45940,,JJ8674,许家乐
D001850,611208847,生效,怡泰财富管理有限公司,KA业务,合伙转介业务,异业机构转介,明德长青,明德长青,明德长青,香港永明金融有限公司,储蓄,万年青·星河尊享保险计划II,5,预缴,美金,10000,78000,78000,50000,0,NONPI,,45916,45927,45929,45947,,JH6936,余迪慷
U000435,611210754,生效,众和恒富理财集团有限公司,KA业务,合伙转介业务,同行机构转介,迪岸,迪岸,迪岸,香港永明金融有限公司,储蓄,万年青·星河尊享保险计划II,5,预缴,美金,14000,109200,109200,,0,NONPI,,45916,45925,45925,45940,,JK7517,王杰辉
U000436,611221068,生效,众和恒富理财集团有限公司,KA业务,合伙转介业务,同行机构转介,迪岸,迪岸,迪岸,香港永明金融有限公司,储蓄,万年青·星河尊享保险计划II,5,预缴,美金,16000,124800,124800,80000,0,NONPI,,45916,45930,45936,45965,,JK6768,林小莎
U000437,611221313,生效,众和恒富理财集团有限公司,KA业务,合伙转介业务,同行机构转介,京辰香港,京辰香港,京辰香港,香港永明金融有限公司,储蓄,万年青·星河尊享保险计划II,5,年缴,美金,50000,390000,390000,,0,NONPI,10%,45916,45918,45918,45958,,JK6768,林小莎
U000438,611221248,生效,众和恒富理财集团有限公司,经代业务,同行经代,持牌经纪,唯思,唯思,唯思管理,香港永明金融有限公司,储蓄,万年青·星河尊享保险计划II,2,年缴,美金,50000,390000,390000,,0,NONPI,,45916,45922,45922,45965,战略合作,JH9602,余文茜
Y000052,8201143585,生效,盈富理财顾问有限公司,KA业务,ICLUB业务,异业机构转介,保险师,机构,保险师,中国人寿保险（海外）股份有限公司（澳门）,储蓄,裕饶传承储蓄保险计划III,5,预缴,港币,2374000,2374000,2374000,11870000,1,NONPI,5%,45917,45919,,45930,,,
Y000053,8201143890,生效,盈富理财顾问有限公司,KA业务,ICLUB业务,异业机构转介,保险师,机构,保险师,中国人寿保险（海外）股份有限公司（澳门）,储蓄,裕饶传承储蓄保险计划III,5,预缴,港币,2374000,2374000,2374000,11870000,1,NONPI,5%,45917,45919,,45938,,,
U000439,611221327,生效,众和恒富理财集团有限公司,KA业务,合伙转介业务,同行机构转介,雨泽,雨泽,白博文,香港永明金融有限公司,储蓄,万年青·星河尊享保险计划II,2,年缴,美金,70000,546000,546000,,0,NONPI,,45917,45919,45919,45938,,JK6768,林小莎
U000440,611221294,生效,众和恒富理财集团有限公司,KA业务,合伙转介业务,同行机构转介,雨泽,雨泽,白博文,香港永明金融有限公司,储蓄,万年青·星河尊享保险计划II,2,预缴,美金,40000,312000,312000,80000,0,NONPI,,45917,45927,45927,45951,,JF7523,吕静文
U000441,611221297,生效,众和恒富理财集团有限公司,KA业务,合伙转介业务,同行机构转介,雨泽,雨泽,白博文,香港永明金融有限公司,储蓄,万年青·星河尊享保险计划II,2,预缴,美金,40000,312000,312000,80000,0,NONPI,,45917,45927,45927,45945,,JF7523,吕静文
U000442,611222774,生效,众和恒富理财集团有限公司,经代业务,永明经代,持牌经纪,众安国际,众安国际,众安国际,香港永明金融有限公司,储蓄,万年青·星河尊享保险计划II,5,年缴,美金,10000,78000,78000,50000,0,NONPI,,45917,45938,45940,45973,姜通,JK7517,王杰辉
U000443,611221211,生效,众和恒富理财集团有限公司,经代业务,同行经代,持牌经纪,唯思,唯思,唯思管理,香港永明金融有限公司,重疾,万家康尊尚保,20,年缴,美金,1127.25,8792.55,8792.55,75000,0,NONPI,,45917,45922,45922,45939,战略合作,JH9602,余文茜
U000444,611221210,生效,众和恒富理财集团有限公司,经代业务,同行经代,持牌经纪,唯思,唯思,唯思管理,香港永明金融有限公司,储蓄,万年青·星河尊享保险计划II,5,年缴,美金,20000,156000,156000,,0,NONPI,,45917,45922,45922,45947,战略合作,JH9602,余文茜
J000907,602068641,生效,九富保险服务有限公司,经代业务,永明经代,持牌经纪,万森保险,万森保险,万森保险,香港永明金融有限公司,储蓄,万年青·星河尊享保险计划II,2,预缴,美金,20000,156000,156000,,0,NONPI,,45917,45919,45925,45940,高瑶,JJ8674,许家乐
J000908,602068621,生效,九富保险服务有限公司,经代业务,永明经代,持牌经纪,万森保险,万森保险,万森保险,香港永明金融有限公司,储蓄,万年青·星河尊享保险计划II,2,年缴,美金,20000,156000,156000,,0,NONPI,,45917,45918,45919,45938,高瑶,JJ8674,许家乐
D001851,611208697,生效,怡泰财富管理有限公司,经代业务,BK业务,银行网点,平安银行,徐艳,平安香港,香港永明金融有限公司,储蓄,永誉传承储蓄计划,1,整付,美金,1000000,7800000,780000,,1,NONPI,,45917,45918,45920,45945,,JF2281,赖晔敏
U000447,611208204,生效,众和恒富理财集团有限公司,KA业务,合伙转介业务,同行机构转介,迪岸,迪岸,迪岸,香港永明金融有限公司,储蓄,万年青·星河传承保险计划II,5,年缴,美金,3000,23400,23400,,0,NONPI,,45917,45918,45918,45940,,JH9602,余文茜
U000448,611221178,生效,众和恒富理财集团有限公司,KA业务,合伙转介业务,同行机构转介,迪岸,迪岸,迪岸,香港永明金融有限公司,储蓄,万年青·星河传承保险计划II,5,年缴,美金,100000,780000,780000,500000,0,NONPI,,45917,45920,45922,45951,,JH9602,余文茜
J000911,602068811,生效,九富保险服务有限公司,代理人业务,成事家办,IYB分公司,杨璐熙,,杨璐熙,香港永明金融有限公司,储蓄,万年青·星河尊享保险计划II,5,年缴,美金,55725,434655,434655,,0,NONPI,,45918,45927,,45960,,JJ8674,许家乐
U000449,611221303,生效,众和恒富理财集团有限公司,KA业务,合伙转介业务,同行机构转介,迪岸,迪岸,迪岸,香港永明金融有限公司,储蓄,万年青·星河尊享保险计划II,2,预缴,美金,60000,468000,468000,120000,0,NONPI,,45918,45922,45922,45951,,JK6768,林小莎
U000450,611221371,生效,众和恒富理财集团有限公司,KA业务,合伙转介业务,同行机构转介,迪岸,迪岸,迪岸,香港永明金融有限公司,储蓄,万年青·星河传承保险计划II,5,预缴,美金,30000,234000,234000,,0,NONPI,,45918,45920,45920,45938,,JF7523,吕静文
U000451,611221372,生效,众和恒富理财集团有限公司,KA业务,合伙转介业务,同行机构转介,迪岸,迪岸,迪岸,香港永明金融有限公司,储蓄,万年青·星河传承保险计划II,5,预缴,美金,16000,124800,124800,,0,NONPI,,45918,45920,45920,45938,,JF7523,吕静文
U000452,611222759,生效,众和恒富理财集团有限公司,KA业务,合伙转介业务,同行机构转介,迪岸,迪岸,迪岸,香港永明金融有限公司,储蓄,万年青·星河尊享保险计划II,2,预缴,美金,20000,156000,156000,,0,NONPI,,45918,45926,45926,45947,,JK7517,王杰辉
J000912,602068843,生效,九富保险服务有限公司,经代业务,永明经代,持牌经纪,万森保险,万森保险,万森保险,香港永明金融有限公司,储蓄,万年青·星河尊享保险计划II,2,年缴,美金,50000,390000,390000,,0,NONPI,,45918,45922,45925,45947,高瑶,JJ3840,温海伦
U000454,611221312,生效,众和恒富理财集团有限公司,KA业务,合伙转介业务,同行机构转介,迪岸,迪岸,迪岸,香港永明金融有限公司,储蓄,万年青·星河传承保险计划II,5,年缴,人民币,70000,79800,79800,,0,NONPI,,45918,45919,45919,45939,,JK6768,林小莎
U000455,611221319,生效,众和恒富理财集团有限公司,经代业务,同行经代,持牌经纪,唯思,唯思,唯思管理,香港永明金融有限公司,储蓄,万年青·星河尊享保险计划II,2,预缴,美金,30000,234000,234000,60000,0,NONPI,,45918,45922,45930,45954,战略合作,JK6768,林小莎
U000456,611210788,生效,众和恒富理财集团有限公司,经代业务,同行经代,持牌经纪,唯思,唯思,唯思管理,香港永明金融有限公司,储蓄,万年青·星河尊享保险计划II,2,预缴,美金,37500,292500,292500,,0,NONPI,,45918,45926,45932,45958,战略合作,JJ7007,王嘉鸣
U000458,611221395,生效,众和恒富理财集团有限公司,KA业务,合伙转介业务,同行机构转介,雨泽,雨泽,白博文,香港永明金融有限公司,储蓄,万年青·星河尊享保险计划II,2,预缴,美金,25000,195000,195000,50000,0,NONPI,,45918,45922,45922,45952,,JF7523,吕静文
U000459,611210750,生效,众和恒富理财集团有限公司,KA业务,合伙转介业务,同行机构转介,迪岸,迪岸,迪岸,香港永明金融有限公司,储蓄,万年青·星河尊享保险计划II,2,年缴,美金,30000,234000,234000,60000,0,NONPI,,45918,45923,45923,45940,,JK7517,王杰辉
J000913,602068850,取消投保,九富保险服务有限公司,代理人业务,成事家办,IYB分公司,杨璐熙,,杨璐熙,香港永明金融有限公司,储蓄,万年青·星河传承保险计划II,5,年缴,美金,10000,78000,78000,,0,NONPI,,45918,45925,,45961,,JJ7859,张浩晖
J000915,602068851,生效,九富保险服务有限公司,代理人业务,成事家办,IYB分公司,杨璐熙,,杨璐熙,香港永明金融有限公司,储蓄,万年青·星河传承保险计划II,5,年缴,美金,10000,78000,78000,50000,0,NONPI,,45918,45925,,45952,,JJ7859,张浩晖
J000916,602068792,生效,九富保险服务有限公司,代理人业务,成事家办,IYB分公司,杨璐熙,,杨璐熙,香港永明金融有限公司,储蓄,万年青·星河传承保险计划II,5,年缴,美金,50000,390000,390000,250000,0,NONPI,,45918,45925,45930,45951,,JF7605,林思思
J000917,602068787,生效,九富保险服务有限公司,代理人业务,成事家办,IYB分公司,杨璐熙,,杨璐熙,香港永明金融有限公司,储蓄,万年青·星河传承保险计划II,5,年缴,美金,30000,234000,234000,150000,0,NONPI,,45918,45925,,45951,,JF7605,林思思
J000918,602068788,生效,九富保险服务有限公司,代理人业务,成事家办,IYB分公司,杨璐熙,,杨璐熙,香港永明金融有限公司,储蓄,万年青·星河传承保险计划II,5,预缴,美金,70000,546000,546000,300000,0,NONPI,,45918,45925,,45961,,JF7605,林思思
J000919,602068849,生效,九富保险服务有限公司,代理人业务,天领业务,天领贴牌,宁波贴牌,,李健,香港永明金融有限公司,储蓄,万年青·星河尊享保险计划II,2,年缴,美金,20000,156000,156000,,0,NONPI,,45918,45925,,45932,,JJ3840,温海伦
J000920,602068844,生效,九富保险服务有限公司,经代业务,永明经代,持牌经纪,万森保险,万森保险,万森保险,香港永明金融有限公司,储蓄,万年青·星河传承保险计划II,5,年缴,美金,50000,390000,390000,,0,NONPI,,45918,45922,45925,45932,高瑶,JJ3840,温海伦
U000461,611220967,生效,众和恒富理财集团有限公司,KA业务,合伙转介业务,同行机构转介,迪岸,迪岸,迪岸,香港永明金融有限公司,储蓄,万年青·星河尊享保险计划II,5,预缴,美金,10000,78000,78000,50000,0,NONPI,,45919,45927,45936,45966,,JK6768,林小莎
U000462,611210752,生效,众和恒富理财集团有限公司,KA业务,合伙转介业务,同行机构转介,迪岸,迪岸,迪岸,香港永明金融有限公司,储蓄,万年青·星河尊享保险计划II,2,年缴,美金,35000,273000,273000,70000,0,NONPI,,45919,45923,45923,45940,,JK7517,王杰辉
U000463,611210741,生效,众和恒富理财集团有限公司,KA业务,合伙转介业务,同行机构转介,迪岸,迪岸,迪岸,香港永明金融有限公司,储蓄,万年青·星河尊享保险计划II,5,年缴,美金,50000,390000,390000,250000,0,NONPI,,45919,45920,45920,45940,,JK7517,王杰辉
U000464,611221182,生效,众和恒富理财集团有限公司,KA业务,合伙转介业务,同行机构转介,雨泽,雨泽,白博文,香港永明金融有限公司,储蓄,万年青·星河尊享保险计划II,2,预缴,美金,70000,546000,546000,,0,NONPI,,45919,45925,45925,45982,,JH9602,余文茜
U000466,611210748,生效,众和恒富理财集团有限公司,KA业务,合伙转介业务,同行机构转介,雨泽,雨泽,白博文,香港永明金融有限公司,储蓄,万年青·星河尊享保险计划II,5,年缴,人民币,100000,114000,114000,500000,0,NONPI,,45919,45922,45922,45945,,JK7517,王杰辉
J000921,602068845,生效,九富保险服务有限公司,代理人业务,天领业务,天领机构,天领重庆,Miracle,王涵,香港永明金融有限公司,储蓄,万年青·星河尊享保险计划II,2,预缴,美金,20000,156000,156000,,0,NONPI,,45919,45922,45925,45972,,JJ3840,温海伦
U000467,611220979,生效,众和恒富理财集团有限公司,KA业务,合伙转介业务,同行机构转介,兴泰家办,兴泰家办,兴泰家办,香港永明金融有限公司,储蓄,万年青·星河尊享保险计划II,5,年缴,美金,7000,54600,54600,,0,NONPI,,45919,45929,45929,45945,,,林小莎
U000468,611221387,生效,众和恒富理财集团有限公司,KA业务,合伙转介业务,同行机构转介,雨泽,雨泽,白博文,香港永明金融有限公司,储蓄,万年青·星河尊享保险计划II,5,预缴,美金,30000,234000,234000,,0,NONPI,,45919,45926,45926,45943,,JF7523,吕静文
U000469,611210792,生效,众和恒富理财集团有限公司,KA业务,合伙转介业务,同行机构转介,迪岸,迪岸,迪岸,香港永明金融有限公司,储蓄,万年青·星河尊享保险计划II,5,年缴,美金,10000,78000,78000,50000,0,NONPI,,45922,45929,45932,45946,,JJ7007,王嘉鸣
D001853,611210775,生效,怡泰财富管理有限公司,KA业务,合伙转介业务,持牌转介,总部职能,总部职能,连亮晴,香港永明金融有限公司,储蓄,万年青·星河尊享保险计划II,5,预缴,美金,16000,124800,124800,,0,NONPI,,45919,45922,45923,45951,,IA6464,连亮晴
J000922,602068640,生效,九富保险服务有限公司,代理人业务,天领业务,天领贴牌,广西贴牌,广西锐领,韦芷晴,香港永明金融有限公司,储蓄,万年青·星河尊享保险计划II,5,年缴,美金,30000,234000,234000,,0,NONPI,,45919,45916,45917,45918,,JJ7859,张浩晖
J000924,602068412,生效,九富保险服务有限公司,代理人业务,成事家办,IYB分公司,杨璐熙,,杨璐熙,香港永明金融有限公司,储蓄,万年青·星河传承保险计划II,5,年缴,美金,30000,234000,234000,,0,NONPI,,45919,45925,,45964,,JJ8674,许家乐
J000925,602068804,生效,九富保险服务有限公司,代理人业务,成事家办,IYB分公司,杨璐熙,,杨璐熙,香港永明金融有限公司,储蓄,万年青·星河传承保险计划II,5,年缴,美金,15000,117000,117000,250000,0,NONPI,,45919,45925,,45967,,JJ8674,许家乐
J000926,602068413,生效,九富保险服务有限公司,代理人业务,天领业务,天领机构,天领深圳,大湾区,叶盛,香港永明金融有限公司,储蓄,万年青·星河尊享保险计划II,5,预缴,美金,50000,390000,390000,,0,NONPI,,45919,45926,,45965,,JJ8674,许家乐
J000927,602068853,生效,九富保险服务有限公司,经代业务,永明经代,持牌经纪,万森保险,万森保险,万森保险,香港永明金融有限公司,储蓄,万年青·星河尊享保险计划II,5,预缴,美金,60000,468000,468000,,0,NONPI,,45919,45925,,45961,高瑶,JJ7859,张浩晖
U000470,611221374,生效,众和恒富理财集团有限公司,经代业务,同行经代,持牌经纪,唯思,唯思,唯思管理,香港永明金融有限公司,人寿,永延保障计划,12,年缴,美金,4897.5,38200.5,38200.5,150000,0,NONPI,,45919,45922,45922,45947,战略合作,JF7523,吕静文
U000471,611210747,生效,众和恒富理财集团有限公司,KA业务,合伙转介业务,同行机构转介,迪岸,迪岸,迪岸,香港永明金融有限公司,储蓄,万年青·星河尊享保险计划II,5,年缴,美金,50000,390000,390000,250000,0,NONPI,,45919,45925,45925,45940,,JK7517,王杰辉
U000472,611221315,生效,众和恒富理财集团有限公司,KA业务,合伙转介业务,同行机构转介,迪岸,迪岸,迪岸,香港永明金融有限公司,储蓄,万年青·星河传承保险计划II,5,预缴,美金,13000,101400,101400,,0,NONPI,,45919,45925,45925,45947,,JK6768,林小莎
U000473,611221317,生效,众和恒富理财集团有限公司,KA业务,合伙转介业务,同行机构转介,迪岸,迪岸,迪岸,香港永明金融有限公司,储蓄,万年青·星河传承保险计划II,5,预缴,美金,20000,156000,156000,,0,NONPI,,45919,45925,45925,45947,,JK6768,林小莎
U000474,611221377,生效,众和恒富理财集团有限公司,KA业务,合伙转介业务,同行机构转介,迪岸,迪岸,迪岸,香港永明金融有限公司,储蓄,万年青·星河传承保险计划II,5,预缴,美金,10000,78000,78000,,0,NONPI,,45919,45925,45925,45951,,JF7523,吕静文
U000475,611221378,生效,众和恒富理财集团有限公司,KA业务,合伙转介业务,同行机构转介,迪岸,迪岸,迪岸,香港永明金融有限公司,储蓄,万年青·星河传承保险计划II,5,预缴,美金,10000,78000,78000,,0,NONPI,,45919,45925,45925,45952,,JF7523,吕静文
U000476,611221268,生效,众和恒富理财集团有限公司,经代业务,同行经代,持牌经纪,唯思,唯思,唯思管理,香港永明金融有限公司,储蓄,万年青·星河尊享保险计划II,5,年缴,美金,100000,780000,780000,500000,0,NONPI,,45919,45927,45927,45945,战略合作,JF7523,吕静文
D001854,611222829,生效,怡泰财富管理有限公司,KA业务,合伙转介业务,异业机构转介,明德长青,明德长青,明德长青,香港永明金融有限公司,储蓄,万年青·星河传承保险计划II,5,预缴,美金,60000,468000,468000,300000,0,NONPI,,45919,45930,45932,45957,,JF2281,赖晔敏
D001856,611222828,生效,怡泰财富管理有限公司,KA业务,合伙转介业务,持牌转介,总部职能,总部职能,黄宁宁,香港永明金融有限公司,重疾,万家康卓越保,20,年缴,美金,1084,8455.2,8455.2,,0,NONPI,,45919,45926,45929,45940,,JF2281,赖晔敏
U000477,611221185,生效,众和恒富理财集团有限公司,KA业务,合伙转介业务,同行机构转介,迪岸,迪岸,迪岸,香港永明金融有限公司,储蓄,万年青·星河尊享保险计划II,2,预缴,美金,150000,1170000,1170000,,0,NONPI,,45919,45922,45922,45954,,JH9602,余文茜
U000479,611221075,生效,众和恒富理财集团有限公司,KA业务,ICLUB业务,异业机构转介,银科,机构,银科,香港永明金融有限公司,储蓄,万年青·星河传承保险计划II,5,预缴,美金,5000,39000,39000,25000,0,NONPI,,45919,45933,45933,45961,,JK6768,林小莎
U000480,611221079,生效,众和恒富理财集团有限公司,KA业务,ICLUB业务,异业机构转介,银科,机构,银科,香港永明金融有限公司,储蓄,万年青·星河传承保险计划II,5,预缴,美金,5000,39000,39000,25000,0,NONPI,,45919,45933,45936,45954,,JK6768,林小莎
D001857,3830069112,生效,怡泰财富管理有限公司,代理人业务,天领业务,天领机构,天领重庆,聚忻,张俊,宏利人寿保险（国际）有限公司,储蓄,宏挚传承保障计划,5,年缴,美金,500000,3900000,3900000,,0,NONPI,,45919,45920,45920,45920,,JF2281,赖晔敏
J000928,602068411,生效,九富保险服务有限公司,代理人业务,天领业务,天领贴牌,宁波贴牌,欣村商务,李健,香港永明金融有限公司,储蓄,万年青·星河尊享保险计划II,5,年缴,美金,50000,390000,390000,250000,0,NONPI,,45919,45922,,45952,,JJ8674,许家乐
U000483,611222760,生效,众和恒富理财集团有限公司,经代业务,同行经代,持牌经纪,唯思,唯思,唯思管理,香港永明金融有限公司,储蓄,万年青·星河尊享保险计划II,5,年缴,美金,30000,234000,234000,150000,0,NONPI,,45919,45929,45932,45946,战略合作,JK7517,王杰辉
U000484,611221195,生效,众和恒富理财集团有限公司,KA业务,合伙转介业务,同行机构转介,迪岸,迪岸,迪岸,香港永明金融有限公司,储蓄,万年青·星河尊享保险计划II,5,年缴,美金,100000,780000,780000,500000,0,NONPI,20%,45919,45926,45926,45946,,JH9602,余文茜
U000485,611210745,生效,众和恒富理财集团有限公司,KA业务,合伙转介业务,同行机构转介,迪岸,迪岸,迪岸,香港永明金融有限公司,储蓄,万年青·星河尊享保险计划II,2,预缴,美金,150000,1170000,1170000,,0,NONPI,,45919,45922,45922,45940,,JK7517,王杰辉
U000486,611210743,生效,众和恒富理财集团有限公司,KA业务,合伙转介业务,同行机构转介,迪岸,迪岸,迪岸,香港永明金融有限公司,储蓄,万年青·星河尊享保险计划II,2,年缴,美金,20000,156000,156000,,0,NONPI,,45919,45920,45920,45940,,JK7517,王杰辉
U000487,611221221,生效,众和恒富理财集团有限公司,KA业务,合伙转介业务,同行机构转介,迪岸,迪岸,迪岸,香港永明金融有限公司,储蓄,万年青·星河传承保险计划II,5,年缴,美金,100000,780000,780000,500000,0,NONPI,,45920,45929,45929,45952,,JH9602,余文茜
U000488,611221220,生效,众和恒富理财集团有限公司,KA业务,合伙转介业务,同行机构转介,迪岸,迪岸,迪岸,香港永明金融有限公司,储蓄,万年青·星河传承保险计划II,5,年缴,美金,100000,780000,780000,500000,0,NONPI,,45920,45929,45929,45952,,JH9602,余文茜
U000490,611210786,退保,众和恒富理财集团有限公司,KA业务,合伙转介业务,同行机构转介,迪岸,迪岸,迪岸,香港永明金融有限公司,储蓄,万年青·星河尊享保险计划II,5,年缴,美金,10000,78000,78000,50000,0,NONPI,,45920,45926,45932,45945,,JJ7007,王嘉鸣
U000491,611220958,生效,众和恒富理财集团有限公司,KA业务,合伙转介业务,同行机构转介,雨泽,雨泽,白博文,香港永明金融有限公司,储蓄,万年青·星河尊享保险计划II,2,预缴,美金,35000,273000,273000,70000,0,NONPI,,45920,45926,45926,45951,,JK6768,林小莎
U000492,611210746,生效,众和恒富理财集团有限公司,KA业务,合伙转介业务,同行机构转介,雨泽,雨泽,白博文,香港永明金融有限公司,储蓄,万年青·星河尊享保险计划II,5,年缴,美金,50000,390000,390000,,0,NONPI,,45921,45922,45922,45952,,JK7517,王杰辉
U000493,611220957,生效,众和恒富理财集团有限公司,KA业务,合伙转介业务,同行机构转介,迪岸,迪岸,迪岸,香港永明金融有限公司,储蓄,万年青·星河尊享保险计划II,5,预缴,美金,50000,390000,390000,,0,NONPI,10%,45923,45926,45926,45952,,JK6768,林小莎
U000494,611221284,生效,众和恒富理财集团有限公司,KA业务,合伙转介业务,同行机构转介,迪岸,迪岸,迪岸,香港永明金融有限公司,储蓄,万年青·星河尊享保险计划II,2,预缴,美金,20000,156000,156000,40000,0,NONPI,,45921,45927,45927,45944,,JF7523,吕静文
U000495,611221376,生效,众和恒富理财集团有限公司,KA业务,合伙转介业务,同行机构转介,迪岸,迪岸,迪岸,香港永明金融有限公司,储蓄,万年青·星河尊享保险计划II,5,预缴,美金,15000,117000,117000,75000,0,NONPI,,45921,45923,45923,45954,,JF7523,吕静文
U000497,611220980,生效,众和恒富理财集团有限公司,KA业务,合伙转介业务,同行机构转介,迪岸,迪岸,迪岸,香港永明金融有限公司,储蓄,万年青·星河尊享保险计划II,2,年缴,美金,20000,156000,156000,40000,0,NONPI,,45922,45929,45929,45945,,JK6768,林小莎
U000498,611222756,生效,众和恒富理财集团有限公司,KA业务,合伙转介业务,同行机构转介,迪岸,迪岸,迪岸,香港永明金融有限公司,储蓄,万年青·星河传承保险计划II,5,年缴,美金,20000,156000,156000,100000,0,NONPI,,45922,45926,45926,45946,,JK7517,王杰辉
U000499,611221292,生效,众和恒富理财集团有限公司,KA业务,合伙转介业务,同行机构转介,迪岸,迪岸,迪岸,香港永明金融有限公司,储蓄,万年青·星河尊享保险计划II,5,年缴,美金,30000,234000,234000,150000,0,NONPI,,45922,45922,45922,45947,,JK7517,王杰辉
U000500,611221323,生效,众和恒富理财集团有限公司,KA业务,合伙转介业务,同行机构转介,迪岸,迪岸,迪岸,香港永明金融有限公司,储蓄,万年青·星河尊享保险计划II,5,年缴,美金,30000,234000,234000,150000,0,NONPI,,45922,45925,45936,45960,,JK6768,林小莎
U000501,611221173,生效,众和恒富理财集团有限公司,经代业务,同行经代,持牌经纪,唯思,唯思,唯思管理,香港永明金融有限公司,储蓄,万年青·星河尊享保险计划II,5,年缴,美金,10000,78000,78000,50000,0,NONPI,,45922,45923,45923,45947,战略合作,JH9602,余文茜
U000502,611221394,生效,众和恒富理财集团有限公司,经代业务,同行经代,持牌经纪,唯思,唯思,唯思管理,香港永明金融有限公司,储蓄,万年青·星河尊享保险计划II,5,年缴,美金,10000,78000,78000,,0,NONPI,,45922,45926,45926,45946,战略合作,JF7523,吕静文
U000503,611222758,生效,众和恒富理财集团有限公司,经代业务,同行经代,持牌经纪,唯思,唯思,唯思管理,香港永明金融有限公司,储蓄,万年青·星河尊享保险计划II,2,预缴,美金,75000,585000,585000,150000,0,NONPI,,45922,45926,45932,45952,战略合作,JK7517,王杰辉
U000504,611221176,生效,众和恒富理财集团有限公司,经代业务,同行经代,持牌经纪,唯思,唯思,唯思管理,香港永明金融有限公司,储蓄,万年青·星河尊享保险计划II,5,预缴,美金,30000,234000,234000,150000,0,NONPI,,45922,45923,45923,45966,战略合作,JH9602,余文茜
U000505,611221379,生效,众和恒富理财集团有限公司,KA业务,合伙转介业务,同行机构转介,雨泽,雨泽,白博文,香港永明金融有限公司,储蓄,万年青·星河尊享保险计划II,5,年缴,美金,10000,78000,78000,,0,NONPI,,45922,45925,45925,45943,,JF7523,吕静文
U000506,611221368,生效,众和恒富理财集团有限公司,KA业务,合伙转介业务,同行机构转介,雨泽,雨泽,白博文,香港永明金融有限公司,储蓄,万年青·星河尊享保险计划II,5,年缴,美金,50000,390000,390000,250000,0,NONPI,,45922,45925,45925,45952,,JF7523,吕静文
J000930,602068803,生效,九富保险服务有限公司,代理人业务,成事家办,IYB分公司,杨帆,,杨帆,香港永明金融有限公司,储蓄,万年青·星河传承保险计划II,5,预缴,美金,12000,93600,93600,50000,0,NONPI,,45922,45925,,45967,,JJ8674,许家乐
J000931,602068805,生效,九富保险服务有限公司,代理人业务,成事家办,IYB分公司,杨璐熙,,杨璐熙,香港永明金融有限公司,储蓄,万年青·星河传承保险计划II,5,预缴,美金,10000,78000,78000,50000,0,NONPI,,45922,45926,,45954,,JJ8674,许家乐
J000932,602068806,生效,九富保险服务有限公司,代理人业务,成事家办,IYB分公司,杨璐熙,,杨璐熙,香港永明金融有限公司,储蓄,万年青·星河传承保险计划II,5,预缴,美金,10000,78000,78000,50000,0,NONPI,,45922,45925,,45953,,JJ8674,许家乐
J000933,602068945,生效,九富保险服务有限公司,代理人业务,成事家办,IYB分公司,杨璐熙,,杨璐熙,香港永明金融有限公司,储蓄,万年青·星河尊享保险计划II,5,预缴,美金,10000,78000,78000,50000,0,NONPI,,45922,45923,,45943,,JJ8674,许家乐
U000507,611221141,生效,众和恒富理财集团有限公司,经代业务,永明经代,持牌经纪,堡盛国际,堡盛国际,堡盛国际,香港永明金融有限公司,储蓄,万年青·星河尊享保险计划II,2,预缴,美金,25800,201240,201240,,0,NONPI,,45922,45950,45950,45960,姜通,JF7523,吕静文
U000512,611222757,生效,众和恒富理财集团有限公司,KA业务,合伙转介业务,同行机构转介,迪岸,迪岸,迪岸,香港永明金融有限公司,储蓄,万年青·星河尊享保险计划II,5,年缴,美金,30000,234000,234000,150000,0,NONPI,,45922,45926,45932,45947,,JK7517,王杰辉
J000934,602068893,生效,九富保险服务有限公司,代理人业务,成事家办,IYB分公司,杨璐熙,,杨璐熙,香港永明金融有限公司,储蓄,万年青·星河尊享保险计划II,5,年缴,美金,10000,78000,78000,50000,0,NONPI,,45922,45930,45939,45947,,JJ8674,许家乐
U000514,611220962,生效,众和恒富理财集团有限公司,KA业务,合伙转介业务,同行机构转介,迪岸,迪岸,迪岸,香港永明金融有限公司,储蓄,万年青·星河尊享保险计划II,5,预缴,美金,12000,93600,93600,50000,0,NONPI,,45922,45926,45936,45957,,JK6768,林小莎
U000515,611221385,生效,众和恒富理财集团有限公司,经代业务,同行经代,持牌经纪,唯思,唯思,唯思管理,香港永明金融有限公司,储蓄,万年青·星河尊享保险计划II,2,年缴,美金,30000,234000,234000,,0,NONPI,,45922,45930,45930,45964,战略合作,JF7523,吕静文
Z000021,G685294613,生效,置富理财(香港)有限公司,KA业务,合伙转介业务,持牌转介,总部职能,总部职能,陈键,友邦保险（国际）有限公司,重疾,「爱伴航」保险计划2,18,年缴,美金,2925.6,22819.68,22819.68,,0,NONPI,,45922,45928,,45968,,,
Z000022,G685294587,生效,置富理财(香港)有限公司,KA业务,合伙转介业务,持牌转介,总部职能,总部职能,陈键,友邦保险（国际）有限公司,储蓄,环宇盈活储蓄保险计划,5,年缴,美金,5000.09,39000.702,39000.702,,0,NONPI,,45922,45928,,45967,,,
D001858,611222839,生效,怡泰财富管理有限公司,KA业务,ICLUB业务,异业机构转介,新风,机构,新风,香港永明金融有限公司,储蓄,万年青·星河尊享保险计划II,5,年缴,美金,50000,390000,390000,250000,0,NONPI,,45922,45925,45926,45947,,JF2281,赖晔敏
D001859,611222838,生效,怡泰财富管理有限公司,KA业务,ICLUB业务,异业机构转介,新风,机构,新风,香港永明金融有限公司,储蓄,万年青·星河尊享保险计划II,5,年缴,美金,100000,780000,780000,500000,0,NONPI,,45922,45925,45926,45938,,JF2281,赖晔敏
D001860,611208851,生效,怡泰财富管理有限公司,经代业务,BK业务,银行网点,平安银行,高洋洋,平安香港,香港永明金融有限公司,储蓄,永誉传承储蓄计划,1,整付,美金,400000,3120000,312000,,1,NONPI,,45922,45932,45936,45982,,JH6936,余迪慷
U000516,611221289,生效,众和恒富理财集团有限公司,KA业务,合伙转介业务,同行机构转介,迪岸,迪岸,迪岸,香港永明金融有限公司,储蓄,万年青·星河尊享保险计划II,5,年缴,人民币,220000,250800,250800,1100000,0,NONPI,,45922,45927,45927,45950,,JF7523,吕静文
U000519,611221397,生效,众和恒富理财集团有限公司,KA业务,合伙转介业务,同行机构转介,雨泽,雨泽,白博文,香港永明金融有限公司,储蓄,万年青·星河尊享保险计划II,5,年缴,美金,30000,234000,234000,,0,NONPI,,45922,45926,45926,45943,,JF7523,吕静文
D001861,92906909,生效,怡泰财富管理有限公司,代理人业务,天领业务,天领机构,天领重庆,鼎汇,王小丽,万通保险国际有限公司,储蓄,富饶千秋储蓄计划,5,年缴,美金,15000,117000,117000,　,0,NONPI,,45922,45926,45929,45952,,JH6936,余迪慷
U000520,611220968,生效,众和恒富理财集团有限公司,KA业务,合伙转介业务,同行机构转介,迪岸,迪岸,迪岸,香港永明金融有限公司,储蓄,万年青·星河尊享保险计划II,2,预缴,美金,50000,390000,390000,100000,0,NONPI,,45922,45927,45936,45947,,JK6768,林小莎
U000521,611221307,生效,众和恒富理财集团有限公司,KA业务,合伙转介业务,同行机构转介,雨泽,雨泽,白博文,香港永明金融有限公司,储蓄,万年青·星河尊享保险计划II,5,预缴,美金,14000,109200,109200,,0,NONPI,,45922,45923,45936,45958,,JK6768,林小莎
U000522,611221242,生效,众和恒富理财集团有限公司,经代业务,同行经代,持牌经纪,唯思,唯思,唯思管理,香港永明金融有限公司,储蓄,万年青·星河尊享保险计划II,5,预缴,美金,60000,468000,468000,300000,0,NONPI,,45923,45926,45926,45957,战略合作,JH9602,余文茜
U000523,611221187,生效,众和恒富理财集团有限公司,经代业务,同行经代,持牌经纪,唯思,唯思,唯思管理,香港永明金融有限公司,储蓄,万年青·星河尊享保险计划II,2,预缴,美金,30000,234000,234000,60000,0,NONPI,,45923,45925,45925,45957,战略合作,JH9602,余文茜
U000524,611221179,生效,众和恒富理财集团有限公司,KA业务,合伙转介业务,同行机构转介,迪岸,迪岸,迪岸,香港永明金融有限公司,储蓄,万年青·星河尊享保险计划II,2,预缴,美金,25000,195000,195000,50000,0,NONPI,,45923,45926,45926,45944,,JH9602,余文茜
U000525,611221186,生效,众和恒富理财集团有限公司,经代业务,同行经代,持牌经纪,唯思,唯思,唯思管理,香港永明金融有限公司,储蓄,万年青·星河尊享保险计划II,5,年缴,美金,20000,156000,156000,,0,NONPI,,45923,45925,45925,45965,战略合作,JH9602,余文茜
U000526,611209961,生效,众和恒富理财集团有限公司,KA业务,合伙转介业务,同行机构转介,NEXUS LIFE,NEXUS LIFE,NEXUS LIFE,香港永明金融有限公司,储蓄,万年青·星河尊享保险计划II,5,预缴,美金,40000,312000,312000,200000,0,NONPI,,45923,45925,45926,45940,,JJ7007,王嘉鸣
D001862,611222835,生效,怡泰财富管理有限公司,KA业务,ICLUB业务,异业机构转介,新风,机构,新风,香港永明金融有限公司,储蓄,万年青·星河尊享保险计划II,5,年缴,美金,30000,234000,234000,,0,NONPI,,45923,45927,45929,45954,,JF2281,赖晔敏
J000935,602068611,生效,九富保险服务有限公司,代理人业务,天领业务,天领贴牌,宁波贴牌,,李健,香港永明金融有限公司,储蓄,万年青·星河尊享保险计划II,5,预缴,美金,10000,78000,78000,50000,0,NONPI,,45922,45922,,45961,,JJ8674,许家乐
J000936,602068855,生效,九富保险服务有限公司,代理人业务,天领业务,天领机构,天领重庆,Starry,徐雪,香港永明金融有限公司,储蓄,万年青·星河尊享保险计划II,5,年缴,美金,10000,78000,78000,,0,NONPI,,45919,45926,45929,45944,,JJ7859,张浩晖
J000937,602068812,生效,九富保险服务有限公司,经代业务,永明经代,持牌经纪,万森保险,万森保险,万森保险,香港永明金融有限公司,储蓄,万年青·星河尊享保险计划II,5,预缴,美金,20000,156000,156000,,0,NONPI,,45923,45927,,45944,高瑶,JJ8674,许家乐
J000938,602068813,生效,九富保险服务有限公司,经代业务,永明经代,持牌经纪,万森保险,万森保险,万森保险,香港永明金融有限公司,储蓄,万年青·星河尊享保险计划II,5,预缴,美金,20000,156000,156000,,0,NONPI,,45923,45927,,45945,高瑶,JJ8674,许家乐
J000939,602068802,生效,九富保险服务有限公司,经代业务,永明经代,持牌经纪,万森保险,万森保险,万森保险,香港永明金融有限公司,储蓄,万年青·星河尊享保险计划II,2,预缴,美金,25000,195000,195000,,0,NONPI,,45923,45926,,45943,高瑶,JJ8674,许家乐
U000528,611221388,生效,众和恒富理财集团有限公司,经代业务,同行经代,持牌经纪,唯思,唯思,唯思管理,香港永明金融有限公司,储蓄,万年青·星河尊享保险计划II,5,预缴,美金,100000,780000,780000,,0,NONPI,,45923,45929,45929,45951,战略合作,JF7523,吕静文
U000529,611221200,生效,众和恒富理财集团有限公司,KA业务,合伙转介业务,同行机构转介,迪岸,迪岸,迪岸,香港永明金融有限公司,储蓄,万年青·星河尊享保险计划II,5,年缴,美金,100000,780000,780000,500000,0,NONPI,,45923,45929,45929,45950,,JH9602,余文茜
U000531,611210807,生效,众和恒富理财集团有限公司,KA业务,合伙转介业务,同行机构转介,迪岸,迪岸,迪岸,香港永明金融有限公司,储蓄,万年青·星河尊享保险计划II,5,年缴,人民币,700000,798000,798000,,0,NONPI,20%,45923,45929,45932,45981,,JJ7007,王嘉鸣
U000532,611220963,生效,众和恒富理财集团有限公司,KA业务,合伙转介业务,同行机构转介,雨泽,雨泽,白博文,香港永明金融有限公司,储蓄,万年青·星河尊享保险计划II,5,年缴,美金,30000,234000,234000,,0,NONPI,,45923,45927,45940,45950,,JK6768,林小莎
D001863,611203267,生效,怡泰财富管理有限公司,经代业务,BK业务,银行网点,民生银行,,民生上海,香港永明金融有限公司,储蓄,万年青·卓金保险计划II,2,年缴,美金,50000,390000,390000,100000,0,NONPI,20%,45924,45929,45932,45966,,JK6077,肖锦源
J000940,602068857,生效,九富保险服务有限公司,代理人业务,成事家办,IYB分公司,杨洪美,,杨洪美,香港永明金融有限公司,储蓄,万年青·星河尊享保险计划II,5,年缴,美金,10000,78000,78000,50000,0,NONPI,,45924,45929,45929,45943,,JJ3840,温海伦
J000941,602068856,生效,九富保险服务有限公司,代理人业务,成事家办,IYB分公司,杨洪美,,杨洪美,香港永明金融有限公司,储蓄,万年青·星河尊享保险计划II,5,年缴,美金,10000,78000,78000,50000,0,NONPI,,45924,45929,45929,45960,,JJ3840,温海伦
U000533,611210787,生效,众和恒富理财集团有限公司,经代业务,同行经代,持牌经纪,唯思,唯思,唯思管理,香港永明金融有限公司,储蓄,万年青·星河尊享保险计划II,5,年缴,美金,5000,39000,39000,,0,NONPI,,45924,45926,45932,45946,战略合作,JJ7007,王嘉鸣
U000534,611220966,生效,众和恒富理财集团有限公司,KA业务,合伙转介业务,同行机构转介,雨泽,雨泽,白博文,香港永明金融有限公司,储蓄,万年青·星河尊享保险计划II,2,年缴,美金,50000,390000,390000,,0,NONPI,,45924,45927,45927,45954,,JK6768,林小莎
U000535,611210789,生效,众和恒富理财集团有限公司,KA业务,合伙转介业务,同行机构转介,迪岸,迪岸,迪岸,香港永明金融有限公司,储蓄,万年青·星河尊享保险计划II,2,年缴,美金,15000,117000,117000,,0,NONPI,,45924,45929,45932,45958,,JJ7007,王嘉鸣
U000536,611210753,生效,众和恒富理财集团有限公司,KA业务,合伙转介业务,同行机构转介,雨泽,雨泽,白博文,香港永明金融有限公司,储蓄,万年青·星河传承保险计划II,2,预缴,美金,50000,390000,390000,,0,NONPI,,45924,45925,45925,45957,,JK7517,王杰辉
U000537,611222794,生效,众和恒富理财集团有限公司,KA业务,合伙转介业务,同行机构转介,雨泽,雨泽,白博文,香港永明金融有限公司,储蓄,万年青·星河尊享保险计划II,5,年缴,美金,70000,546000,546000,350000,0,NONPI,,45924,45929,45929,45973,,JH9602,余文茜
U000538,611210808,生效,众和恒富理财集团有限公司,KA业务,合伙转介业务,同行机构转介,迪岸,迪岸,迪岸,香港永明金融有限公司,储蓄,万年青·星河尊享保险计划II,5,预缴,美金,100000,780000,780000,,0,NONPI,20%,45924,45929,45932,45996,,JJ7007,王嘉鸣
U000539,611210791,生效,众和恒富理财集团有限公司,KA业务,合伙转介业务,同行机构转介,迪岸,迪岸,迪岸,香港永明金融有限公司,储蓄,万年青·星河尊享保险计划II,2,年缴,美金,50000,390000,390000,100000,0,NONPI,,45924,45927,45932,45952,,JJ7007,王嘉鸣
U000540,611220960,生效,众和恒富理财集团有限公司,KA业务,合伙转介业务,同行机构转介,雨泽,雨泽,白博文,香港永明金融有限公司,储蓄,万年青·星河尊享保险计划II,5,预缴,美金,20000,156000,156000,,0,NONPI,,45924,45926,45926,45961,,JK6768,林小莎
J000942,602068781,生效,九富保险服务有限公司,代理人业务,成事家办,IYB分公司,杨璐熙,,杨璐熙,香港永明金融有限公司,储蓄,万年青·星河传承保险计划II,5,预缴,美金,10000,78000,78000,,0,NONPI,,45924,45926,45930,45966,,JF7605,林思思
FU000018,8123256606,生效,泰溢国际有限公司,KA业务,合伙转介业务,同行机构转介,雨泽,雨泽,白博文,中国人寿保险（海外）股份有限公司（香港）,重疾,爱相随传承储蓄计划,2,年缴,美金,50000,390000,390000,,0,NONPI,,45924,45925,,45939,,JJ9569,杜咏婷
U000541,611221380,生效,众和恒富理财集团有限公司,KA业务,合伙转介业务,同行机构转介,迪岸,迪岸,迪岸,香港永明金融有限公司,储蓄,万年青·星河尊享保险计划II,2,年缴,美金,100000,780000,780000,,0,NONPI,,45924,45926,45926,45947,,JF7523,吕静文
U000542,611221392,生效,众和恒富理财集团有限公司,KA业务,合伙转介业务,同行机构转介,迪岸,迪岸,迪岸,香港永明金融有限公司,储蓄,万年青·星河尊享保险计划II,2,年缴,人民币,150000,171000,171000,300000,0,NONPI,,45924,45926,45926,45944,,JF7523,吕静文
J000943,602068854,生效,九富保险服务有限公司,代理人业务,天领业务,天领贴牌,宁波贴牌,欣村商务,李健,香港永明金融有限公司,储蓄,万年青·星河尊享保险计划II,5,年缴,美金,100000,780000,780000,,0,NONPI,,45924,45926,,45971,,JJ7859,张浩晖
U000544,611221322,生效,众和恒富理财集团有限公司,KA业务,合伙转介业务,同行机构转介,红兔数智,红兔数智,红兔数智,香港永明金融有限公司,储蓄,万年青·星河尊享保险计划II,5,年缴,美金,12000,93600,93600,,0,NONPI,,45925,45925,45925,45954,,JK6768,林小莎
U000545,611221390,生效,众和恒富理财集团有限公司,KA业务,合伙转介业务,同行机构转介,雨泽,雨泽,白博文,香港永明金融有限公司,储蓄,万年青·星河传承保险计划II,2,预缴,美金,29000,226200,226200,58000,0,NONPI,,45925,45929,45929,45965,,JF7523,吕静文
J000944,602068815,生效,九富保险服务有限公司,代理人业务,成事家办,IYB分公司,杨洪美,,杨洪美,香港永明金融有限公司,储蓄,万年青·星河尊享保险计划II,5,年缴,美金,30000,234000,234000,50000,0,NONPI,,45925,45929,45932,45945,,JJ8674,许家乐
D001864,611222999,生效,怡泰财富管理有限公司,KA业务,合伙转介业务,持牌转介,总部职能,总部职能,黄宁宁,香港永明金融有限公司,储蓄,万年青·星河尊享保险计划II,2,预缴,美金,15000,117000,117000,,0,NONPI,,45925,45927,45929,45953,,JF2281,赖晔敏
J000945,602068859,生效,九富保险服务有限公司,经代业务,永明经代,持牌经纪,万森保险,万森保险,万森保险,香港永明金融有限公司,储蓄,万年青·星河尊享保险计划II,2,预缴,美金,31200,243360,243360,,0,NONPI,,45925,45929,45929,45947,高瑶,JJ3840,温海伦
U000547,611222768,生效,众和恒富理财集团有限公司,KA业务,合伙转介业务,同行机构转介,迪岸,迪岸,迪岸,香港永明金融有限公司,储蓄,万年青·星河尊享保险计划II,2,年缴,美金,100000,780000,780000,,0,NONPI,,45925,45930,45932,45958,,JK7517,王杰辉
U000548,611221069,生效,众和恒富理财集团有限公司,KA业务,合伙转介业务,同行机构转介,迪岸,迪岸,迪岸,香港永明金融有限公司,储蓄,万年青·星河尊享保险计划II,2,年缴,美金,45000,351000,351000,,0,NONPI,,45925,45930,45930,45950,,JK6768,林小莎
J000946,602068817,生效,九富保险服务有限公司,代理人业务,成事家办,IYB分公司,杨帆,,杨帆,香港永明金融有限公司,储蓄,万年青·星河尊享保险计划II,5,预缴,美金,10000,78000,78000,50000,0,NONPI,,45925,45928,45929,45953,,JJ8674,许家乐
J000947,602068816,生效,九富保险服务有限公司,代理人业务,成事家办,IYB分公司,杨帆,,杨帆,香港永明金融有限公司,储蓄,万年青·星河尊享保险计划II,5,预缴,美金,10000,78000,78000,50000,0,NONPI,,45925,45928,45929,45966,,JJ8674,许家乐
U000553,611222763,生效,众和恒富理财集团有限公司,KA业务,合伙转介业务,同行机构转介,迪岸,迪岸,迪岸,香港永明金融有限公司,储蓄,万年青·星河尊享保险计划II,2,预缴,美金,250000,1950000,1950000,500000,0,NONPI,,45925,45930,45932,45953,,JK7517,王杰辉
D001865,611208586,生效,怡泰财富管理有限公司,经代业务,BK业务,银行网点,民生银行,,民生香港,香港永明金融有限公司,储蓄,万年青·卓金保险计划II,5,预缴,美金,40000,312000,312000,200000,0,NONPI,59%,45926,45929,45930,45953,,JF2281,赖晔敏
J000948,602068814,生效,九富保险服务有限公司,代理人业务,成事家办,IYB分公司,丁洁,,丁洁,香港永明金融有限公司,储蓄,万年青·星河尊享保险计划II,2,年缴,美金,50000,390000,390000,100000,0,NONPI,,45926,45928,45929,45965,,JJ8674,许家乐
J000950,602068860,生效,九富保险服务有限公司,代理人业务,成事家办,IYB分公司,丁洁,,丁洁,香港永明金融有限公司,储蓄,万年青·星河尊享保险计划II,2,预缴,美金,50000,390000,390000,100000,0,NONPI,,45926,45929,45929,45952,,JJ3840,温海伦
J000951,602068858,生效,九富保险服务有限公司,代理人业务,天领业务,天领贴牌,广西贴牌,广西锐领,农政东,香港永明金融有限公司,储蓄,万年青·星河尊享保险计划II,2,预缴,美金,50000,390000,390000,,0,NONPI,,45926,45929,45929,45965,,JJ3840,温海伦
U000555,611220977,生效,众和恒富理财集团有限公司,KA业务,合伙转介业务,同行机构转介,雨泽,雨泽,白博文,香港永明金融有限公司,储蓄,万年青·星河尊享保险计划II,5,年缴,美金,50000,390000,390000,,0,NONPI,,45926,45929,45929,45947,,JK6768,林小莎
U000556,611220971,生效,众和恒富理财集团有限公司,KA业务,合伙转介业务,同行机构转介,红兔数智,红兔数智,红兔数智,香港永明金融有限公司,储蓄,万年青·星河尊享保险计划II,5,年缴,美金,25000,195000,195000,,0,NONPI,,45926,45928,45928,45952,,JK6768,林小莎
U000557,611222766,生效,众和恒富理财集团有限公司,KA业务,合伙转介业务,同行机构转介,雨泽,雨泽,白博文,香港永明金融有限公司,储蓄,万年青·星河尊享保险计划II,2,年缴,美金,70000,546000,546000,,0,NONPI,,45926,45930,45930,45952,,JK7517,王杰辉
U000559,611222762,生效,众和恒富理财集团有限公司,KA业务,合伙转介业务,同行机构转介,迪岸,迪岸,迪岸,香港永明金融有限公司,储蓄,万年青·星河尊享保险计划II,5,年缴,美金,20000,156000,156000,100000,0,NONPI,,45926,45926,45932,45964,,JK7517,王杰辉
U000560,611221082,生效,众和恒富理财集团有限公司,KA业务,合伙转介业务,同行机构转介,迪岸,迪岸,迪岸,香港永明金融有限公司,储蓄,万年青·星河尊享保险计划II,5,年缴,美金,50000,390000,390000,,0,NONPI,10%,45926,45930,45930,45954,,JK6768,林小莎
U000561,611221296,生效,众和恒富理财集团有限公司,KA业务,合伙转介业务,同行机构转介,迪岸,迪岸,迪岸,香港永明金融有限公司,储蓄,万年青·星河尊享保险计划II,2,预缴,美金,25000,195000,195000,,0,NONPI,,45926,45926,45926,45966,,JF7523,吕静文
U000562,611221293,生效,众和恒富理财集团有限公司,KA业务,合伙转介业务,同行机构转介,迪岸,迪岸,迪岸,香港永明金融有限公司,储蓄,万年青·星河尊享保险计划II,2,预缴,美金,25000,195000,195000,,0,NONPI,,45926,45926,45926,45954,,JF7523,吕静文
U000565,611221072,生效,众和恒富理财集团有限公司,KA业务,合伙转介业务,同行机构转介,雨泽,雨泽,白博文,香港永明金融有限公司,储蓄,万年青·星河尊享保险计划II,2,年缴,美金,15000,117000,117000,50000,0,NONPI,,45926,45930,45930,45947,,JK6768,林小莎
D001866,611208852,生效,怡泰财富管理有限公司,经代业务,BK业务,银行网点,平安银行,高洋洋,平安香港,香港永明金融有限公司,储蓄,永誉传承储蓄计划,1,整付,美金,900000,7020000,702000,,1,NONPI,,45926,45932,45936,45982,,JH6936,余迪慷
U000566,611221245,生效,众和恒富理财集团有限公司,KA业务,合伙转介业务,同行机构转介,雨泽,雨泽,白博文,香港永明金融有限公司,储蓄,万年青·星河尊享保险计划II,2,预缴,美金,25000,195000,195000,,0,NONPI,,45926,45926,45930,45999,,JH9602,余文茜
U000567,611209965,生效,众和恒富理财集团有限公司,经代业务,同行经代,持牌经纪,唯思,唯思,唯思管理,香港永明金融有限公司,储蓄,优月储蓄计划,2,年缴,美金,100000,780000,780000,,0,NONPI,,45926,45927,45932,45944,战略合作,JJ7007,王嘉鸣
U000568,611222770,生效,众和恒富理财集团有限公司,KA业务,合伙转介业务,同行机构转介,雨泽,雨泽,白博文,香港永明金融有限公司,储蓄,万年青·星河尊享保险计划II,5,预缴,美金,10000,78000,78000,50000,0,NONPI,,45926,45930,45932,45952,,JK7517,王杰辉
U000569,611220973,生效,众和恒富理财集团有限公司,经代业务,同行经代,持牌经纪,唯思,唯思,唯思管理,香港永明金融有限公司,储蓄,万年青·星河尊享保险计划II,5,年缴,美金,60000,468000,468000,,0,NONPI,,45926,45927,45927,45952,战略合作,JF7523,吕静文
W000003,14128743,生效,唯思管理有限公司,KA业务,合伙转介业务,同行机构转介,加利利,加利利,加利利,保诚保险有限公司,储蓄,信守明天多元货币计划,5,年缴,美金,10000,78000,78000,50000,0,NONPI,,45926,45929,,45954,,,
D001867,505-9844430,生效,怡泰财富管理有限公司,代理人业务,天领业务,天领机构,天领重庆,知予,李丽君,香港安盛保险有限公司,重疾,爱唯守危疾保障,25,年缴,港币,9642,9642,9642,600000,0,NONPI,,45926,45933,45933,45945,,JF2281,赖晔敏
D001868,505-9844422,生效,怡泰财富管理有限公司,代理人业务,天领业务,天领机构,天领重庆,知予,李丽君,香港安盛保险有限公司,重疾,爱唯守危疾保障,25,年缴,港币,7962,7962,7962,600000,0,NONPI,,45926,45933,45933,45945,,JF2281,赖晔敏
U000572,611221382,生效,众和恒富理财集团有限公司,经代业务,同行经代,持牌经纪,唯思,唯思,唯思管理,香港永明金融有限公司,储蓄,万年青·星河尊享保险计划II,5,年缴,美金,50000,390000,390000,,0,NONPI,,45927,45928,45928,45954,战略合作,JF7523,吕静文
U000573,611222767,生效,众和恒富理财集团有限公司,KA业务,合伙转介业务,同行机构转介,迪岸,迪岸,迪岸,香港永明金融有限公司,储蓄,万年青·星河尊享保险计划II,2,预缴,美金,35000,273000,273000,70000,0,NONPI,,45927,45930,45930,45957,,JK7517,王杰辉
U000575,611220976,生效,众和恒富理财集团有限公司,KA业务,合伙转介业务,同行机构转介,兴泰家办,兴泰家办,兴泰家办,香港永明金融有限公司,储蓄,万年青·星河传承保险计划II,5,年缴,美金,50000,390000,390000,,0,NONPI,,45927,45928,45928,45947,,JK6768,林小莎
U000576,611221383,生效,众和恒富理财集团有限公司,经代业务,同行经代,持牌经纪,唯思,唯思,唯思管理,香港永明金融有限公司,储蓄,万年青·星河尊享保险计划II,2,预缴,美金,200000,1560000,1560000,,0,NONPI,,45927,45929,45929,45965,战略合作,JF7523,吕静文
U000577,611222793,生效,众和恒富理财集团有限公司,KA业务,合伙转介业务,同行机构转介,迪岸,迪岸,迪岸,香港永明金融有限公司,储蓄,万年青·星河尊享保险计划II,2,年缴,美金,75000,585000,585000,150000,0,NONPI,,45927,45929,45929,45952,,JH9602,余文茜
U000578,611221391,生效,众和恒富理财集团有限公司,经代业务,同行经代,持牌经纪,唯思,唯思,唯思管理,香港永明金融有限公司,储蓄,万年青·星河尊享保险计划II,5,年缴,美金,30000,234000,234000,,0,NONPI,,45927,45930,45930,45946,战略合作,JF7523,吕静文
U000579,611221393,生效,众和恒富理财集团有限公司,KA业务,合伙转介业务,同行机构转介,迪岸,迪岸,迪岸,香港永明金融有限公司,储蓄,万年青·星河尊享保险计划II,5,年缴,美金,50000,390000,390000,250000,0,NONPI,,45927,45930,45930,45960,,JF7523,吕静文
U000580,611220970,生效,众和恒富理财集团有限公司,KA业务,合伙转介业务,同行机构转介,雨泽,雨泽,白博文,香港永明金融有限公司,储蓄,万年青·星河尊享保险计划II,5,预缴,美金,20000,156000,156000,,0,NONPI,,45927,45928,45928,45947,,JK6768,林小莎
U000581,611220969,生效,众和恒富理财集团有限公司,KA业务,合伙转介业务,同行机构转介,迪岸,迪岸,迪岸,香港永明金融有限公司,储蓄,万年青·星河尊享保险计划II,5,年缴,美金,100000,780000,780000,,0,NONPI,20%,45927,45928,45928,45950,,JK6768,林小莎
FF000079,3818319988,生效,富强天一财富管理有限公司,经代业务,同行经代,持牌资管,利泰丰,,李竞超,中银人寿保险有限公司,储蓄,薪火传承环球终身寿险计划,3,预缴,美金,1666650,12999870,12999870,,0,NONPI,0.165,45926,45930,45932,45961,,JF2281,赖晔敏
U000582,861001667,生效,众和恒富理财集团有限公司,经代业务,同行经代,持牌经纪,唯思,唯思,唯思管理,香港永明金融有限公司,人寿,卓裕人寿系列II-50,10,年缴,美金,24840,193752,193752,1000000,0,NONPI,,45928,45928,45928,45968,战略合作,JF7523,吕静文
U000583,611221364,生效,众和恒富理财集团有限公司,经代业务,同行经代,持牌经纪,唯思,唯思,唯思管理,香港永明金融有限公司,储蓄,万年青·星河尊享保险计划II,2,年缴,美金,15000,117000,117000,,0,NONPI,,45928,45930,45930,45947,战略合作,JF7523,吕静文
U000584,611221358,生效,众和恒富理财集团有限公司,KA业务,合伙转介业务,同行机构转介,迪岸,迪岸,迪岸,香港永明金融有限公司,储蓄,万年青·星河尊享保险计划II,5,预缴,美金,10000,78000,78000,,0,NONPI,,45928,45929,45929,45979,,JF7523,吕静文
J000952,602068892,生效,九富保险服务有限公司,KA业务,合伙转介业务,同行机构转介,迪岸,迪岸,迪岸,香港永明金融有限公司,储蓄,万年青·星河传承保险计划II,5,年缴,人民币,360000,410400,410400,1800000,0,NONPI,,45928,45930,45939,45965,,JJ8674,许家乐
J000954,602068820,生效,九富保险服务有限公司,KA业务,合伙转介业务,同行机构转介,迪岸,迪岸,迪岸,香港永明金融有限公司,储蓄,万年青·星河尊享保险计划II,5,年缴,美金,300000,2340000,2340000,,0,NONPI,,45928,45930,45940,45950,,JJ8674,许家乐
J000955,602068890,生效,九富保险服务有限公司,KA业务,合伙转介业务,同行机构转介,迪岸,迪岸,迪岸,香港永明金融有限公司,储蓄,万年青·星河尊享保险计划II,5,预缴,美金,10000,78000,78000,50000,0,NONPI,,45928,45930,45939,45966,,JJ8674,许家乐
U000585,611221314,生效,众和恒富理财集团有限公司,KA业务,合伙转介业务,同行机构转介,雨泽,雨泽,白博文,香港永明金融有限公司,储蓄,万年青·星河尊享保险计划II,2,预缴,美金,30000,234000,234000,,0,NONPI,,45928,45929,45929,45973,,JK6768,林小莎
J000959,602068886,生效,九富保险服务有限公司,代理人业务,成事家办,IYB分公司,杨洪美,,杨洪美,香港永明金融有限公司,储蓄,万年青·星河尊享保险计划II,2,预缴,美金,25000,195000,195000,,0,NONPI,,45929,45929,45939,45954,,JJ8674,许家乐
J000960,602068887,生效,九富保险服务有限公司,代理人业务,成事家办,IYB分公司,杨洪美,,杨洪美,香港永明金融有限公司,储蓄,万年青·星河尊享保险计划II,2,预缴,美金,25000,195000,195000,,0,NONPI,,45929,45929,45939,45954,,JJ8674,许家乐
J000965,602068861,生效,九富保险服务有限公司,KA业务,合伙转介业务,同行机构转介,迪岸,迪岸,迪岸,香港永明金融有限公司,储蓄,万年青·星河尊享保险计划II,5,预缴,美金,30000,234000,234000,,0,NONPI,,45929,45929,,45954,,JJ3840,温海伦
J000966,602068862,生效,九富保险服务有限公司,代理人业务,天领业务,天领机构,天领重庆,Miracle,程琦,香港永明金融有限公司,储蓄,万年青·星河尊享保险计划II,5,年缴,美金,15000,117000,117000,,0,NONPI,,45929,45930,,45939,,JJ3840,温海伦
J000967,602068943,生效,九富保险服务有限公司,KA业务,合伙转介业务,同行机构转介,迪岸,迪岸,迪岸,香港永明金融有限公司,储蓄,万年青·星河尊享保险计划II,5,预缴,美金,53600,418080,418080,,0,NONPI,,45930,45930,45940,45980,,JJ8674,许家乐
D001869,611203273,生效,怡泰财富管理有限公司,经代业务,BK业务,银行网点,民生银行,,民生杭州,香港永明金融有限公司,储蓄,万年青·卓金保险计划II,5,年缴,美金,10000,78000,78000,50000,0,NONPI,59%,45930,45940,45943,45974,,JK6077,肖锦源
D001870,BI-6000-0261-6832,生效,怡泰财富管理有限公司,KA业务,ICLUB业务,异业机构转介,新风,机构,新风,保柏环球有限公司,医疗,优越医疗计划0自付,终身,年缴,美金,14034.47,109468.866,109468.866,,0,NONPI,,45930,45933,45933,45989,,JF2281,赖晔敏
D001871,611224829,生效,怡泰财富管理有限公司,KA业务,合伙转介业务,持牌转介,总部职能,总部职能,连亮晴,香港永明金融有限公司,重疾,万家康卓越保,20,年缴,美金,755.2,5890.56,5890.56,40000,0,NONPI,,45930,45934,45936,45967,,IA6464,连亮晴
U000587,611221078,生效,众和恒富理财集团有限公司,经代业务,同行经代,持牌经纪,唯思,唯思,同智顾问,香港永明金融有限公司,人寿,永延保障计划,12,年缴,美金,12779.4,99679.32,99679.32,570000,0,NONPI,,45930,45932,45932,46007,战略合作,JK6768,林小莎
U000588,611221241,生效,众和恒富理财集团有限公司,经代业务,同行经代,持牌经纪,唯思,唯思,唯思财富顾问,香港永明金融有限公司,储蓄,万年青·星河尊享保险计划II,2,预缴,美金,30000,234000,234000,,0,NONPI,,45930,45939,45939,45950,战略合作,JK7517,王杰辉
FF000080,1.00035E+11,生效,富强天一财富管理有限公司,代理人业务,天领业务,天领机构,天领重庆,Starry,卿巧,立桥人寿保险有限公司,储蓄,智选储蓄保（20年保障期）,20,整付,美金,100000,780000,78000,,0,NONPI,,45926,45929,45929,45968,,JF2281,赖晔敏
FF000081,1.00035E+11,生效,富强天一财富管理有限公司,代理人业务,天领业务,天领机构,天领重庆,鼎汇,李衡,立桥人寿保险有限公司,储蓄,智选储蓄保（20年保障期）,20,整付,美金,100000,780000,78000,,0,NONPI,,45932,45943,45943,45946,,JF2281,赖晔敏
D001873,BI-6000-0236-6232,生效,怡泰财富管理有限公司,KA业务,ICLUB业务,异业机构转介,新风,机构,新风,保柏环球有限公司,医疗,优越医疗计划0自付,终身,年缴,美金,7298.52,56928.456,56928.456,,0,NONPI,,45933,45933,45933,45989,,JF2281,赖晔敏
D001874,BI-6000-0254-1222,生效,怡泰财富管理有限公司,KA业务,ICLUB业务,异业机构转介,新风,机构,新风,保柏环球有限公司,医疗,优越医疗计划0自付,终身,年缴,美金,6595.18,51442.404,51442.404,,0,NONPI,,45933,45933,45933,45989,,JF2281,赖晔敏
D001875,611208858,生效,怡泰财富管理有限公司,经代业务,BK业务,银行网点,平安银行,徐艳,平安香港,香港永明金融有限公司,储蓄,永誉传承储蓄计划,1,整付,美金,2300000,17940000,1794000,,1,NONPI,,45939,45943,45944,45973,,JH6936,余迪慷
U000589,611221077,生效,众和恒富理财集团有限公司,经代业务,永明经代,持牌经纪,企鹅保险,企鹅保险,企鹅保险,香港永明金融有限公司,储蓄,万年青·星河尊享保险计划II,5,年缴,美金,30000,234000,234000,,0,NONPI,,45933,45934,45934,45951,姜通,JK6768,林小莎
U000590,611221240,生效,众和恒富理财集团有限公司,经代业务,同行经代,持牌经纪,唯思,唯思,同智顾问,香港永明金融有限公司,储蓄,万年青·星河尊享保险计划II,5,预缴,美金,10000,78000,78000,,0,NONPI,,45936,45941,45941,45966,战略合作,JK7517,王杰辉
D001876,611208840,生效,怡泰财富管理有限公司,经代业务,BK业务,银行网点,民生银行,,民生北京,香港永明金融有限公司,储蓄,万年青·卓金保险计划II,5,年缴,美金,50000,390000,390000,250000,0,NONPI,20%,45940,45952,45953,45982,,JH6936,余迪慷
J000970,602068901,生效,九富保险服务有限公司,代理人业务,天领业务,天领机构,天领重庆,Miracle,程琦,香港永明金融有限公司,储蓄,万年青·星河尊享保险计划II,5,年缴,美金,5000,39000,39000,,0,NONPI,,45940,45945,45947,45954,,JJ8674,许家乐
J000971,602068891,生效,九富保险服务有限公司,代理人业务,天领业务,天领机构,天领重庆,Miracle,程琦,香港永明金融有限公司,储蓄,万年青·星河尊享保险计划II,5,年缴,美金,10000,78000,78000,,0,NONPI,,45940,45945,45947,45954,,JJ8674,许家乐
J000972,602068900,生效,九富保险服务有限公司,代理人业务,天领业务,天领贴牌,广西贴牌,广西锐领,胡诗苑,香港永明金融有限公司,储蓄,万年青·星河尊享保险计划II,2,预缴,美金,25000,195000,195000,,0,NONPI,,45940,45945,45947,45961,,JJ8674,许家乐
U000592,611224827,生效,众和恒富理财集团有限公司,经代业务,永明经代,持牌经纪,紫荆保险,紫荊保险,紫荊保险,香港永明金融有限公司,储蓄,万年青·星河尊享保险计划II,5,预缴,美金,100000,780000,780000,,0,NONPI,20%,45940,45946,45946,45966,,JK7517,王杰辉
U000593,611221247,生效,众和恒富理财集团有限公司,经代业务,同行经代,持牌经纪,唯思,唯思,同智顾问,香港永明金融有限公司,储蓄,万年青·星河尊享保险计划II,5,年缴,美金,10000,78000,78000,,0,NONPI,,45940,45946,45946,45958,战略合作,JK7517,王杰辉
U000594,611221140,生效,众和恒富理财集团有限公司,经代业务,永明经代,持牌经纪,紫荆保险,紫荊保险,紫荊保险,香港永明金融有限公司,储蓄,万年青·星河传承保险计划II,5,预缴,美金,50000,390000,390000,,0,NONPI,,45940,45950,45950,45966,,JF7523,吕静文
U000595,611210795,生效,众和恒富理财集团有限公司,经代业务,永明经代,持牌经纪,紫荆保险,紫荊保险,紫荊保险,香港永明金融有限公司,年金,享悦即享年金保险,1,整付,美金,30129.87,235012.986,23501.2986,,0,NONPI,,45940,45948,45951,45954,,JH9602,余文茜
U000598,611221243,生效,众和恒富理财集团有限公司,经代业务,永明经代,持牌经纪,企鹅保险,企鹅保险,企鹅保险,香港永明金融有限公司,储蓄,万年青·星河传承保险计划II,5,年缴,美金,100000,780000,780000,,0,NONPI,,45941,45943,45943,45952,姜通,JK7517,王杰辉
J000973,602068821,生效,九富保险服务有限公司,代理人业务,天领业务,天领机构,天领成都,致合,陈俊安,香港永明金融有限公司,储蓄,万年青·星河尊享保险计划II,5,年缴,美金,6000,46800,46800,30000,0,NONPI,,45943,45946,45946,45954,,JF7605,林思思
U000599,611221244,生效,众和恒富理财集团有限公司,经代业务,永明经代,持牌经纪,企鹅保险,企鹅保险,企鹅保险,香港永明金融有限公司,储蓄,万年青·星河尊享保险计划II,5,年缴,美金,50000,390000,390000,,0,NONPI,,45942,45943,45943,45961,姜通,JK7517,王杰辉
FF000082,1.00035E+11,生效,富强天一财富管理有限公司,代理人业务,天领业务,天领机构,天领重庆,Miracle,王涵,立桥人寿保险有限公司,储蓄,智选储蓄保（20年保障期）,20,整付,美金,70000,546000,54600,,0,NONPI,,45943,45947,45947,45967,,JF2281,赖晔敏
J000974,602068894,生效,九富保险服务有限公司,KA业务,合伙转介业务,同行机构转介,德约,广西子公司,韩冰霜,香港永明金融有限公司,储蓄,万年青·星河尊享保险计划II,5,预缴,美金,30000,234000,234000,150000,0,NONPI,,45944,45945,45945,45967,,JF7605,林思思
Y000054,8201151887,生效,盈富理财顾问有限公司,代理人业务,天领业务,天领机构,天领重庆,Starry,王璐洁,中国人寿保险（海外）股份有限公司（澳门）,储蓄,裕饶传承储蓄保险计划III,5,预缴,港币,2000000,2000000,2000000,10000000,1,NONPI,0.25,45944,45950,,45957,,,
J000977,602068905,生效,九富保险服务有限公司,经代业务,永明经代,持牌经纪,万森保险,万森保险,万森保险,香港永明金融有限公司,储蓄,万年青·星河尊享保险计划II,2,预缴,美金,20500,159900,159900,,0,NONPI,,45944,45946,45946,45953,高瑶,JJ8674,许家乐
U000601,611224800,生效,众和恒富理财集团有限公司,经代业务,同行经代,持牌经纪,唯思,唯思,同智顾问,香港永明金融有限公司,储蓄,万年青·星河尊享保险计划II,5,年缴,美金,50000,390000,390000,,0,NONPI,,45944,45950,45951,45961,战略合作,JH9602,余文茜
U000602,611224802,生效,众和恒富理财集团有限公司,经代业务,永明经代,持牌经纪,紫荆保险,紫荊保险,紫荊保险,香港永明金融有限公司,储蓄,万年青·星河尊享保险计划II,5,年缴,美金,30000,234000,234000,,0,NONPI,,45945,45948,45951,45954,,JH9602,余文茜
J000978,602068906,生效,九富保险服务有限公司,代理人业务,天领业务,天领机构,天领重庆,重庆分公司,杜娟,香港永明金融有限公司,储蓄,万年青·星河尊享保险计划II,2,预缴,美金,36300,283140,283140,,0,NONPI,,45944,45946,45946,45960,,JJ8674,许家乐
U000603,611224805,生效,众和恒富理财集团有限公司,经代业务,同行经代,持牌经纪,唯思,唯思,同智顾问,香港永明金融有限公司,储蓄,万年青·星河尊享保险计划II,5,年缴,美金,10000,78000,78000,,0,NONPI,,45946,45947,45951,45954,战略合作,JH9602,余文茜
U000604,611222776,生效,众和恒富理财集团有限公司,经代业务,永明经代,持牌经纪,臻略财富,臻略财富,臻略财富,香港永明金融有限公司,储蓄,万年青·星河尊享保险计划II,5,预缴,美金,10000,78000,78000,,0,NONPI,,45946,45947,45948,45954,白博文,JH9602,余文茜
U000605,611221239,生效,众和恒富理财集团有限公司,经代业务,同行经代,持牌经纪,唯思,唯思,同智顾问,香港永明金融有限公司,重疾,万家康尊尚保,20,年缴,美金,2340,18252,18252,200000,0,NONPI,,45947,45947,45951,45966,战略合作,JH9602,余文茜
D001881,611208854,生效,怡泰财富管理有限公司,KA业务,ICLUB业务,异业机构转介,新风,机构,新风,香港永明金融有限公司,储蓄,万年青·星河传承保险计划II,5,年缴,美金,10000,78000,78000,,0,NONPI,,45947,45954,45957,45982,,JH6936,余迪慷
FF000083,1.00035E+11,生效,富强天一财富管理有限公司,代理人业务,天领业务,天领贴牌,长沙贴牌,lily,李莉,立桥人寿保险有限公司,储蓄,智选储蓄保（20年保障期）,20,整付,美金,41000,319800,31980,,0,NONPI,,45947,45950,45950,45964,,JF2281,赖晔敏
FF000084,1.00035E+11,生效,富强天一财富管理有限公司,代理人业务,天领业务,天领贴牌,长沙贴牌,lily,李莉,立桥人寿保险有限公司,储蓄,智选储蓄保（20年保障期）,20,整付,美金,105263,821051.4,82105.14,,0,NONPI,,45947,45950,45950,45958,,JF2281,赖晔敏
U000606,611224801,生效,众和恒富理财集团有限公司,经代业务,永明经代,持牌经纪,企鹅保险,企鹅保险,企鹅保险,香港永明金融有限公司,储蓄,万年青·星河尊享保险计划II,2,预缴,美金,50000,390000,390000,,0,NONPI,,45950,45953,45953,45961,姜通,JK6768,林小莎
U000607,611221246,生效,众和恒富理财集团有限公司,经代业务,永明经代,持牌经纪,企鹅保险,企鹅保险,企鹅保险,香港永明金融有限公司,储蓄,万年青·星河尊享保险计划II,2,预缴,美金,25000,195000,195000,,0,NONPI,,45951,45954,45954,45961,姜通,JK7517,王杰辉
U000609,611221081,生效,众和恒富理财集团有限公司,经代业务,永明经代,持牌经纪,企鹅保险,企鹅保险,企鹅保险,香港永明金融有限公司,储蓄,万年青·星河尊享保险计划II,5,预缴,美金,100000,780000,780000,,0,NONPI,20%,45950,45955,45955,45987,姜通,JK6768,林小莎
D001883,611203257,生效,怡泰财富管理有限公司,经代业务,BK业务,银行网点,民生银行,,民生武汉,香港永明金融有限公司,储蓄,万年青·卓金保险计划II,5,年缴,美金,50000,390000,390000,250000,0,NONPI,20%,45950,45953,45957,46022,,JK6077,肖锦源
J000979,602068912,生效,九富保险服务有限公司,代理人业务,天领业务,天领机构,天领重庆,鼎汇,周蕊,香港永明金融有限公司,储蓄,万年青·星河尊享保险计划II,2,年缴,美金,20000,156000,156000,,0,NONPI,,45950,45953,45953,45958,,JJ8674,许家乐
U000610,611208580,生效,众和恒富理财集团有限公司,经代业务,永明经代,持牌经纪,企鹅保险,企鹅保险,企鹅保险,香港永明金融有限公司,储蓄,万年青·星河尊享保险计划II,5,年缴,美金,10000,78000,78000,,0,NONPI,,45951,45962,45964,45968,姜通,JF7523,吕静文
U000613,611224841,生效,众和恒富理财集团有限公司,经代业务,永明经代,持牌经纪,企鹅保险,企鹅保险,企鹅保险,香港永明金融有限公司,储蓄,万年青·星河尊享保险计划II,5,预缴,美金,10000,78000,78000,,0,NONPI,,45951,45954,45954,45973,姜通,JK7517,王杰辉
U000614,611224821,生效,众和恒富理财集团有限公司,经代业务,永明经代,持牌经纪,堡盛国际,堡盛国际,堡盛国际,香港永明金融有限公司,储蓄,万年青·星河尊享保险计划II,2,预缴,美金,50000,390000,390000,,0,NONPI,,45951,45960,45960,45988,姜通,JF7523,吕静文
J000981,602068910,生效,九富保险服务有限公司,经代业务,永明经代,持牌经纪,紫荆保险,紫荊保险,紫荊保险,香港永明金融有限公司,储蓄,万年青·星河尊享保险计划II,2,年缴,美金,50000,390000,390000,,0,NONPI,,45951,45957,,45974,,JJ8674,许家乐
J000982,602068459,生效,九富保险服务有限公司,经代业务,永明经代,持牌经纪,德方集团,德方,德方,香港永明金融有限公司,储蓄,万年青·星河传承保险计划II,5,年缴,美金,100000,780000,780000,,0,NONPI,,45951,45952,,45974,,JJ7859,张浩晖
J000983,602068907,生效,九富保险服务有限公司,经代业务,永明经代,持牌经纪,万森保险,万森保险,万森保险,香港永明金融有限公司,储蓄,万年青·星河传承保险计划II,2,年缴,美金,30000,234000,234000,,0,NONPI,,45951,45953,45953,45958,高瑶,JJ8674,许家乐
U000615,611210756,生效,众和恒富理财集团有限公司,经代业务,永明经代,持牌经纪,企鹅保险,企鹅保险,企鹅保险,香港永明金融有限公司,储蓄,万年青·星河尊享保险计划II,2,预缴,美金,40000,312000,312000,80000,0,NONPI,,45951,45957,45957,45975,姜通,JH9602,余文茜
U000616,611208583,生效,众和恒富理财集团有限公司,经代业务,永明经代,持牌经纪,企鹅保险,企鹅保险,企鹅保险,香港永明金融有限公司,储蓄,万年青·星河尊享保险计划II,5,年缴,美金,10000,78000,78000,,0,NONPI,,45951,45962,45964,45968,姜通,JF7523,吕静文
U000617,611221249,生效,众和恒富理财集团有限公司,经代业务,永明经代,持牌经纪,堡盛国际,堡盛国际,堡盛国际,香港永明金融有限公司,储蓄,万年青·星河尊享保险计划II,5,年缴,美金,30000,234000,234000,,0,NONPI,,45951,45960,45960,45982,姜通,JK7517,王杰辉
D001886,3830075663,生效,怡泰财富管理有限公司,代理人业务,天领业务,天领机构,天领重庆,Starry,徐雪,宏利人寿保险（国际）有限公司,储蓄,宏挚传承保障计划,5,年缴,美金,15000,117000,117000,,0,NONPI,,45950,45952,45952,45960,,JH6936,余迪慷
D001888,611208849,生效,怡泰财富管理有限公司,KA业务,ICLUB业务,异业机构转介,新风,机构,新风,香港永明金融有限公司,重疾,万家康卓越保,20,年缴,美金,960.5,7491.9,7491.9,,0,NONPI,,45951,45955,45957,45958,,JH6936,余迪慷
Y000055,8201155083,生效,盈富理财顾问有限公司,代理人业务,天领业务,天领机构,天领重庆,知予,安妮,中国人寿保险（海外）股份有限公司（澳门）,储蓄,裕饶传承储蓄保险计划III,5,预缴,港币,1000000,1000000,1000000,5000000,1,NONPI,5%,45952,45964,,45973,,,
D001889,1.00036E+11,生效,怡泰财富管理有限公司,代理人业务,天领业务,天领机构,天领重庆,鼎汇,皮磊,立桥人寿保险有限公司,储蓄,智选储蓄保（20年保障期）,20,整付,美金,15000,117000,11700,,0,NONPI,,45952,45954,45954,45968,,JH6936,余迪慷
U000619,611210757,生效,众和恒富理财集团有限公司,经代业务,同行经代,持牌经纪,唯思,唯思,唯思财富顾问,香港永明金融有限公司,储蓄,万年青·星河传承保险计划II,5,年缴,美金,50000,390000,390000,,0,NONPI,,45953,45954,45954,45964,战略合作,JH9602,余文茜
U000620,611210761,生效,众和恒富理财集团有限公司,KA业务,合伙转介业务,持牌转介,总部职能,总部职能,陈楚菁,香港永明金融有限公司,重疾,万家康卓越保,25,年缴,美金,1231.2,9603.36,9603.36,60000,0,NONPI,,45953,45957,45957,45968,,JH9602,余文茜
J000985,602068933,生效,九富保险服务有限公司,经代业务,同行经代,持牌经纪,唯思,唯思,同智顾问,香港永明金融有限公司,重疾,万家康卓越保,25,年缴,美金,1810,14118,14118,200000,0,NONPI,,45954,45955,,45974,战略合作,JJ8674,许家乐
U000623,611210760,生效,众和恒富理财集团有限公司,经代业务,永明经代,持牌经纪,企鹅保险,企鹅保险,企鹅保险,香港永明金融有限公司,储蓄,万年青·星河尊享保险计划II,5,预缴,美金,50000,390000,390000,,0,NONPI,10%,45954,45958,45958,45973,姜通,JH9602,余文茜
D001899,611222880,生效,怡泰财富管理有限公司,KA业务,ICLUB业务,异业机构转介,新风,机构,新风,香港永明金融有限公司,储蓄,万年青·星河尊享保险计划II,5,预缴,美金,100000,780000,780000,,0,NONPI,,45957,45961,45961,45979,,JH6936,余迪慷
J000986,602068918,生效,九富保险服务有限公司,经代业务,同行经代,持牌经纪,唯思,唯思,同智顾问,香港永明金融有限公司,储蓄,万年青·星河尊享保险计划II,5,年缴,美金,30000,234000,234000,,0,NONPI,,45957,45969,45971,45985,战略合作,JJ8674,许家乐
J000987,602068898,生效,九富保险服务有限公司,经代业务,永明经代,持牌经纪,万森保险,万森保险,万森保险,香港永明金融有限公司,储蓄,万年青·星河尊享保险计划II,5,预缴,美金,120000,936000,936000,,0,NONPI,20%,45957,45958,,45999,高瑶,JJ8674,许家乐
J000989,602068462,生效,九富保险服务有限公司,代理人业务,成事家办,IYB分公司,杨璐熙,,杨璐熙,香港永明金融有限公司,储蓄,万年青·星河传承保险计划II,5,年缴,美金,20000,156000,156000,,0,NONPI,,45957,45958,,45994,,JJ7859,张浩晖
J000990,602068458,生效,九富保险服务有限公司,经代业务,同行经代,持牌经纪,唯思,唯思,同智顾问,香港永明金融有限公司,储蓄,万年青·星河尊享保险计划II,5,年缴,美金,5000,39000,39000,,0,NONPI,,45958,45961,,46001,战略合作,JJ7859,张浩晖
U000624,611224812,生效,众和恒富理财集团有限公司,经代业务,永明经代,持牌经纪,共享经纪,共享经纪,共享经纪,香港永明金融有限公司,储蓄,万年青·星河尊享保险计划II,5,年缴,美金,20000,156000,156000,,0,NONPI,,45956,45957,45957,45966,白博文,JK6768,林小莎
U000625,611224832,生效,众和恒富理财集团有限公司,经代业务,永明经代,持牌经纪,共享经纪,共享经纪,共享经纪,香港永明金融有限公司,储蓄,万年青·星河尊享保险计划II,2,预缴,美金,75000,585000,585000,,0,NONPI,,45956,45957,45957,45994,白博文,JK7517,王杰辉
U000626,611221196,生效,众和恒富理财集团有限公司,经代业务,永明经代,持牌经纪,时代保险,雅德保险,雅德保险,香港永明金融有限公司,储蓄,万年青·星河尊享保险计划II,2,预缴,美金,70000,546000,546000,,0,NONPI,,45957,45958,45958,45975,,JH9602,余文茜
U000628,611208602,生效,众和恒富理财集团有限公司,经代业务,永明经代,持牌经纪,企鹅保险,企鹅保险,企鹅保险,香港永明金融有限公司,储蓄,万年青·星河尊享保险计划II,5,年缴,美金,32000,249600,249600,,0,NONPI,,45957,45961,45964,45978,姜通,JF7523,吕静文
Y000056,8201154161,生效,盈富理财顾问有限公司,KA业务,ICLUB业务,异业机构转介,保险师,机构,保险师,中国人寿保险（海外）股份有限公司（澳门）,储蓄,裕饶传承储蓄保险计划III,5,预缴,港币,1000000,1000000,1000000,5000000,1,NONPI,5%,45957,45958,,46001,,,
D001904,611222852,生效,怡泰财富管理有限公司,经代业务,BK业务,银行网点,民生银行,,民生深圳,香港永明金融有限公司,储蓄,万年青·卓金保险计划II,5,年缴,美金,30000,234000,234000,150000,0,NONPI,20%,45958,45964,45968,45994,,JH6936,余迪慷
D001905,611222853,生效,怡泰财富管理有限公司,经代业务,BK业务,银行网点,民生银行,,民生深圳,香港永明金融有限公司,重疾,万家康卓越保,10,年缴,美金,2078.3,16210.74,16210.74,70000,0,NONPI,20%,45958,45964,45964,45993,,JH6936,余迪慷
U000630,611224831,生效,众和恒富理财集团有限公司,经代业务,永明经代,持牌经纪,企鹅保险,企鹅保险,企鹅保险,香港永明金融有限公司,储蓄,万年青·星河传承保险计划II,5,年缴,美金,50000,390000,390000,,0,NONPI,,45959,45960,45960,45971,姜通,JK7517,王杰辉
U000632,611208605,生效,众和恒富理财集团有限公司,经代业务,永明经代,持牌经纪,堡盛国际,堡盛国际,堡盛国际,香港永明金融有限公司,储蓄,万年青·星河尊享保险计划II,2,预缴,美金,50000,390000,390000,,0,NONPI,,45960,45961,45961,45994,姜通,JF7523,吕静文
U000633,611224820,生效,众和恒富理财集团有限公司,经代业务,永明经代,持牌经纪,企鹅保险,企鹅保险,企鹅保险,香港永明金融有限公司,储蓄,万年青·星河尊享保险计划II,5,年缴,美金,40000,312000,312000,,0,NONPI,,45960,45961,45961,45967,姜通,JK6768,林小莎
U000634,611208596,生效,众和恒富理财集团有限公司,经代业务,永明经代,持牌经纪,企鹅保险,企鹅保险,企鹅保险,香港永明金融有限公司,人寿,永延保障计划,12,年缴,美金,2926.5,22826.7,22826.7,,0,NONPI,,45960,45962,45964,45967,姜通,JF7523,吕静文
J000992,602068911,生效,九富保险服务有限公司,经代业务,永明经代,持牌经纪,万森保险,万森保险,万森保险,香港永明金融有限公司,储蓄,万年青·星河尊享保险计划II,5,预缴,美金,30000,234000,234000,,0,NONPI,,45961,45964,45965,45974,高瑶,JJ8674,许家乐
U000635,611224835,生效,众和恒富理财集团有限公司,经代业务,永明经代,持牌经纪,企鹅保险,企鹅保险,企鹅保险,香港永明金融有限公司,储蓄,万年青·星河尊享保险计划II,2,预缴,美金,50000,390000,390000,,0,NONPI,,45964,45966,45966,45971,姜通,JH9602,余文茜
U000636,611224836,生效,众和恒富理财集团有限公司,经代业务,永明经代,持牌经纪,企鹅保险,企鹅保险,企鹅保险,香港永明金融有限公司,储蓄,万年青·星河尊享保险计划II,5,预缴,美金,15000,117000,117000,,0,NONPI,,45964,45967,45967,45993,姜通,JK6768,林小莎
J000993,602068913,生效,九富保险服务有限公司,经代业务,同行经代,持牌经纪,唯思,唯思,同智顾问,香港永明金融有限公司,储蓄,万年青·星河尊享保险计划II,5,年缴,美金,50000,390000,390000,,0,NONPI,,45962,45964,45965,46001,战略合作,JJ8674,许家乐
U000637,611224839,生效,众和恒富理财集团有限公司,经代业务,永明经代,持牌经纪,企鹅保险,企鹅保险,企鹅保险,香港永明金融有限公司,储蓄,万年青·星河尊享保险计划II,5,年缴,美金,40000,312000,312000,,0,NONPI,,45964,45967,45967,45975,姜通,JK6768,林小莎
U000638,611208610,生效,众和恒富理财集团有限公司,经代业务,永明经代,持牌经纪,企鹅保险,企鹅保险,企鹅保险,香港永明金融有限公司,储蓄,万年青·星河尊享保险计划II,5,年缴,美金,50000,390000,390000,,0,NONPI,,45964,45969,45969,45979,姜通,JK6768,林小莎
U000640,611224833,生效,众和恒富理财集团有限公司,经代业务,永明经代,持牌经纪,时代保险,雅德保险,雅德保险,香港永明金融有限公司,储蓄,万年青·星河尊享保险计划II,2,年缴,美金,50000,390000,390000,,0,NONPI,,45965,45973,45973,45987,,JK7517,王杰辉
U000641,611227236,生效,众和恒富理财集团有限公司,经代业务,同行经代,持牌经纪,唯思,唯思,唯思财富顾问,香港永明金融有限公司,储蓄,万年青·星河尊享保险计划II,2,预缴,美金,100000,780000,780000,,0,NONPI,,45965,45968,45968,45972,战略合作,JK7517,王杰辉
J000997,602068950,生效,九富保险服务有限公司,经代业务,同行经代,持牌经纪,唯思,唯思,同智顾问,香港永明金融有限公司,储蓄,万年青·星河尊享保险计划II,5,年缴,美金,10000,78000,78000,,0,NONPI,,45965,45976,45982,45987,战略合作,JJ5633,陈昊锴
Z000023,G685356713,生效,置富理财(香港)有限公司,代理人业务,天领业务,天领机构,天领重庆,鼎汇,牟佳,友邦保险（国际）有限公司,储蓄,环宇盈活储蓄保险计划,1,整付,美金,75000.86,585006.708,58500.6708,,0,NONPI,,45954,45960,,45986,,,
Z000024,G685356535,生效,置富理财(香港)有限公司,代理人业务,天领业务,天领机构,天领重庆,鼎汇,牟佳,友邦保险（国际）有限公司,储蓄,环宇盈活储蓄保险计划,1,整付,美金,75000.86,585006.708,58500.6708,,0,NONPI,,45954,45960,,45986,,,
J000999,602068948,生效,九富保险服务有限公司,经代业务,永明经代,持牌经纪,紫荆保险,紫荊保险,紫荊保险,香港永明金融有限公司,储蓄,万年青·星河尊享保险计划II,2,预缴,美金,75000,585000,585000,,0,NONPI,,45966,45971,45973,45981,,JJ5633,陈昊锴
U000642,611227237,生效,众和恒富理财集团有限公司,经代业务,永明经代,持牌经纪,企鹅保险,企鹅保险,企鹅保险,香港永明金融有限公司,储蓄,万年青·星河尊享保险计划II,5,年缴,美金,150000,1170000,1170000,,0,NONPI,20%,45966,45967,45967,45978,姜通,JK7517,王杰辉
U000643,611208607,生效,众和恒富理财集团有限公司,经代业务,永明经代,持牌经纪,企鹅保险,企鹅保险,企鹅保险,香港永明金融有限公司,储蓄,万年青·星河尊享保险计划II,5,年缴,美金,5000,39000,39000,,0,NONPI,,45966,45969,45969,45975,姜通,JK6768,林小莎
U000644,611227235,生效,众和恒富理财集团有限公司,经代业务,永明经代,持牌经纪,企鹅保险,企鹅保险,企鹅保险,香港永明金融有限公司,储蓄,万年青·星河尊享保险计划II,2,年缴,美金,50000,390000,390000,,0,NONPI,,45967,45974,45974,45979,姜通,JK7517,王杰辉
U000645,611208601,生效,众和恒富理财集团有限公司,经代业务,永明经代,持牌经纪,企鹅保险,企鹅保险,企鹅保险,香港永明金融有限公司,储蓄,万年青·星河尊享保险计划II,5,年缴,美金,60000,468000,468000,,0,NONPI,10%,45967,45969,45969,45980,姜通,JK6768,林小莎
D001937,611208700,生效,怡泰财富管理有限公司,KA业务,合伙转介业务,持牌转介,总部职能,总部职能,连亮晴,香港永明金融有限公司,储蓄,万年青·星河尊享保险计划II,5,年缴,美金,20000,156000,156000,100000,0,NONPI,,45968,45969,45978,45989,,IA6464,连亮晴
U000646,611210796,生效,众和恒富理财集团有限公司,经代业务,永明经代,持牌经纪,共享经纪,共享经纪,共享经纪,香港永明金融有限公司,储蓄,万年青·星河尊享保险计划II,5,预缴,美金,15000,117000,117000,,0,NONPI,,45967,45976,45978,45988,白博文,JJ7007,王嘉鸣
U000647,611222789,生效,众和恒富理财集团有限公司,经代业务,永明经代,持牌经纪,堡盛国际,堡盛国际,堡盛国际,香港永明金融有限公司,储蓄,万年青·星河尊享保险计划II,2,预缴,美金,70000,546000,546000,,0,NONPI,,45968,45980,45980,46007,姜通,JH9602,余文茜
U000648,611222788,生效,众和恒富理财集团有限公司,经代业务,永明经代,持牌经纪,堡盛国际,堡盛国际,堡盛国际,香港永明金融有限公司,储蓄,万年青·星河尊享保险计划II,2,预缴,美金,100000,780000,780000,,0,NONPI,,45968,45975,45975,45981,姜通,JH9602,余文茜
U000649,611227240,生效,众和恒富理财集团有限公司,KA业务,合伙转介业务,同行机构转介,兴泰家办,兴泰家办,兴泰家办,香港永明金融有限公司,储蓄,万年青·星河尊享保险计划II,2,预缴,美金,50000,390000,390000,,0,NONPI,,45971,45981,45981,45988,,JK7517,王杰辉
U000650,611208603,生效,众和恒富理财集团有限公司,经代业务,永明经代,持牌经纪,企鹅保险,企鹅保险,企鹅保险,香港永明金融有限公司,储蓄,万年青·星河尊享保险计划II,2,预缴,美金,50000,390000,390000,,0,NONPI,,45971,45973,45973,45979,姜通,JF7523,吕静文
U000651,611208606,生效,众和恒富理财集团有限公司,经代业务,同行经代,持牌经纪,唯思,唯思,唯思财富顾问,香港永明金融有限公司,储蓄,万年青·星河尊享保险计划II,2,年缴,美金,50000,390000,390000,,0,NONPI,,45971,45974,45974,45996,战略合作,JF7523,吕静文
J001001,602068951,生效,九富保险服务有限公司,经代业务,永明经代,持牌经纪,紫荆保险,紫荊保险,紫荊保险,香港永明金融有限公司,储蓄,万年青·星河尊享保险计划II,5,年缴,美金,15000,117000,117000,,0,NONPI,,45967,45976,45985,46003,,JJ5633,陈昊锴
J001002,602068914,生效,九富保险服务有限公司,经代业务,永明经代,持牌经纪,万森保险,万森保险,万森保险,香港永明金融有限公司,储蓄,万年青·星河尊享保险计划II,5,年缴,美金,30000,234000,234000,,0,NONPI,,45967,45968,45971,45973,高瑶,JJ8674,许家乐
J001003,602068926,生效,九富保险服务有限公司,经代业务,永明经代,持牌经纪,晋誉财富,晋誉财富,晋誉财富,香港永明金融有限公司,储蓄,万年青·星河尊享保险计划II,5,年缴,美金,20000,156000,156000,,0,NONPI,,45968,45981,45986,45989,魏子璐,JJ8674,许家乐
J001005,602068916,生效,九富保险服务有限公司,经代业务,永明经代,持牌经纪,香港宜达,香港宜达,香港宜达,香港永明金融有限公司,储蓄,万年青·星河尊享保险计划II,5,年缴,美金,20000,156000,156000,,0,NONPI,,45971,45972,45972,45975,姜通,JJ8674,许家乐
J001006,602068981,生效,九富保险服务有限公司,经代业务,永明经代,持牌经纪,万森保险,万森保险,万森保险,香港永明金融有限公司,储蓄,万年青·星河尊享保险计划II,2,预缴,美金,157895,1231581,1231581,,0,NONPI,,45971,45975,45980,45985,高瑶,JF7605,林思思
U000652,611227239,生效,众和恒富理财集团有限公司,经代业务,永明经代,持牌经纪,企鹅保险,企鹅保险,企鹅保险,香港永明金融有限公司,储蓄,万年青·星河尊享保险计划II,5,年缴,美金,50000,390000,390000,,0,NONPI,10%,45972,45976,45976,45992,姜通,JK7517,王杰辉
J001007,602068979,生效,九富保险服务有限公司,KA业务,合伙转介业务,同行个人转介,个人转介,,何銘康,香港永明金融有限公司,储蓄,万年青·星河传承保险计划II,2,预缴,美金,25000,195000,195000,,0,NONPI,,45972,45975,45980,45985,,JF7605,林思思
J001008,602068960,生效,九富保险服务有限公司,代理人业务,天领业务,天领机构,天领重庆,鼎汇,牟佳,香港永明金融有限公司,储蓄,万年青·星河尊享保险计划II,5,预缴,美金,15000,117000,117000,,0,NONPI,,45972,45987,45993,46000,,JJ5633,陈昊锴
U000655,611222779,生效,众和恒富理财集团有限公司,经代业务,永明经代,持牌经纪,企鹅保险,企鹅保险,企鹅保险,香港永明金融有限公司,储蓄,万年青·星河尊享保险计划II,2,年缴,美金,20000,156000,156000,,0,NONPI,,45973,45975,45975,46007,姜通,JH9602,余文茜
J001009,602068947,生效,九富保险服务有限公司,经代业务,永明经代,持牌经纪,紫荆保险,紫荊保险,紫荊保险,香港永明金融有限公司,储蓄,万年青·星河尊享保险计划II,2,年缴,美金,25000,195000,195000,,0,NONPI,,45972,45974,45978,45994,,JJ5633,陈昊锴
J001010,602068923,生效,九富保险服务有限公司,经代业务,同行经代,持牌经纪,唯思,唯思,同智顾问,香港永明金融有限公司,储蓄,万年青·星河尊享保险计划II,2,年缴,美金,50000,390000,390000,,0,NONPI,,45973,45979,45979,45985,战略合作,JJ8674,许家乐
D001958,505-9856889,生效,怡泰财富管理有限公司,代理人业务,天领业务,天领贴牌,广西贴牌,广西锐领,林有胜,香港安盛保险有限公司,储蓄,盛利II储蓄保险-至尊,5,预缴,美金,20000,156000,156000,,0,NONPI,,45973,45974,45978,45989,,JF2281,赖晔敏
D001959,505-9856897,生效,怡泰财富管理有限公司,代理人业务,天领业务,天领贴牌,广西贴牌,广西锐领,李旭霞,香港安盛保险有限公司,储蓄,盛利II储蓄保险-至尊,5,年缴,美金,10000,78000,78000,,0,NONPI,,45973,45974,45978,45996,,JH6936,余迪慷
U000656,611210809,生效,众和恒富理财集团有限公司,经代业务,永明经代,持牌经纪,龙腾财富,龙腾,龙腾,香港永明金融有限公司,储蓄,万年青·星河尊享保险计划II,2,预缴,美金,25000,195000,195000,,0,NONPI,,45973,45985,45986,46001,,JJ7007,王嘉鸣
J001013,602068899,生效,九富保险服务有限公司,经代业务,永明经代,持牌经纪,万森保险,万森保险,万森保险,香港永明金融有限公司,储蓄,万年青·星河尊享保险计划II,2,预缴,美金,30000,234000,234000,,0,NONPI,,45974,45983,45988,45992,高瑶,JJ8674,许家乐
J001014,602068984,生效,九富保险服务有限公司,经代业务,同行经代,持牌经纪,唯思,唯思,同智顾问,香港永明金融有限公司,人寿,永延保障计划,12,年缴,美金,8070,62946,62946,500000,0,NONPI,,45974,45975,45992,46014,战略合作,JF7605,林思思
U000657,611221396,生效,众和恒富理财集团有限公司,经代业务,永明经代,持牌经纪,企鹅保险,企鹅保险,企鹅保险,香港永明金融有限公司,储蓄,万年青·星河尊享保险计划II,2,预缴,美金,100000,780000,780000,,0,NONPI,,45974,45979,45980,45988,姜通,JF7523,吕静文
J001016,602068954,生效,九富保险服务有限公司,经代业务,同行经代,持牌经纪,唯思,唯思,同智顾问,香港永明金融有限公司,储蓄,万年青·星河尊享保险计划II,2,年缴,美金,15000,117000,117000,,0,NONPI,,45975,45975,45985,45993,战略合作,JJ5633,陈昊锴
U000658,611227238,生效,众和恒富理财集团有限公司,经代业务,永明经代,持牌经纪,企鹅保险,企鹅保险,企鹅保险,香港永明金融有限公司,储蓄,万年青·星河尊享保险计划II,5,年缴,美金,30000,234000,234000,,0,NONPI,,45975,45978,45978,45982,姜通,JK7517,王杰辉
J001017,602068931,生效,九富保险服务有限公司,经代业务,永明经代,持牌经纪,万森保险,万森保险,万森保险,香港永明金融有限公司,储蓄,万年青·星河尊享保险计划II,2,预缴,美金,20000,156000,156000,,0,NONPI,,45975,45983,45988,45993,高瑶,JJ8674,许家乐
U000659,611227243,生效,众和恒富理财集团有限公司,经代业务,永明经代,持牌经纪,企鹅保险,企鹅保险,企鹅保险,香港永明金融有限公司,储蓄,万年青·星河尊享保险计划II,2,年缴,美金,70000,546000,546000,,0,NONPI,,45978,45981,45981,46000,姜通,JK7517,王杰辉
D002019,611222919,生效,怡泰财富管理有限公司,经代业务,BK业务,银行网点,民生银行,,民生天津,香港永明金融有限公司,储蓄,万年青·卓金保险计划II,5,预缴,美金,10000,78000,78000,,0,NONPI,59%,45978,45978,45992,46008,,JH6936,余迪慷
U000661,611222778,生效,众和恒富理财集团有限公司,经代业务,永明经代,持牌经纪,堡盛国际,堡盛国际,堡盛国际,香港永明金融有限公司,储蓄,万年青·星河尊享保险计划II,2,预缴,美金,40000,312000,312000,,0,NONPI,,45978,45982,45982,46010,姜通,JH9602,余文茜
J001026,602068915,生效,九富保险服务有限公司,经代业务,永明经代,持牌经纪,香港宜达,香港宜达,香港宜达,香港永明金融有限公司,储蓄,万年青·星河尊享保险计划II,5,年缴,美金,30000,234000,234000,,0,NONPI,,45978,45983,45988,45995,姜通,JJ8674,许家乐
J001027,602068932,生效,九富保险服务有限公司,经代业务,永明经代,持牌经纪,香港宜达,香港宜达,香港宜达,香港永明金融有限公司,储蓄,万年青·星河尊享保险计划II,5,年缴,美金,30000,234000,234000,,0,NONPI,,45978,45983,45988,46000,姜通,JJ8674,许家乐
J001029,602068928,生效,九富保险服务有限公司,代理人业务,天领业务,天领机构,天领重庆,鼎汇,王永翠,香港永明金融有限公司,储蓄,万年青·星河传承保险计划II,5,年缴,美金,20000,156000,156000,,0,NONPI,,45978,45982,45982,45994,,JF7605,林思思
U000662,611222784,生效,众和恒富理财集团有限公司,经代业务,永明经代,持牌经纪,企鹅保险,企鹅保险,企鹅保险,香港永明金融有限公司,储蓄,万年青·星河尊享保险计划II,5,预缴,美金,5000,39000,39000,,0,NONPI,,45978,45982,45982,45988,姜通,JH9602,余文茜
U000663,611224811,生效,众和恒富理财集团有限公司,经代业务,永明经代,持牌经纪,堡盛国际,堡盛国际,堡盛国际,香港永明金融有限公司,储蓄,万年青·星河尊享保险计划II,5,年缴,美金,20000,156000,156000,,0,NONPI,,45979,45987,45987,45994,姜通,JK6768,林小莎
J001030,602068957,生效,九富保险服务有限公司,经代业务,永明经代,持牌经纪,万森保险,万森保险,万森保险,香港永明金融有限公司,储蓄,万年青·星河尊享保险计划II,2,年缴,人民币,105000,119700,119700,,0,NONPI,,45979,45981,45986,45995,高瑶,JJ5633,陈昊锴
U000665,611224807,生效,众和恒富理财集团有限公司,经代业务,永明经代,持牌经纪,企鹅保险,企鹅保险,企鹅保险,香港永明金融有限公司,储蓄,万年青·星河尊享保险计划II,5,年缴,美金,40000,312000,312000,,0,NONPI,,45979,45985,45985,45993,姜通,JK6768,林小莎
U000666,611224815,生效,众和恒富理财集团有限公司,经代业务,永明经代,持牌经纪,企鹅保险,企鹅保险,企鹅保险,香港永明金融有限公司,储蓄,万年青·星河尊享保险计划II,5,年缴,美金,40000,312000,312000,,0,NONPI,,45979,45985,45985,45993,姜通,JK6768,林小莎
U000667,611227242,生效,众和恒富理财集团有限公司,经代业务,永明经代,持牌经纪,企鹅保险,企鹅保险,企鹅保险,香港永明金融有限公司,储蓄,万年青·星河尊享保险计划II,2,年缴,美金,15000,117000,117000,,0,NONPI,,45979,45981,45981,45989,姜通,JK7517,王杰辉
J001032,602068796,生效,九富保险服务有限公司,代理人业务,天领业务,天领机构,天领重庆,聚忻,杨布泽,香港永明金融有限公司,储蓄,万年青·星河尊享保险计划II,5,年缴,美金,20000,156000,156000,,0,NONPI,,45980,45990,,46006,,JF7605,林思思
J001033,602068925,生效,九富保险服务有限公司,经代业务,永明经代,持牌经纪,紫荆保险,紫荊保险,紫荊保险,香港永明金融有限公司,储蓄,万年青·星河尊享保险计划II,2,预缴,人民币,1500000,1710000,1710000,,0,NONPI,,45980,45981,,45995,,JJ8674,许家乐
U000669,611221398,生效,众和恒富理财集团有限公司,经代业务,永明经代,持牌经纪,时代保险,雅德保险,雅德保险,香港永明金融有限公司,储蓄,万年青·星河尊享保险计划II,5,年缴,美金,30000,234000,234000,,0,NONPI,,45980,45981,45981,46006,,JF7523,吕静文
U000670,611222796,生效,众和恒富理财集团有限公司,经代业务,永明经代,持牌经纪,企鹅保险,企鹅保险,企鹅保险,香港永明金融有限公司,储蓄,万年青·星河尊享保险计划II,2,预缴,美金,30000,234000,234000,,0,NONPI,,45980,45983,45985,45994,姜通,JH9602,余文茜
J001019,602068929,生效,九富保险服务有限公司,经代业务,同行经代,持牌经纪,唯思,唯思,同智顾问,香港永明金融有限公司,储蓄,万年青·星河尊享保险计划II,5,预缴,美金,100000,780000,780000,,0,NONPI,,45977,45982,,45987,战略合作,JF7605,林思思
J001020,602068936,生效,九富保险服务有限公司,经代业务,永明经代,持牌经纪,香港宜达,香港宜达,香港宜达,香港永明金融有限公司,储蓄,万年青·星河尊享保险计划II,2,年缴,美金,15000,117000,117000,,0,NONPI,,45977,45983,45988,45999,姜通,JJ8674,许家乐
J001021,602068930,生效,九富保险服务有限公司,代理人业务,天领业务,天领机构,天领重庆,Starry,徐雪,香港永明金融有限公司,储蓄,万年青·星河尊享保险计划II,5,年缴,美金,15000,117000,117000,,0,NONPI,,45977,45981,,45989,,JJ8674,许家乐
J001022,602068953,生效,九富保险服务有限公司,代理人业务,天领业务,天领机构,天领深圳,大湾区,林港丰,香港永明金融有限公司,储蓄,万年青·星河尊享保险计划II,2,年缴,美金,15000,117000,117000,,0,NONPI,,45978,45978,45985,46006,,JJ5633,陈昊锴
U000673,611224822,生效,众和恒富理财集团有限公司,经代业务,永明经代,持牌经纪,堡盛国际,堡盛国际,堡盛国际,香港永明金融有限公司,储蓄,万年青·星河尊享保险计划II,2,预缴,美金,350000,2730000,2730000,,0,NONPI,,45981,45990,45993,46009,姜通,JK6768,林小莎
U000674,611224813,生效,众和恒富理财集团有限公司,经代业务,永明经代,持牌经纪,巨蚁环球,巨蚁环球,巨蚁环球,香港永明金融有限公司,储蓄,万年青·星河尊享保险计划II,5,年缴,美金,20000,156000,156000,,0,NONPI,,45981,45987,45987,45994,姜通,JK6768,林小莎
J001034,602068982,生效,九富保险服务有限公司,代理人业务,天领业务,天领贴牌,武汉贴牌,武汉泽星,陈燕,香港永明金融有限公司,储蓄,万年青·星河尊享保险计划II,2,预缴,美金,25000,195000,195000,,0,NONPI,,45981,45987,,46002,,JF7605,林思思
U000675,611227246,生效,众和恒富理财集团有限公司,经代业务,永明经代,持牌经纪,企鹅保险,企鹅保险,企鹅保险,香港永明金融有限公司,储蓄,万年青·星河尊享保险计划II,5,年缴,美金,10000,78000,78000,,0,NONPI,,45981,45986,45986,45999,姜通,JK7517,王杰辉
U000676,611227341,生效,众和恒富理财集团有限公司,经代业务,永明经代,持牌经纪,企鹅保险,企鹅保险,企鹅保险,香港永明金融有限公司,储蓄,万年青·星河尊享保险计划II,2,年缴,人民币,177000,201780,201780,,0,NONPI,,45981,45990,45993,46007,姜通,JK6768,林小莎
U000677,611222780,生效,众和恒富理财集团有限公司,经代业务,永明经代,持牌经纪,中天家办,中天家办,中天家办,香港永明金融有限公司,储蓄,万年青·星河尊享保险计划II,2,预缴,美金,100000,780000,780000,,0,NONPI,,45981,45983,45983,46001,白博文,JH9602,余文茜
U000678,611222800,生效,众和恒富理财集团有限公司,经代业务,永明经代,持牌经纪,中天家办,中天家办,中天家办,香港永明金融有限公司,储蓄,万年青·星河尊享保险计划II,2,预缴,美金,100000,780000,780000,,0,NONPI,,45981,45983,45983,46006,白博文,JH9602,余文茜
J001038,602068797,生效,九富保险服务有限公司,代理人业务,天领业务,天领机构,天领重庆,聚忻,王凯,香港永明金融有限公司,储蓄,万年青·星河尊享保险计划II,5,年缴,美金,20000,156000,156000,,0,NONPI,,45982,45990,45995,46006,,JF7605,林思思
U000681,611222787,生效,众和恒富理财集团有限公司,经代业务,永明经代,持牌经纪,企鹅保险,企鹅保险,企鹅保险,香港永明金融有限公司,储蓄,万年青·星河尊享保险计划II,2,年缴,人民币,105000,119700,119700,,0,NONPI,,45982,45983,45983,45993,姜通,JH9602,余文茜
U000682,611227244,生效,众和恒富理财集团有限公司,经代业务,永明经代,持牌经纪,企鹅保险,企鹅保险,企鹅保险,香港永明金融有限公司,储蓄,万年青·星河尊享保险计划II,2,年缴,人民币,177000,201780,201780,,0,NONPI,,45982,45989,45993,46015,姜通,JK7517,王杰辉
Y000057,8201161102,生效,盈富理财顾问有限公司,代理人业务,天领业务,天领机构,天领重庆,知予,张鹏,中国人寿保险（海外）股份有限公司（澳门）,储蓄,裕饶传承储蓄保险计划III,5,预缴,港币,1000000,1000000,1000000,5000000,1,NONPI,5%,45982,45989,,46009,,,
U000685,611222782,生效,众和恒富理财集团有限公司,经代业务,永明经代,持牌经纪,堡盛国际,堡盛国际,堡盛国际,香港永明金融有限公司,储蓄,万年青·星河传承保险计划II,2,预缴,美金,35000,273000,273000,,0,NONPI,,45985,45988,45992,46014,姜通,JH9602,余文茜
U000687,611224819,生效,众和恒富理财集团有限公司,经代业务,永明经代,持牌经纪,堡盛国际,堡盛国际,堡盛国际,香港永明金融有限公司,储蓄,万年青·星河尊享保险计划II,2,年缴,美金,100000,780000,780000,,0,NONPI,,45985,45989,45992,46006,姜通,JK6768,林小莎
J001043,602068956,生效,九富保险服务有限公司,经代业务,同行经代,持牌经纪,唯思,唯思,同智顾问,香港永明金融有限公司,储蓄,万年青·星河尊享保险计划II,2,年缴,美金,20000,156000,156000,,0,NONPI,,45985,45985,45986,46000,战略合作,JJ5633,陈昊锴
U000688,611227271,生效,众和恒富理财集团有限公司,经代业务,永明经代,持牌经纪,时代保险,雅德保险,雅德保险,香港永明金融有限公司,储蓄,万年青·星河尊享保险计划II,5,预缴,美金,30000,234000,234000,,0,NONPI,,45985,45988,45992,46021,,JH9602,余文茜
U000689,611227245,生效,众和恒富理财集团有限公司,经代业务,永明经代,持牌经纪,企鹅保险,企鹅保险,企鹅保险,香港永明金融有限公司,储蓄,万年青·星河尊享保险计划II,5,年缴,美金,30000,234000,234000,,0,NONPI,,45985,45987,45987,46000,姜通,JK7517,王杰辉
U000690,611227252,生效,众和恒富理财集团有限公司,经代业务,永明经代,持牌经纪,时代保险,雅德保险,雅德保险,香港永明金融有限公司,储蓄,万年青·星河尊享保险计划II,5,预缴,美金,14000,109200,109200,,0,NONPI,,45985,45996,45996,46003,,JK7517,王杰辉
U000691,611224816,生效,众和恒富理财集团有限公司,经代业务,永明经代,持牌经纪,中天家办,中天家办,中天家办,香港永明金融有限公司,储蓄,万年青·星河尊享保险计划II,2,预缴,美金,100000,780000,780000,,0,NONPI,,45985,45985,45985,46003,白博文,JK6768,林小莎
U000692,611227250,生效,众和恒富理财集团有限公司,经代业务,同行经代,持牌经纪,唯思,唯思,唯思财富顾问,香港永明金融有限公司,储蓄,万年青·星河尊享保险计划II,5,年缴,美金,100000,780000,780000,,0,NONPI,,45985,45987,45989,46015,战略合作,JK7517,王杰辉
U000693,611227251,生效,众和恒富理财集团有限公司,经代业务,同行经代,持牌经纪,唯思,唯思,唯思财富顾问,香港永明金融有限公司,储蓄,万年青·星河尊享保险计划II,5,年缴,美金,100000,780000,780000,,0,NONPI,,45985,45987,45989,45996,战略合作,JK7517,王杰辉
U000694,611221399,生效,众和恒富理财集团有限公司,经代业务,同行经代,持牌经纪,唯思,唯思,唯思财富顾问,香港永明金融有限公司,储蓄,万年青·星河尊享保险计划II,2,预缴,美金,50000,390000,390000,,0,NONPI,,45985,45992,45994,46015,战略合作,JF7523,吕静文
U000695,611227248,生效,众和恒富理财集团有限公司,经代业务,永明经代,持牌经纪,堡盛国际,堡盛国际,堡盛国际,香港永明金融有限公司,储蓄,万年青·星河尊享保险计划II,2,预缴,美金,30000,234000,234000,,0,NONPI,,45985,45989,45993,46006,姜通,JK7517,王杰辉
J001045,602068985,生效,九富保险服务有限公司,经代业务,同行经代,持牌经纪,唯思,唯思,同智顾问,香港永明金融有限公司,储蓄,万年青·星河尊享保险计划II,2,预缴,美金,50000,390000,390000,,0,NONPI,,45985,45987,,46007,战略合作,JF7605,林思思
J001046,602068987,生效,九富保险服务有限公司,经代业务,同行经代,持牌经纪,唯思,唯思,同智顾问,香港永明金融有限公司,储蓄,万年青·星河尊享保险计划II,2,年缴,美金,100000,780000,780000,,0,NONPI,,45985,45987,45992,46007,战略合作,JF7605,林思思
J001048,602068934,生效,九富保险服务有限公司,经代业务,永明经代,持牌经纪,紫荆保险,紫荊保险,紫荊保险,香港永明金融有限公司,储蓄,万年青·星河尊享保险计划II,5,年缴,美金,50000,390000,390000,,0,NONPI,,45985,45989,45992,46008,,JJ8674,许家乐
U000697,611222797,生效,众和恒富理财集团有限公司,经代业务,永明经代,持牌经纪,企鹅保险,企鹅保险,企鹅保险,香港永明金融有限公司,储蓄,万年青·星河尊享保险计划II,5,年缴,美金,30000,234000,234000,,0,NONPI,,45986,46000,46000,46008,姜通,JK7517,王杰辉
U000699,611227340,生效,众和恒富理财集团有限公司,经代业务,永明经代,持牌经纪,堡盛国际,堡盛国际,堡盛国际,香港永明金融有限公司,储蓄,万年青·星河尊享保险计划II,2,预缴,美金,158000,1232400,1232400,,0,NONPI,,45986,45990,45993,46001,姜通,JK6768,林小莎
U000701,611222785,生效,众和恒富理财集团有限公司,经代业务,永明经代,持牌经纪,企鹅保险,企鹅保险,企鹅保险,香港永明金融有限公司,储蓄,万年青·星河尊享保险计划II,2,年缴,人民币,250000,285000,285000,,0,NONPI,,45986,45988,45992,46001,姜通,JH9602,余文茜
J001051,602068939,生效,九富保险服务有限公司,经代业务,永明经代,持牌经纪,卓樾会,卓樾会,卓樾会,香港永明金融有限公司,储蓄,万年青·星河尊享保险计划II,2,年缴,美金,100000,780000,780000,,0,NONPI,,45986,45987,45988,46006,姜通,JJ8674,许家乐
J001056,602068989,生效,九富保险服务有限公司,经代业务,永明经代,持牌经纪,紫荆保险,紫荊保险,紫荊保险,香港永明金融有限公司,储蓄,万年青·星河尊享保险计划II,2,预缴,美金,50000,390000,390000,,0,NONPI,,45986,45989,45992,46001,,JF7605,林思思
U000703,611222799,生效,众和恒富理财集团有限公司,经代业务,同行经代,持牌经纪,唯思,唯思,唯思财富顾问,香港永明金融有限公司,储蓄,万年青·星河尊享保险计划II,5,预缴,美金,110000,858000,858000,,0,NONPI,20%,45987,45988,45992,46007,战略合作,JH9602,余文茜
U000709,611227291,生效,众和恒富理财集团有限公司,经代业务,永明经代,持牌经纪,企鹅保险,企鹅保险,企鹅保险,香港永明金融有限公司,储蓄,万年青·星河尊享保险计划II,5,预缴,美金,10000,78000,78000,,0,NONPI,,45987,45992,45994,46001,姜通,JF7523,吕静文
J001057,602068909,生效,九富保险服务有限公司,代理人业务,天领业务,天领机构,天领重庆,Starry,雷蕾,香港永明金融有限公司,储蓄,万年青·星河尊享保险计划II,5,年缴,美金,5000,39000,39000,,0,NONPI,,45987,45996,45996,46006,,JJ8674,许家乐
U000710,611227247,生效,众和恒富理财集团有限公司,KA业务,ICLUB业务,异业机构转介,个人转介,理财师,叶芳芳,香港永明金融有限公司,重疾,万家康卓越保,25,年缴,美金,2065,16107,16107,100000,0,NONPI,,45987,45989,45993,46013,,JK7517,王杰辉
U000711,611227290,生效,众和恒富理财集团有限公司,经代业务,永明经代,持牌经纪,企鹅保险,企鹅保险,企鹅保险,香港永明金融有限公司,储蓄,万年青·星河尊享保险计划II,5,预缴,美金,10000,78000,78000,,0,NONPI,,45987,45992,45994,46001,姜通,JF7523,吕静文
D002036,611222928,生效,怡泰财富管理有限公司,经代业务,BK业务,银行网点,民生银行,,民生重庆,香港永明金融有限公司,储蓄,万年青·卓金保险计划II,5,年缴,美金,50000,390000,390000,250000,0,NONPI,20%,45987,45988,45992,45994,,JK6077,肖锦源
D002038,611208856,生效,怡泰财富管理有限公司,经代业务,BK业务,银行网点,民生银行,,民生北京,香港永明金融有限公司,储蓄,万年青·卓金保险计划II,5,年缴,美金,30000,234000,234000,150000,0,NONPI,59%,45988,45996,46000,46022,,JH6936,余迪慷
D002039,611222822,生效,怡泰财富管理有限公司,经代业务,BK业务,银行网点,民生银行,,民生北京,香港永明金融有限公司,储蓄,万年青·卓金保险计划II,5,预缴,美金,50000,390000,390000,250000,0,NONPI,59%,45988,45999,46002,46022,,JF2281,赖晔敏
J001060,602068793,生效,九富保险服务有限公司,经代业务,永明经代,持牌经纪,卓樾会,卓樾会,卓樾会,香港永明金融有限公司,储蓄,万年青·星河尊享保险计划II,5,年缴,美金,30000,234000,234000,,0,NONPI,,45988,45990,45992,46002,姜通,JF7605,林思思
U000713,611227293,生效,众和恒富理财集团有限公司,经代业务,永明经代,持牌经纪,时代保险,雅德保险,雅德保险,香港永明金融有限公司,储蓄,万年青·星河尊享保险计划II,5,年缴,人民币,350000,399000,399000,,0,NONPI,,45988,45997,45999,46006,,JF7523,吕静文
D002040,611222959,生效,怡泰财富管理有限公司,经代业务,BK业务,银行网点,民生银行,,民生天津,香港永明金融有限公司,储蓄,万年青·卓金保险计划II,5,预缴,美金,10000,78000,78000,50000,0,NONPI,59%,45989,45993,45995,46003,,JH6936,余迪慷
U000716,611227343,生效,众和恒富理财集团有限公司,经代业务,永明经代,持牌经纪,企鹅保险,企鹅保险,企鹅保险,香港永明金融有限公司,储蓄,万年青·星河尊享保险计划II,2,预缴,美金,60000,468000,468000,,0,NONPI,,45989,45990,45996,46014,姜通,JK6768,林小莎
U000717,611222792,生效,众和恒富理财集团有限公司,经代业务,永明经代,持牌经纪,企鹅保险,企鹅保险,企鹅保险,香港永明金融有限公司,储蓄,万年青·星河尊享保险计划II,2,年缴,人民币,142000,161880,161880,,0,NONPI,,45991,45993,45996,46015,姜通,JH9602,余文茜
U000718,611222790,生效,众和恒富理财集团有限公司,经代业务,永明经代,持牌经纪,企鹅保险,企鹅保险,企鹅保险,香港永明金融有限公司,储蓄,万年青·星河尊享保险计划II,2,年缴,人民币,105000,119700,119700,,0,NONPI,,45991,45993,45996,46015,姜通,JH9602,余文茜
U000719,611210802,生效,众和恒富理财集团有限公司,经代业务,永明经代,持牌经纪,共享经纪,共享经纪,共享经纪,香港永明金融有限公司,储蓄,万年青·星河尊享保险计划II,5,预缴,美金,10000,78000,78000,,0,NONPI,,45991,45992,45994,46000,白博文,JJ7007,王嘉鸣
U000722,611227255,取消投保,众和恒富理财集团有限公司,经代业务,永明经代,持牌经纪,企鹅保险,企鹅保险,企鹅保险,香港永明金融有限公司,储蓄,万年青·星河传承保险计划II,2,预缴,美金,21000,163800,163800,,0,NONPI,,45992,45993,45996,46006,姜通,JK7517,王杰辉
U000724,611227375,生效,众和恒富理财集团有限公司,经代业务,永明经代,持牌经纪,企鹅保险,企鹅保险,企鹅保险,香港永明金融有限公司,储蓄,万年青·星河尊享保险计划II,5,预缴,美金,10000,78000,78000,,0,NONPI,,45992,46002,46003,46009,姜通,JH9602,余文茜
J001065,602069010,生效,九富保险服务有限公司,经代业务,同行经代,持牌经纪,唯思,唯思,同智顾问,香港永明金融有限公司,储蓄,万年青·星河尊享保险计划II,2,年缴,美金,50000,390000,390000,,0,NONPI,,45992,45996,45996,46014,战略合作,JJ8674,许家乐
J001066,602069258,生效,九富保险服务有限公司,经代业务,永明经代,持牌经纪,紫荆保险,紫荊保险,紫荊保险,香港永明金融有限公司,储蓄,万年青·星河尊享保险计划II,5,年缴,美金,20000,156000,156000,,0,NONPI,,45992,45997,46000,46007,,JF7605,林思思
U000725,611224843,生效,众和恒富理财集团有限公司,经代业务,永明经代,持牌经纪,企鹅保险,企鹅保险,企鹅保险,香港永明金融有限公司,储蓄,万年青·星河尊享保险计划II,2,预缴,美金,100000,780000,780000,,0,NONPI,,45993,45999,46003,46009,姜通,JK6768,林小莎
D002046,611222811,生效,怡泰财富管理有限公司,KA业务,ICLUB业务,异业机构转介,新风,机构,新风,香港永明金融有限公司,储蓄,万年青·星河尊享保险计划II,5,预缴,美金,30000,234000,234000,,0,NONPI,,45993,45994,45995,46001,,JF2281,赖晔敏
J001069,602069012,生效,九富保险服务有限公司,经代业务,永明经代,持牌经纪,卓樾会,卓樾会,卓樾会,香港永明金融有限公司,储蓄,万年青·星河尊享保险计划II,5,年缴,人民币,70000,79800,79800,,0,NONPI,,45993,45999,45999,46006,姜通,JJ8674,许家乐
J001070,602068955,生效,九富保险服务有限公司,代理人业务,天领业务,天领机构,天领重庆,鼎汇,牟佳,香港永明金融有限公司,储蓄,万年青·星河尊享保险计划II,5,年缴,美金,15000,117000,117000,,0,NONPI,,45985,45986,45993,45999,,JJ5633,陈昊锴
J001071,602069009,生效,九富保险服务有限公司,经代业务,永明经代,持牌经纪,卓樾会,卓樾会,卓樾会,香港永明金融有限公司,储蓄,万年青·星河尊享保险计划II,5,年缴,美金,30000,234000,234000,,0,NONPI,,45993,45996,45996,46015,姜通,JJ8674,许家乐
U000730,611222786,生效,众和恒富理财集团有限公司,经代业务,永明经代,持牌经纪,企鹅保险,企鹅保险,企鹅保险,香港永明金融有限公司,储蓄,万年青·星河尊享保险计划II,2,预缴,美金,28500,222300,222300,,0,NONPI,,45993,45994,45996,46003,姜通,JH9602,余文茜
U000733,611227268,生效,众和恒富理财集团有限公司,经代业务,同行经代,持牌经纪,唯思,唯思,唯思财富顾问,香港永明金融有限公司,储蓄,万年青·星河尊享保险计划II,2,预缴,美金,30000,234000,234000,,0,NONPI,,45994,45996,45996,46003,战略合作,JH9602,余文茜
U000734,611227374,生效,众和恒富理财集团有限公司,经代业务,永明经代,持牌经纪,企鹅保险,企鹅保险,企鹅保险,香港永明金融有限公司,储蓄,万年青·星河尊享保险计划II,5,年缴,美金,3000,23400,23400,,0,NONPI,,45994,46000,46001,46006,姜通,JH9602,余文茜
U000735,611208595,生效,众和恒富理财集团有限公司,经代业务,永明经代,持牌经纪,企鹅保险,企鹅保险,企鹅保险,香港永明金融有限公司,储蓄,万年青·星河尊享保险计划II,5,预缴,美金,100000,780000,780000,,0,NONPI,20%,45994,46001,46001,46007,姜通,JF7523,吕静文
U000737,611224840,生效,众和恒富理财集团有限公司,经代业务,同行经代,持牌经纪,唯思,唯思,唯思财富顾问,香港永明金融有限公司,储蓄,万年青·星河尊享保险计划II,2,预缴,美金,50000,390000,390000,,0,NONPI,,45995,45996,46003,46009,战略合作,JK6768,林小莎
J001080,602069259,生效,九富保险服务有限公司,经代业务,永明经代,持牌经纪,万森保险,万森保险,万森保险,香港永明金融有限公司,储蓄,万年青·星河传承保险计划II,2,年缴,美金,100000,780000,780000,,0,NONPI,,45995,45997,46000,46020,高瑶,JF7605,林思思
J001081,602069017,生效,九富保险服务有限公司,经代业务,永明经代,持牌经纪,万森保险,万森保险,万森保险,香港永明金融有限公司,储蓄,万年青·星河尊享保险计划II,2,预缴,美金,150000,1170000,1170000,,0,NONPI,,45995,46000,46001,46022,高瑶,JJ8674,许家乐
J001082,602069016,生效,九富保险服务有限公司,经代业务,永明经代,持牌经纪,万森保险,万森保险,万森保险,香港永明金融有限公司,储蓄,万年青·星河传承保险计划II,5,年缴,美金,150000,1170000,1170000,,0,NONPI,,45995,46000,46001,46022,高瑶,JJ8674,许家乐
U000739,611227295,生效,众和恒富理财集团有限公司,经代业务,同行经代,持牌经纪,唯思,唯思,唯思财富顾问,香港永明金融有限公司,储蓄,万年青·星河尊享保险计划II,5,预缴,美金,15000,117000,117000,,0,NONPI,,45995,45997,45999,46020,战略合作,JF7523,吕静文
U000740,611227296,生效,众和恒富理财集团有限公司,经代业务,永明经代,持牌经纪,堡盛国际,堡盛国际,堡盛国际,香港永明金融有限公司,储蓄,万年青·星河尊享保险计划II,2,预缴,美金,25000,195000,195000,,0,NONPI,,45996,45997,45999,46006,姜通,JF7523,吕静文
U000742,611227398,生效,众和恒富理财集团有限公司,经代业务,永明经代,持牌经纪,企鹅保险,企鹅保险,企鹅保险,香港永明金融有限公司,储蓄,万年青·星河尊享保险计划II,2,年缴,美金,50000,390000,390000,,0,NONPI,,45996,46000,46001,46008,姜通,JH9602,余文茜
J001085,602069260,生效,九富保险服务有限公司,经代业务,同行经代,持牌经纪,唯思,唯思,同智顾问,香港永明金融有限公司,储蓄,万年青·星河尊享保险计划II,5,年缴,美金,20000,156000,156000,,0,NONPI,,45996,45997,46000,46006,战略合作,JF7605,林思思
J001087,602069014,生效,九富保险服务有限公司,代理人业务,天领业务,天领机构,天领重庆,Starry,肖瑶,香港永明金融有限公司,储蓄,万年青·星河尊享保险计划II,5,年缴,美金,15000,117000,117000,,0,NONPI,,45996,45999,45999,46008,,JJ8674,许家乐
FU000019,8123317878,生效,泰溢国际有限公司,代理人业务,天领业务,天领贴牌,武汉贴牌,武汉泽星,曹丽娟,中国人寿保险（海外）股份有限公司（香港）,储蓄,丰盛连年储蓄保险计划,5,预缴,港币,80000.03,80000.03,80000.03,,0,NONPI,,45995,45997,,46014,,JJ9569,杜咏婷
U000747,611227399,生效,众和恒富理财集团有限公司,经代业务,永明经代,持牌经纪,共享经纪,共享经纪,共享经纪,香港永明金融有限公司,储蓄,万年青·星河尊享保险计划II,2,预缴,美金,100000,780000,780000,,0,NONPI,,45999,46001,46001,46009,白博文,JJ7007,王嘉鸣
J001089,602068966,生效,九富保险服务有限公司,代理人业务,天领业务,天领机构,天领重庆,Starry,雷蕾,香港永明金融有限公司,储蓄,万年青·星河尊享保险计划II,5,年缴,美金,20000,156000,156000,,0,NONPI,,45996,45999,,46006,,JJ5633,陈昊锴
J001090,602068965,生效,九富保险服务有限公司,代理人业务,天领业务,天领机构,天领重庆,Starry,雷蕾,香港永明金融有限公司,重疾,万家康尊尚保-福宝保,20,年缴,美金,1848,14414.4,14414.4,150000,0,NONPI,,45996,45999,,46008,,JJ5633,陈昊锴
U000754,611227372,生效,众和恒富理财集团有限公司,经代业务,永明经代,持牌经纪,企鹅保险,企鹅保险,企鹅保险,香港永明金融有限公司,储蓄,万年青·星河传承保险计划II,5,年缴,美金,10000,78000,78000,,0,NONPI,,46000,46002,46003,46009,姜通,JH9602,余文茜
U000767,611227342,生效,众和恒富理财集团有限公司,经代业务,永明经代,持牌经纪,企鹅保险,企鹅保险,企鹅保险,香港永明金融有限公司,储蓄,万年青·星河尊享保险计划II,2,预缴,美金,100000,780000,780000,,0,NONPI,,46002,46004,46006,46009,姜通,JK6768,林小莎
D002061,8123327291,生效,怡泰财富管理有限公司,代理人业务,天领业务,天领贴牌,广西贴牌,广西锐领,刘仲坚,中国人寿保险（海外）股份有限公司（香港）,储蓄,傲珑盛世储蓄保险计划,2,年缴,美金,10000,78000,78000,,0,NONPI,,46003,46008,,46021,,JF2281,赖晔敏
J001109,602069019,生效,九富保险服务有限公司,经代业务,永明经代,持牌经纪,卓樾会,卓樾会,卓樾会,香港永明金融有限公司,储蓄,万年青·星河尊享保险计划II,2,预缴,美金,75000,585000,585000,,0,NONPI,,46002,46002,46006,46022,姜通,JJ8674,许家乐
U000777,611221198,生效,众和恒富理财集团有限公司,经代业务,永明经代,持牌经纪,企鹅保险,企鹅保险,企鹅保险,香港永明金融有限公司,储蓄,万年青·星河尊享保险计划II,2,预缴,美金,50000,390000,390000,,0,NONPI,,46004,46006,46006,46022,姜通,JH9602,余文茜
D002074,8123327418,生效,怡泰财富管理有限公司,代理人业务,天领业务,天领贴牌,广西贴牌,广西锐领,刘仲坚,中国人寿保险（海外）股份有限公司（香港）,储蓄,傲珑盛世储蓄保险计划,2,预缴,美金,25000,195000,195000,50000,0,NONPI,,46006,46008,46008,46021,,JF2281,赖晔敏
J001122,602069026,生效,九富保险服务有限公司,经代业务,永明经代,持牌经纪,卓樾会,卓樾会,卓樾会,香港永明金融有限公司,储蓄,万年青·星河尊享保险计划II,2,预缴,美金,37500,292500,292500,,0,NONPI,,46004,46006,46006,46022,姜通,JJ8674,许家乐
J000622,601994466,取消投保,九富保险服务有限公司,KA业务,合伙转介业务,同行机构转介,懿丰家族,FO,Henry,香港永明金融有限公司,储蓄,万年青星河传承计划,5,预缴,美金,100000,780000,780000,,0,NONPI,申请保司折扣优惠,45660,45660,45660,,,JF7605,林思思
J000624,601994434,取消投保,九富保险服务有限公司,代理人业务,天领业务,天领机构,天领重庆,鼎汇,皮磊,香港永明金融有限公司,储蓄,万年青星河传承计划,5,预缴,美金,60000,468000,468000,,0,NONPI,申请保司折扣优惠,45664,45665,45694,,,JF6047,林冠丞
D001195,611194429,取消投保,怡泰财富管理有限公司,代理人业务,成事家办,IYB分公司,杨璐熙,机构,杨璐熙,香港永明金融有限公司,储蓄,万年青星河传承计划,5,年缴,美金,10000,78000,78000,,0,NONPI,,45664,45666,45667,,,JH6936,余迪慷
J000638,601994435,取消投保,九富保险服务有限公司,代理人业务,天领业务,天领机构,天领重庆,鼎汇,皮磊,香港永明金融有限公司,储蓄,万年青星河传承计划,5,预缴,美金,80000,624000,624000,,0,NONPI,申请保司折扣优惠,45664,45665,45694,,,JF6047,林冠丞
D001210,8122888686,取消投保,怡泰财富管理有限公司,代理人业务,天领业务,天领机构,天领重庆,鼎汇,卢诗敔,中国人寿保险（海外）股份有限公司（香港）,储蓄,傲珑创富储蓄保险计划,2,预缴,美金,10000,78000,78000,,0,NONPI,,45670,45677,45677,,,JF7523,吕静文
J000629,601994431,取消投保,九富保险服务有限公司,KA业务,合伙转介业务,同行机构转介,懿丰家族,FO,Henry,香港永明金融有限公司,储蓄,万年青星河传承计划,5,预缴,美金,100000,780000,780000,,0,NONPI,申请保司折扣优惠,45670,45670,45674,,,JF6047,林冠丞
D001213,,取消投保,Manulife 宏利 (澳门),KA业务,合伙转介业务,同行机构转介,天行,机构,杨璐熙,澳门宏利,储蓄,环球货币保障计划,5,年缴,美金,10000,78000,78000,,0,NONPI,,45671,45672,,#CALC!,,JH6936,余迪慷
D001242,611195318,取消投保,怡泰财富管理有限公司,经代业务,BK业务,银行网点,民生银行,梁驹,民生香港,香港永明金融有限公司,储蓄,万年青·卓金计划,5,年缴,美金,50000,390000,390000,250000,0,NONPI,59%,45674,45674,,,,JH6936,余迪慷
J000631,601994446,取消投保,九富保险服务有限公司,代理人业务,天领业务,天领机构,天领成都,致合,李晓珂,香港永明金融有限公司,储蓄,万年青星河尊享计划,2,预缴,美金,25000,195000,195000,,0,NONPI,,45677,45679,45681,,,JF6047,林冠丞
D001228,611194468,取消投保,怡泰财富管理有限公司,代理人业务,成事家办,IYB分公司,杨帆,机构,杨帆,香港永明金融有限公司,储蓄,万年青星河尊享计划,5,预缴,美金,10000,78000,78000,,0,NONPI,,45691,45692,45693,,,JF2281,赖晔敏
D001229,611194469,取消投保,怡泰财富管理有限公司,代理人业务,成事家办,IYB分公司,杨帆,机构,杨帆,香港永明金融有限公司,储蓄,万年青星河尊享计划,5,预缴,美金,10000,78000,78000,,0,NONPI,,45691,45692,45693,,,JF2281,赖晔敏
D001230,611193882,取消投保,怡泰财富管理有限公司,代理人业务,成事家办,IYB分公司,杨帆,机构,杨帆,香港永明金融有限公司,储蓄,万年青星河尊享计划,5,预缴,美金,10000,78000,78000,,0,NONPI,,45692,45692,45693,,,JF2281,赖晔敏
D001268,,取消投保,Manulife 宏利 (澳门),KA业务,合伙转介业务,同行机构转介,天行,Win,陈元龙,澳门宏利,储蓄,环球货币保障计划,2,年缴,美金,30000,234000,234000,,0,NONPI,,45698,45700,,#CALC!,,JF7523,吕静文
J000636,601994467,取消投保,九富保险服务有限公司,KA业务,合伙转介业务,同行机构转介,懿丰家族,FO,Henry,香港永明金融有限公司,储蓄,万年青星河传承计划,5,预缴,美金,50000,390000,390000,,0,NONPI,申请保司折扣优惠,45698,45698,45700,,,JF7605,林思思
J000640,601994472,取消投保,九富保险服务有限公司,KA业务,合伙转介业务,同行机构转介,懿丰家族,FO,Henry,香港永明金融有限公司,储蓄,万年青星河尊享计划,2,预缴,美金,150000,1170000,1170000,,0,NONPI,,45698,45698,45700,,,JF7605,林思思
D001271,611195276,取消投保,怡泰财富管理有限公司,KA业务,ICLUB业务,异业机构转介,银科,机构,银科,香港永明金融有限公司,储蓄,万年青星河传承计划,5,年缴,美金,5500,42900,42900,,0,NONPI,,45699,45707,45709,,,JH6936,余迪慷
D001272,611195270,取消投保,怡泰财富管理有限公司,KA业务,ICLUB业务,异业机构转介,银科,机构,银科,香港永明金融有限公司,储蓄,万年青星河传承计划,5,年缴,美金,5500,42900,42900,,0,NONPI,,45699,45707,45709,,,JF2281,赖晔敏
D001273,611195279,取消投保,怡泰财富管理有限公司,KA业务,ICLUB业务,异业机构转介,银科,机构,银科,香港永明金融有限公司,储蓄,万年青星河传承计划,5,年缴,美金,5500,42900,42900,,0,NONPI,,45699,45707,45709,,,JH6936,余迪慷
D001274,611195254,取消投保,怡泰财富管理有限公司,KA业务,ICLUB业务,异业机构转介,银科,机构,银科,香港永明金融有限公司,储蓄,万年青星河传承计划,5,年缴,美金,5500,42900,42900,,0,NONPI,,45699,45707,45709,,,JF2281,赖晔敏
D001248,611195336,取消投保,怡泰财富管理有限公司,经代业务,BK业务,银行网点,民生银行,,民生温州,香港永明金融有限公司,储蓄,万年青·卓金计划,5,年缴,美金,50000,390000,390000,250000,0,NONPI,20%,45701,45705,45728,,,JF9727,杨荔茜
D001250,611195298,取消投保,怡泰财富管理有限公司,经代业务,BK业务,银行网点,民生银行,,民生合肥,香港永明金融有限公司,储蓄,万年青·卓金计划,5,年缴,美金,100000,780000,780000,500000,0,NONPI,20%,45701,45705,45706,,,IA6464,连亮晴
D001290,505-9298975,取消投保,怡泰财富管理有限公司,代理人业务,天领业务,天领机构,天领重庆,Miracle,赵守娟,香港安盛保险有限公司,储蓄,盛利储蓄计划,2,预缴,美金,50000.02,390000.156,390000.156,,0,NONPI,,45706,45707,45708,,,JF2281,赖晔敏
D001262,611195629,取消投保,怡泰财富管理有限公司,经代业务,BK业务,银行网点,民生银行,,民生北京,香港永明金融有限公司,储蓄,万年青·卓金计划,5,年缴,美金,100000,780000,780000,500000,0,NONPI,20%,45708,45709,45713,,,JH6936,余迪慷
D001263,611195628,取消投保,怡泰财富管理有限公司,经代业务,BK业务,银行网点,民生银行,,民生北京,香港永明金融有限公司,储蓄,万年青·卓金计划,5,年缴,美金,100000,780000,780000,500000,0,NONPI,20%,45708,45709,45713,,,JH6936,余迪慷
J000656,601994473,取消投保,九富保险服务有限公司,KA业务,合伙转介业务,同行机构转介,懿丰家族,FO,Henry,香港永明金融有限公司,储蓄,万年青星河传承计划,5,预缴,美金,50000,390000,390000,,0,NONPI,申请保司折扣优惠,45708,45708,45709,,,JF7605,林思思
D001310,8122950977,取消投保,怡泰财富管理有限公司,代理人业务,天领业务,天领机构,天领重庆,Global  District,王怡凝,中国人寿保险（海外）股份有限公司（香港）,储蓄,傲珑创富储蓄保险计划,2,年缴,美金,15000,117000,117000,,0,NONPI,,45712,45716,45716,,,JF7523,吕静文
Z000008,G684430643,生效,置富理财(香港)有限公司,代理人业务,天领业务,天领机构,天领成都,致合,余镜屹,友邦保险（国际）有限公司,储蓄,盈御多元货币计划3,10,年缴,美金,15000,117000,117000,,0,NONPI,,45712,45730,,,,,
J000659,601994498,取消投保,九富保险服务有限公司,代理人业务,天领业务,天领机构,天领重庆,Global  District,王怡凝,香港永明金融有限公司,储蓄,万年青星河尊享计划,5,年缴,美金,4250,33150,33150,,0,NONPI,,45712,45715,45716,,,JJ3840,温海伦
D001322,611195568,取消投保,怡泰财富管理有限公司,经代业务,同行经代,持牌资管,利泰丰,员工,马君健,香港永明金融有限公司,储蓄,永盈储蓄计划,1,整付,美金,3800000,29640000,2964000,,1,NONPI,,45714,45715,45738,,,JF2281,赖晔敏
Z000009,G684405872,搁置受保,置富理财(香港)有限公司,KA业务,合伙转介业务,同行个人转介,个人转介,,徐学庆,友邦保险（国际）有限公司,重疾,爱伴航,18,年缴,美金,4924.5,38411.1,38411.1,150000,0,NONPI,,45714,45719,,,,,
J000661,988535468,取消投保,九富保险服务有限公司,KA业务,合伙转介业务,同行机构转介,懿丰家族,FO,Henry,香港永明金融有限公司,医疗,永明满心医疗保,53,年缴,美金,1664,12979.2,12979.2,,0,NONPI,,45715,45715,45745,,,JF7605,林思思
D001327,511022336,取消投保,怡泰财富管理有限公司,经代业务,同行经代,持牌资管,利泰丰,员工,李竞超,香港永明金融有限公司,储蓄,永耀万用寿险,1,整付,美金,3000000,23400000,2340000,,1,NONPI,0.01,45715,45716,45736,,,JF2281,赖晔敏
D001328,611195293,取消投保,怡泰财富管理有限公司,经代业务,BK业务,银行网点,民生银行,,民生北京,香港永明金融有限公司,储蓄,万年青·卓金计划,5,年缴,美金,50000,390000,390000,250000,0,NONPI,20%,45718,45719,45720,,,IA6464,连亮晴
J000662,601994458,取消投保,九富保险服务有限公司,KA业务,合伙转介业务,同行机构转介,懿丰家族,FO,Henry,香港永明金融有限公司,储蓄,万年青星河传承计划,5,预缴,美金,50000,390000,390000,,0,NONPI,申请保司折扣优惠,45716,45717,45719,,,JF6047,林冠丞
D001333,611194446,取消投保,怡泰财富管理有限公司,代理人业务,成事家办,IYB分公司,杨帆,机构,杨帆,香港永明金融有限公司,储蓄,万年青星河传承计划,5,预缴,美金,100000,780000,780000,,0,NONPI,,45720,45729,45729,,,JF2281,赖晔敏
FU000011,191100966,取消投保,泰溢国际有限公司,KA业务,合伙转介业务,持牌转介,总部职能,总部职能,王钟轶,中国人寿保险（海外）股份有限公司（香港）,重疾,爱相随传承储蓄计划,2,年缴,美金,50000,390000,390000,,0,NONPI,,45726,45727,45727,,,JG2017,黄健铭
J000680,,取消投保,Manulife 宏利 (澳门),KA业务,合伙转介业务,同行机构转介,天行,总部职能,林思思,澳门宏利,储蓄,环球货币保障计划,20,年缴,美金,1911,14905.8,14905.8,100000,0,NONPI,,45730,45735,,#CALC!,,JF6047,林冠丞
D001357,611195302,取消投保,怡泰财富管理有限公司,代理人业务,成事家办,IYB分公司,杨帆,机构,杨帆,香港永明金融有限公司,储蓄,万年青星河尊享计划,5,预缴,美金,10000,78000,78000,,0,NONPI,,45733,45737,45737,,,JF2281,赖晔敏
J000686,601994494,取消投保,九富保险服务有限公司,KA业务,合伙转介业务,同行机构转介,懿丰家族,FO,Henry,香港永明金融有限公司,储蓄,万年青星河传承计划,5,预缴,美金,200000,1560000,1560000,,0,NONPI,申请保司折扣优惠,45735,45735,45744,,,JF7605,林思思
J000687,601994497,取消投保,九富保险服务有限公司,KA业务,合伙转介业务,同行机构转介,懿丰家族,FO,Henry,香港永明金融有限公司,储蓄,万年青星河传承计划,5,预缴,美金,200000,1560000,1560000,,0,NONPI,申请保司折扣优惠,45735,45735,45738,,,JF7605,林思思
D001359,611195327,取消投保,怡泰财富管理有限公司,经代业务,BK业务,银行网点,民生银行,,民生杭州,香港永明金融有限公司,储蓄,万年青·卓金计划,5,年缴,美金,100000,780000,780000,500000,0,NONPI,20%,45735,45740,45741,,,IA6464,连亮晴
J000690,602068553,取消投保,九富保险服务有限公司,代理人业务,天领业务,天领机构,天领成都,泰睿锦,张志明,香港永明金融有限公司,储蓄,万年青星河尊享计划,5,年缴,美金,20000,156000,156000,,0,NONPI,,45735,45741,45742,,,JF6047,林冠丞
J000694,601994459,取消投保,九富保险服务有限公司,代理人业务,天领业务,天领机构,天领重庆,Miracle,兰梦洁,香港永明金融有限公司,储蓄,万年青星河尊享计划,5,年缴,美金,50000,390000,390000,,0,NONPI,,45734,45734,45764,,,JF6047,林冠丞
D001371,,取消投保,Manulife 宏利 (澳门),KA业务,合伙转介业务,同行机构转介,天行,,民生合肥,澳门宏利,储蓄,环球货币保障计划,5,年缴,美金,50000,390000,390000,250000,0,NONPI,20%,45736,45740,,#CALC!,,JH6936,余迪慷
L000094,92388177,取消投保,利泰丰财富管理有限公司,代理人业务,天领业务,天领机构,天领重庆,鼎汇,吴迪,万通保险国际有限公司,储蓄,富饶千秋储蓄计划,2,预缴,美金,35000,273000,273000,,0,NONPI,,45740,45741,45742,,,JJ5633,陈昊锴
D001384,,取消投保,Manulife 宏利 (澳门),KA业务,合伙转介业务,同行机构转介,天行,鼎汇,皮磊,澳门宏利,储蓄,环球货币保障计划,2,年缴,美金,20000,156000,156000,,0,NONPI,,45740,45741,,#CALC!,,JH6936,余迪慷
J000696,602068506,生效,九富保险服务有限公司,代理人业务,天领业务,天领机构,天领重庆,聚忻,王凯,香港永明金融有限公司,储蓄,万年青星河尊享计划,5,年缴,美金,30000,234000,234000,,0,NONPI,,45740,45741,45742,,,JF7605,林思思
D001396,611195652,取消投保,怡泰财富管理有限公司,经代业务,BK业务,银行网点,民生银行,张江支行,民生上海,香港永明金融有限公司,储蓄,万年青·卓金计划,5,年缴,美金,50000,390000,390000,250000,0,NONPI,20%,45742,45744,45744,,,JH6936,余迪慷
D001412,611195558,取消投保,怡泰财富管理有限公司,经代业务,同行经代,持牌资管,松石保险,Pinerock,松石保险,香港永明金融有限公司,储蓄,万年青星河尊享计划,5,年缴,美金,100000,780000,780000,,0,NONPI,,45755,45756,45757,,Mark,JH6936,余迪慷
D001415,8123034003,取消投保,怡泰财富管理有限公司,代理人业务,天领业务,天领机构,天领重庆,鼎汇,刘华琼,中国人寿保险（海外）股份有限公司（香港）,储蓄,傲珑创富储蓄保险计划,2,预缴,美金,25000,195000,195000,,0,NONPI,,45757,45757,45757,,,JF2281,赖晔敏
FU000013,8123033568,取消投保,泰溢国际有限公司,KA业务,合伙转介业务,同行个人转介,个人转介,,桑子牛,中国人寿保险（海外）股份有限公司（香港）,储蓄,智裕世代多元货币保险计划(卓越),5,年缴,美金,153031,1193641.8,1193641.8,,0,NONPI,,45756,45756,45756,,,JG2017,黄健铭
J000709,602068511,取消投保,九富保险服务有限公司,代理人业务,天领业务,天领机构,天领重庆,鼎汇,刘华琼,香港永明金融有限公司,储蓄,万年青星河尊享计划,5,预缴,美金,10000,78000,78000,,0,NONPI,,45758,45756,45757,,,JF6047,林冠丞
J000710,602068512,取消投保,九富保险服务有限公司,KA业务,合伙转介业务,同行机构转介,懿丰家族,FO,Henry,香港永明金融有限公司,储蓄,万年青星河传承计划,5,预缴,美金,500000,3900000,3900000,,0,NONPI,,45758,45758,,,,JF7605,林思思
D001424,611195534,取消投保,怡泰财富管理有限公司,KA业务,ICLUB业务,异业机构转介,个人转介,理财师,虞斌,香港永明金融有限公司,储蓄,万年青星河尊享计划,5,年缴,美金,10000,78000,78000,,0,NONPI,,45763,45770,45770,,,JH6936,余迪慷
D001433,,取消投保,Manulife 宏利 (澳门),KA业务,合伙转介业务,同行机构转介,天行,,民生北京,澳门宏利,储蓄,环球货币保障计划,5,,,,,,,0,NONPI,20%,45769,45770,,#CALC!,,JF9727,杨荔茜
J000717,602068516,搁置受保,九富保险服务有限公司,代理人业务,天领业务,天领机构,天领成都,致合,罗艳艳,香港永明金融有限公司,人寿,永延保障计划,12,年缴,美金,19370,151086,151086,650000,0,NONPI,,45770,45779,45783,,,JF7605,林思思
J000719,601994556,取消投保,九富保险服务有限公司,KA业务,合伙转介业务,同行机构转介,德约,江苏分公司,陈红娣,香港永明金融有限公司,重疾,万家康尊尚保,20,年缴,美金,1696,13228.8,13228.8,100000,0,NONPI,,45772,45776,45779,,,JF7605,林思思
Y000041,8201078820,取消投保,盈富理财顾问有限公司,KA业务,ICLUB业务,异业机构转介,熠晟,机构,"SHINE FAMILY OFFICE CO., LIMITED",中国人寿保险（海外）股份有限公司（澳门）,储蓄,智裕世代多元货币保险计划(卓越),5,预缴,美金,10000,78000,78000,,0,NONPI,,45779,45785,,,,,
J000724,601994557,取消投保,九富保险服务有限公司,代理人业务,天领业务,天领贴牌,广西贴牌,广西锐领,罗莉,香港永明金融有限公司,储蓄,万年青星河尊享计划,5,预缴,美金,10000,78000,78000,,0,NONPI,,45784,45785,45786,,,JF6047,林冠丞
J000725,601994558,取消投保,九富保险服务有限公司,代理人业务,天领业务,天领贴牌,广西贴牌,广西锐领,马娇,香港永明金融有限公司,储蓄,万年青星河尊享计划,2,年缴,美金,20000,156000,156000,,0,NONPI,,45784,45785,45786,,,JF6047,林冠丞
L000098,92648640,取消投保,利泰丰财富管理有限公司,代理人业务,天领业务,天领机构,天领重庆,鼎汇,刘华琼,万通保险国际有限公司,储蓄,富饶千秋储蓄计划,5,年缴,美金,10000,78000,78000,,0,NONPI,,45785,45792,45793,,,JJ5633,陈昊锴
J000730,,取消投保,Manulife 宏利 (澳门),KA业务,合伙转介业务,同行机构转介,天行,Miracle,程琦,澳门宏利,储蓄,环球货币保障计划,5,预缴,美金,20000,156000,156000,,0,NONPI,,45787,45789,,#CALC!,,JJ3840,温海伦
D001456,611203297,取消投保,怡泰财富管理有限公司,经代业务,BK业务,银行网点,民生银行,,民生重庆,香港永明金融有限公司,人寿,永延保障计划,6,年缴,美金,4942.5,38551.5,38551.5,150000,0,NONPI,,45789,45789,,,,JF9727,杨荔茜
D001457,,取消投保,Manulife 宏利 (澳门),KA业务,合伙转介业务,同行机构转介,天行,,民生重庆,澳门宏利,储蓄,环球货币保障计划,6,年缴,美金,9075,70785,70785,300000,0,NONPI,,45789,45789,,#CALC!,,JF9727,杨荔茜
D001468,611194442,取消投保,怡泰财富管理有限公司,代理人业务,成事家办,IYB分公司,杨璐熙,,杨璐熙,香港永明金融有限公司,储蓄,万年青星河尊享计划,5,年缴,美金,20000,156000,156000,,0,NONPI,,45793,45799,45818,,,JH6936,余迪慷
J000737,601994563,搁置受保,九富保险服务有限公司,代理人业务,天领业务,天领机构,天领重庆,聚忻,官令,香港永明金融有限公司,重疾,万家康卓越保,25,年缴,美金,3220.5,25119.9,25119.9,150000,0,NONPI,,45796,45800,45804,,,JF6047,林冠丞
D001477,505-9567601,搁置受保,怡泰财富管理有限公司,代理人业务,天领业务,天领机构,天领重庆,Win,陈元龙,香港安盛保险有限公司,重疾,爱唯守危疾保障,15,年缴,美金,2541.84,19826.352,19826.352,42000,0,NONPI,,45796,45800,45804,,,JH6936,余迪慷
FU000015,,取消投保,Manulife 宏利 (澳门),KA业务,合伙转介业务,同行机构转介,天行,总部职能,王钟轶,澳门宏利,储蓄,环球货币保障计划,2,年缴,美金,510000,3978000,3978000,,0,NONPI,,45796,45800,,#CALC!,,JJ9569,杜咏婷
D001487,505-9562636,取消投保,怡泰财富管理有限公司,KA业务,合伙转介业务,同行机构转介,德约,东莞分公司,王春红,香港安盛保险有限公司,储蓄,盛利储蓄计划,2,年缴,美金,150000,1170000,1170000,,0,NONPI,,45797,45799,45800,,,JF2281,赖晔敏
D001488,611203306,取消投保,怡泰财富管理有限公司,代理人业务,成事家办,IYB分公司,杨帆,,杨帆,香港永明金融有限公司,储蓄,万年青星河传承计划,5,年缴,美金,100000,780000,780000,,0,NONPI,,45797,45805,45806,,,JH6936,余迪慷
FF000067,CTB0027540,取消投保,富强天一财富管理有限公司,经代业务,同行经代,持牌资管,利泰丰,员工,汪诗莹,信诺环球保险公司,医疗,信诺尊尚360医疗保,终身,年缴,港币,23263,23263,23263,,0,NONPI,,45800,45800,45804,,,JF2281,赖晔敏
D001490,505-9567619,取消投保,怡泰财富管理有限公司,经代业务,同行经代,持牌资管,利泰丰,员工,汪诗莹,香港安盛保险有限公司,医疗,臻尚环球医疗保障,终身,年缴,港币,29260,29260,29260,,0,NONPI,,45800,45800,45804,,,JH6936,余迪慷
D001491,611208570,取消投保,怡泰财富管理有限公司,KA业务,ICLUB业务,异业机构转介,新风,机构,新风,香港永明金融有限公司,重疾,万家康卓越保,20,年缴,美金,2584,20155.2,20155.2,100000,0,NONPI,,45800,45831,45836,,,JF2281,赖晔敏
D001492,611195613,取消投保,怡泰财富管理有限公司,KA业务,ICLUB业务,异业机构转介,新风,机构,新风,香港永明金融有限公司,储蓄,万年青星河尊享计划,5,年缴,美金,5000,39000,39000,,0,NONPI,,45800,45831,45836,,,JF2281,赖晔敏
U000034,611203319,取消投保,众和恒富理财集团有限公司,KA业务,合伙转介业务,同行机构转介,兴泰家办,兴泰家办,兴泰家办,香港永明金融有限公司,储蓄,万年青星河传承计划,5,预缴,美金,50000,390000,390000,,0,NONPI,,45804,45813,45814,,,JJ1162,赖凯璇
L000104,92657364,取消投保,利泰丰财富管理有限公司,代理人业务,天领业务,天领机构,天领重庆,知予,董翔宇,万通保险国际有限公司,储蓄,富饶千秋储蓄计划,5,年缴,美金,5000,39000,39000,,0,NONPI,,45806,45815,45817,,,JJ5633,陈昊锴
J000758,602068604,取消投保,九富保险服务有限公司,代理人业务,天领业务,天领机构,天领重庆,知予,王娜,香港永明金融有限公司,储蓄,万年青星河尊享计划,5,年缴,美金,10000,78000,78000,,0,NONPI,,45806,45815,45814,,,JJ3840,温海伦
J000761,602068520,取消投保,九富保险服务有限公司,代理人业务,天领业务,天领机构,天领重庆,Miracle,赵守娟,香港永明金融有限公司,储蓄,万年青星河尊享计划,5,年缴,美金,20000,156000,156000,,0,NONPI,,45806,45815,45817,,,JF7605,林思思
D001506,611195591,取消投保,怡泰财富管理有限公司,经代业务,同行经代,持牌资管,松石保险,Pinerock,松石保险,香港永明金融有限公司,储蓄,万年青星河尊享计划,5,年缴,美金,50000,390000,390000,,0,NONPI,,45807,45810,,,Mark,JF2281,赖晔敏
D001514,611203371,搁置受保,怡泰财富管理有限公司,代理人业务,成事家办,IYB分公司,杨洪美,,杨洪美,香港永明金融有限公司,人寿,永延保障计划,20,年缴,美金,5730,44694,44694,500000,0,NONPI,,45810,45810,45814,,,JF7523,吕静文
J000762,602068603,取消投保,九富保险服务有限公司,代理人业务,天领业务,天领机构,天领重庆,Miracle,赵守娟,香港永明金融有限公司,储蓄,万年青星河尊享计划,5,年缴,美金,10000,78000,78000,,0,NONPI,,45808,45815,45814,,,JJ3840,温海伦
J000769,602068514,取消投保,九富保险服务有限公司,代理人业务,天领业务,天领机构,天领重庆,聚忻,韩露,香港永明金融有限公司,储蓄,万年青星河传承计划,5,预缴,美金,20000,156000,156000,,0,NONPI,,45813,45815,45817,,,JF7605,林思思
D001542,611195592,取消投保,怡泰财富管理有限公司,KA业务,IFA业务,异业机构转介,IFA,IFA,李璞,香港永明金融有限公司,储蓄,万年青星河尊享计划,5,预缴,美金,50000,390000,390000,,0,NONPI,20%,45814,45814,,,,JF2281,赖晔敏
U000052,611181948,取消投保,众和恒富理财集团有限公司,KA业务,IFA业务,异业机构转介,IFA,IFA,李璞,香港永明金融有限公司,储蓄,万年青星河传承计划,5,预缴,美金,50000,390000,390000,,0,NONPI,,45815,45816,45816,,,JH1915,刘婉莹
FF000070,1.00029E+11,取消投保,富强天一财富管理有限公司,代理人业务,天领业务,天领贴牌,武汉贴牌,武汉泽星,陈青,立桥人寿保险有限公司,储蓄,智选储蓄保（20年保障期）,20,整付,美金,100000,780000,78000,,0,NONPI,,45817,45820,45820,,,JF2281,赖晔敏
U000056,611208292,取消投保,众和恒富理财集团有限公司,KA业务,合伙转介业务,同行机构转介,宝了么,宝了么,张凯,香港永明金融有限公司,储蓄,万年青星河尊享计划,5,年缴,美金,100000,780000,780000,,0,NONPI,,45817,45825,45827,,,JH9602,余文茜
D001555,,取消投保,Manulife 宏利 (澳门),KA业务,合伙转介业务,同行机构转介,天行,,杨帆,澳门宏利,储蓄,环球货币保障计划,5,年缴,美金,150000,1170000,1170000,,0,NONPI,,45818,45820,,#CALC!,,JF7523,吕静文
J000777,601994576,取消投保,九富保险服务有限公司,代理人业务,天领业务,天领机构,天领重庆,知予,王娜,香港永明金融有限公司,储蓄,万年青星河尊享计划,5,年缴,美金,30000,234000,234000,,0,NONPI,,45818,45821,,,,JF6047,林冠丞
D001570,611195294,取消投保,怡泰财富管理有限公司,经代业务,BK业务,银行网点,民生银行,梁驹,民生香港,香港永明金融有限公司,储蓄,万年青·卓金计划,5,年缴,美金,50000,390000,390000,250000,0,NONPI,59%,45819,45819,45826,,,JH9449,李思齐
D001572,861001564,取消投保,怡泰财富管理有限公司,经代业务,BK业务,银行网点,民生银行,,民生郑州,香港永明金融有限公司,人寿,卓裕人寿系列II-50,10,年缴,美金,7695,60021,60021,500000,0,NONPI,,45819,45821,45835,,,JH6936,余迪慷
D001573,611208783,取消投保,怡泰财富管理有限公司,经代业务,BK业务,银行网点,民生银行,,民生郑州,香港永明金融有限公司,储蓄,万年青·卓金计划,5,年缴,美金,30000,234000,234000,150000,0,NONPI,20%,45819,45821,45824,,,JH6936,余迪慷
D001578,,取消投保,Manulife 宏利 (澳门),KA业务,合伙转介业务,同行机构转介,天行,梁驹,民生香港,澳门宏利,储蓄,环球货币保障计划,5,年缴,美金,50000,390000,390000,250000,0,NONPI,20%,45819,45820,,#CALC!,,JH6936,余迪慷
J000779,601994575,取消投保,九富保险服务有限公司,代理人业务,天领业务,天领机构,天领重庆,知予,王娜,香港永明金融有限公司,储蓄,万年青星河尊享计划,5,年缴,美金,30000,234000,234000,,0,NONPI,,45820,45821,45825,,,JF6047,林冠丞
J000780,9.00007E+11,取消投保,九富保险服务有限公司,KA业务,合伙转介业务,同行机构转介,宏骏财富,袁骏伟,李盈,周大福人寿保险有限公司,储蓄,匠心传承储蓄寿险计划2（尊尚版）,5,年缴,美金,30000,234000,234000,,0,NONPI,,45820,45824,45826,,,JJ8674,许家乐
D001602,861001566,取消投保,怡泰财富管理有限公司,经代业务,BK业务,银行网点,民生银行,,民生郑州,香港永明金融有限公司,人寿,卓裕人寿系列II-50,10,年缴,美金,7695,60021,60021,500000,0,NONPI,,45821,45821,45835,,,JH6936,余迪慷
D001604,611195602,取消投保,怡泰财富管理有限公司,KA业务,ICLUB业务,异业机构转介,新风,机构,新风,香港永明金融有限公司,储蓄,万年青星河尊享计划,5,年缴,美金,3000,23400,23400,,0,NONPI,,45822,45822,45824,,,JF2281,赖晔敏
D001612,,取消投保,Manulife 宏利 (澳门),KA业务,合伙转介业务,同行机构转介,天行,StellarNest,兰子薇,澳门宏利,储蓄,环球货币保障计划,2,年缴,美金,37500.1,292500.78,292500.78,,0,NONPI,,45824,45838,,#CALC!,,JH6936,余迪慷
D001615,505-9605666,取消投保,怡泰财富管理有限公司,KA业务,ICLUB业务,异业机构转介,个人转介,理财师,张锐,香港安盛保险有限公司,储蓄,盛利储蓄计划,2,预缴,美金,10000.07,78000.546,78000.546,,0,NONPI,,45824,45827,45828,,,JF2281,赖晔敏
U000077,611208232,取消投保,众和恒富理财集团有限公司,KA业务,合伙转介业务,同行机构转介,雨泽,雨泽,白博文,香港永明金融有限公司,储蓄,万年青星河尊享计划,5,年缴,美金,10000,78000,78000,,0,NONPI,,45824,45825,45826,,,JJ1162,赖凯璇
FF000074,,取消投保,Manulife 宏利 (澳门),KA业务,合伙转介业务,同行机构转介,天行,StellarNest,邹央,澳门宏利,储蓄,环球货币保障计划,20,整付,美金,87720,684216,68421.6,,0,NONPI,,45824,45835,,#CALC!,,JF2281,赖晔敏
U000084,611208231,取消投保,众和恒富理财集团有限公司,KA业务,ICLUB业务,异业机构转介,个人转介,理财师,张锐,香港永明金融有限公司,储蓄,万年青星河尊享计划,5,年缴,美金,10000,78000,78000,,0,NONPI,,45824,45827,45845,,,JJ4989,罗雨竹
U000086,611208223,取消投保,众和恒富理财集团有限公司,KA业务,ICLUB业务,异业机构转介,个人转介,理财师,张锐,香港永明金融有限公司,储蓄,万年青星河尊享计划,5,年缴,美金,30000,234000,234000,,0,NONPI,,45824,45827,45827,,,JJ1162,赖凯璇
D001626,611195610,取消投保,怡泰财富管理有限公司,代理人业务,成事家办,IYB分公司,丁洁,,丁洁,香港永明金融有限公司,储蓄,万年青星河尊享计划,5,年缴,美金,4000,31200,31200,,0,NONPI,,45825,45828,,,,JF2281,赖晔敏
U000088,611208229,取消投保,众和恒富理财集团有限公司,KA业务,合伙转介业务,同行机构转介,宝了么,宝了么,赢涂科技,香港永明金融有限公司,储蓄,万年青星河尊享计划,2,预缴,美金,50000,390000,390000,,0,NONPI,,45825,45826,45827,,,JJ4989,罗雨竹
D001630,,取消投保,Manulife 宏利 (澳门),KA业务,合伙转介业务,同行机构转介,天行,,杨璐熙,澳门宏利,储蓄,环球货币保障计划,2,年缴,美金,50000,390000,390000,,0,NONPI,,45825,45833,,#CALC!,,JF2281,赖晔敏
D001632,611203382,取消投保,怡泰财富管理有限公司,代理人业务,成事家办,IYB分公司,杨璐熙,,杨璐熙,香港永明金融有限公司,储蓄,万年青星河尊享计划,5,预缴,美金,30000,234000,234000,,0,NONPI,,45825,45833,45836,,,JF2281,赖晔敏
U000090,611208334,取消投保,众和恒富理财集团有限公司,KA业务,合伙转介业务,同行机构转介,兴泰家办,兴泰家办,兴泰家办,香港永明金融有限公司,储蓄,万年青星河传承计划,5,年缴,美金,20000,156000,156000,,0,NONPI,,45825,45834,45836,,,JJ1162,赖凯璇
U000092,,取消投保,Manulife 宏利 (澳门),KA业务,合伙转介业务,同行机构转介,天行,宝了么,七只小鹿,澳门宏利,储蓄,环球货币保障计划,5,年缴,美金,10000,78000,78000,,0,NONPI,,45825,45833,45833,#CALC!,,JJ1162,赖凯璇
D001634,611208774,取消投保,怡泰财富管理有限公司,代理人业务,成事家办,IYB分公司,杨帆,,杨帆,香港永明金融有限公司,储蓄,万年青星河尊享计划,5,年缴,人民币,100000,114000,114000,,0,NONPI,,45825,45826,,,,JH6936,余迪慷
D001635,611195609,取消投保,怡泰财富管理有限公司,KA业务,合伙转介业务,同行机构转介,加利利,加利利,加利利,香港永明金融有限公司,储蓄,万年青星河尊享计划,2,年缴,美金,150000,1170000,1170000,,0,NONPI,,45826,45828,45840,,,IA6464,连亮晴
U000096,611208337,取消投保,众和恒富理财集团有限公司,KA业务,ICLUB业务,异业机构转介,个人转介,理财师,黄峰,香港永明金融有限公司,储蓄,万年青星河传承计划,5,年缴,美金,10000,78000,78000,,0,NONPI,,45826,45831,45832,,,JJ1162,赖凯璇
U000097,611208330,取消投保,众和恒富理财集团有限公司,KA业务,合伙转介业务,同行机构转介,宝了么,宝了么,七只小鹿,香港永明金融有限公司,储蓄,万年青星河尊享计划,5,预缴,美金,50000,390000,390000,,0,NONPI,10%,45826,45832,45835,,,JJ1162,赖凯璇
D001641,611208249,取消投保,怡泰财富管理有限公司,代理人业务,成事家办,IYB分公司,杨璐熙,,杨璐熙,香港永明金融有限公司,储蓄,万年青星河传承计划,5,年缴,美金,10000,78000,78000,,0,NONPI,,45826,45833,45834,,,JF2281,赖晔敏
D001642,611208672,取消投保,怡泰财富管理有限公司,代理人业务,成事家办,IYB分公司,杨帆,,杨帆,香港永明金融有限公司,储蓄,万年青星河传承计划,5,年缴,美金,100000,780000,780000,,0,NONPI,,45826,45828,,,,JF2281,赖晔敏
J000799,601994554,取消投保,九富保险服务有限公司,代理人业务,成事家办,IYB分公司,杨帆,,杨帆,香港永明金融有限公司,储蓄,万年青星河尊享计划,5,年缴,美金,50000,390000,390000,,0,NONPI,,45827,45831,45835,,,JF6047,林冠丞
U000106,611208332,取消投保,众和恒富理财集团有限公司,KA业务,合伙转介业务,异业机构转介,荻邦咨询,优智荻邦,周迪,香港永明金融有限公司,储蓄,万年青星河尊享计划,5,年缴,美金,50000,390000,390000,,0,NONPI,,45827,45832,45835,,,JJ1162,赖凯璇
D001648,611208799,取消投保,怡泰财富管理有限公司,经代业务,BK业务,银行网点,民生银行,,民生温州,香港永明金融有限公司,储蓄,万年青·卓金计划,5,年缴,美金,50000,390000,390000,250000,0,NONPI,20%,45827,45827,,,,JH9449,李思齐
D001649,611208800,取消投保,怡泰财富管理有限公司,经代业务,BK业务,银行网点,民生银行,,民生温州,香港永明金融有限公司,储蓄,万年青·卓金计划,5,年缴,美金,50000,390000,390000,250000,0,NONPI,20%,45827,45827,45828,,,IA6464,连亮晴
D001650,611208269,取消投保,怡泰财富管理有限公司,经代业务,同行经代,持牌资管,松石保险,Pinerock,松石保险,香港永明金融有限公司,储蓄,万年青星河尊享计划,2,预缴,美金,25000,195000,195000,,0,NONPI,,45828,45828,45831,,Mark,JF7523,吕静文
D001651,611208270,取消投保,怡泰财富管理有限公司,经代业务,同行经代,持牌资管,松石保险,Pinerock,松石保险,香港永明金融有限公司,储蓄,万年青星河尊享计划,2,预缴,美金,25000,195000,195000,,0,NONPI,,45828,45828,45831,,Mark,JF7523,吕静文
D001652,611208266,取消投保,怡泰财富管理有限公司,经代业务,同行经代,持牌资管,松石保险,Pinerock,松石保险,香港永明金融有限公司,储蓄,万年青星河尊享计划,5,预缴,美金,15000,117000,117000,,0,NONPI,,45828,45828,45831,,Mark,JF7523,吕静文
U000119,611208340,取消投保,众和恒富理财集团有限公司,KA业务,合伙转介业务,同行机构转介,雨泽,雨泽,白博文,香港永明金融有限公司,储蓄,万年青星河尊享计划,5,年缴,美金,5000,39000,39000,,0,NONPI,,45828,45833,45836,,,JJ1162,赖凯璇
D001662,,取消投保,Manulife 宏利 (澳门),KA业务,合伙转介业务,同行机构转介,天行,,杨帆,澳门宏利,储蓄,环球货币保障计划,5,年缴,美金,50000,390000,390000,,0,NONPI,,45828,45833,,#CALC!,,JH6936,余迪慷
D001663,611208820,取消投保,怡泰财富管理有限公司,KA业务,ICLUB业务,异业机构转介,保险师,机构,保险师,香港永明金融有限公司,储蓄,万年青星河尊享计划,5,预缴,美金,100000,780000,780000,,0,NONPI,,45828,45836,45838,,,JF7523,吕静文
D001665,,取消投保,Manulife 宏利 (澳门),KA业务,合伙转介业务,同行机构转介,天行,机构,新风,澳门宏利,储蓄,环球货币保障计划,,,,,,,,0,NONPI,,45828,45829,,#CALC!,,JF2281,赖晔敏
U000128,611208326,取消投保,众和恒富理财集团有限公司,KA业务,合伙转介业务,同行机构转介,兴泰家办,兴泰家办,兴泰家办,香港永明金融有限公司,储蓄,万年青星河传承计划,5,预缴,美金,50000,390000,390000,,0,NONPI,,45829,45833,45837,,,JJ1162,赖凯璇
U000130,611208525,取消投保,众和恒富理财集团有限公司,KA业务,合伙转介业务,同行机构转介,宝了么,宝了么,QINGTENG,香港永明金融有限公司,储蓄,万年青星河尊享计划,5,年缴,美金,200000,1560000,1560000,,0,NONPI,,45829,45832,45846,,,JH9602,余文茜
J000812,602068654,取消投保,九富保险服务有限公司,KA业务,合伙转介业务,同行机构转介,德约,,石德军,香港永明金融有限公司,储蓄,万年青星河尊享计划,2,预缴,美金,20000,156000,156000,,0,NONPI,,45830,45832,45835,,,JF7605,林思思
D001688,,取消投保,Manulife 宏利 (澳门),KA业务,合伙转介业务,同行机构转介,天行,,杨璐熙,澳门宏利,储蓄,环球货币保障计划,5,年缴,美金,10000,78000,78000,,0,NONPI,,45831,45832,,#CALC!,,JF9727,杨荔茜
D001693,611208676,取消投保,怡泰财富管理有限公司,经代业务,BK业务,银行网点,民生银行,,民生北京,香港永明金融有限公司,储蓄,万年青·卓金计划,5,年缴,美金,50000,390000,390000,250000,0,NONPI,20%,45831,45838,,,,IA6464,连亮晴
L000117,92806337,取消投保,利泰丰财富管理有限公司,代理人业务,天领业务,天领机构,天领重庆,鼎汇,卢诗敔,万通保险国际有限公司,重疾,万通危疾加护保(优越版),20,年缴,美金,1906.1,14867.58,14867.58,,0,NONPI,,45831,45833,45834,,,JJ5633,陈昊锴
D001698,611208670,取消投保,怡泰财富管理有限公司,代理人业务,成事家办,IYB分公司,杨帆,,杨帆,香港永明金融有限公司,储蓄,万年青星河尊享计划,5,预缴,美金,30000,234000,234000,,0,NONPI,,45832,45834,45836,,,JF2281,赖晔敏
D001705,611195604,取消投保,怡泰财富管理有限公司,代理人业务,成事家办,IYB分公司,刘微,,刘微,香港永明金融有限公司,储蓄,万年青星河尊享计划,5,年缴,美金,10000,78000,78000,,0,NONPI,,45832,45836,45837,,,JF2281,赖晔敏
D001706,611203389,取消投保,怡泰财富管理有限公司,经代业务,BK业务,银行网点,民生银行,,民生北京,香港永明金融有限公司,储蓄,万年青·卓金计划,5,年缴,美金,60000,468000,468000,300000,0,NONPI,20%,45832,45835,45841,,,IA6464,连亮晴
D001717,611208696,取消投保,怡泰财富管理有限公司,经代业务,BK业务,银行网点,平安银行,高洋洋,平安香港,香港永明金融有限公司,储蓄,永誉传承储蓄计划,1,整付,美金,1000000,7800000,780000,,1,NONPI,,45832,45832,45847,,,JF2281,赖晔敏
U000154,611208311,取消投保,众和恒富理财集团有限公司,KA业务,合伙转介业务,同行机构转介,宝了么,宝了么,七只小鹿,香港永明金融有限公司,储蓄,万年青星河尊享计划,5,预缴,美金,30000,234000,234000,,0,NONPI,,45832,45838,45845,,,JJ4989,罗雨竹
D001722,611195615,取消投保,怡泰财富管理有限公司,代理人业务,成事家办,IYB分公司,刘微,,刘微,香港永明金融有限公司,储蓄,万年青星河尊享计划,5,年缴,美金,10000,78000,78000,,0,NONPI,,45833,45836,45837,,,JF2281,赖晔敏
J000829,602068623,取消投保,九富保险服务有限公司,KA业务,合伙转介业务,同行机构转介,懿丰家族,FO,Henry,香港永明金融有限公司,储蓄,万年青星河传承计划,5,预缴,美金,50000,390000,390000,,0,NONPI,申请保司折扣优惠,45833,45833,45863,,,JJ8674,许家乐
U000166,611208306,取消投保,众和恒富理财集团有限公司,KA业务,合伙转介业务,同行个人转介,个人转介,袁骏伟,郑晓,香港永明金融有限公司,储蓄,万年青星河尊享计划,5,年缴,美金,100000,780000,780000,,0,NONPI,,45833,45836,45845,,,JJ4989,罗雨竹
U000168,611208190,取消投保,众和恒富理财集团有限公司,KA业务,合伙转介业务,同行机构转介,宝了么,宝了么,方俊凯,香港永明金融有限公司,储蓄,万年青星河尊享计划,5,预缴,美金,120000,936000,936000,,0,NONPI,,45833,45837,45841,,,JH9602,余文茜
J000831,602068659,取消投保,九富保险服务有限公司,代理人业务,天领业务,天领机构,天领成都,致合,蔡影,香港永明金融有限公司,储蓄,万年青星河尊享计划,5,预缴,美金,10000,78000,78000,50000,0,NONPI,,45833,45837,45838,,,JF7605,林思思
D001731,611208805,取消投保,怡泰财富管理有限公司,经代业务,BK业务,银行网点,民生银行,梁驹,民生香港,香港永明金融有限公司,储蓄,万年青·卓金计划,5,年缴,美金,50000,390000,390000,250000,0,NONPI,59%,45834,45834,45841,,,IA6464,连亮晴
D001745,611208830,取消投保,怡泰财富管理有限公司,KA业务,ICLUB业务,异业机构转介,保险师,机构,保险师,香港永明金融有限公司,储蓄,万年青星河尊享计划,5,预缴,美金,100000,780000,780000,,0,NONPI,,45834,45838,45842,,,JH6936,余迪慷
D001746,611195674,取消投保,怡泰财富管理有限公司,代理人业务,成事家办,IYB分公司,杨帆,,杨帆,香港永明金融有限公司,储蓄,万年青星河传承计划,5,年缴,美金,10000,78000,78000,,0,NONPI,,45835,45838,45840,,,JF9727,杨荔茜
D001754,611208824,取消投保,怡泰财富管理有限公司,代理人业务,成事家办,IYB分公司,杨帆,,杨帆,香港永明金融有限公司,储蓄,万年青星河尊享计划,5,年缴,美金,30000,234000,234000,,0,NONPI,,45835,45836,45838,,,JH6936,余迪慷
J000836,602068667,取消投保,九富保险服务有限公司,KA业务,合伙转介业务,同行机构转介,懿丰家族,FO,Henry,香港永明金融有限公司,储蓄,万年青星河传承计划,5,预缴,美金,50000,390000,390000,,0,NONPI,申请保司折扣优惠,45838,45838,45842,,,JF6047,林冠丞
U000174,611208554,搁置受保,众和恒富理财集团有限公司,KA业务,合伙转介业务,异业机构转介,荻邦咨询,张兰团队,曾小宇,香港永明金融有限公司,重疾,万家康尊尚保,10,年缴,美金,2712.32,21156.096,21156.096,,0,NONPI,,45838,45838,45863,,,JJ4989,罗雨竹
D001758,611203391,取消投保,怡泰财富管理有限公司,代理人业务,成事家办,IYB分公司,刘微,,刘微,香港永明金融有限公司,重疾,万家康卓越保,20,年缴,美金,1150,8970,8970,100000,0,NONPI,,45837,45837,45840,,,JF7523,吕静文
Z000019,G684865315,取消投保,置富理财(香港)有限公司,代理人业务,天领业务,天领机构,天领成都,玖晟,曾韩,友邦保险（国际）有限公司,重疾,爱伴航,30,年缴,美金,1115,8697,8697,100000,0,NONPI,,45840,45842,,,,,
U000175,611208253,取消投保,众和恒富理财集团有限公司,KA业务,合伙转介业务,同行机构转介,宝了么,宝了么,晚秋月,香港永明金融有限公司,储蓄,万年青星河尊享计划,5,年缴,美金,15000,117000,117000,,0,NONPI,,45833,45833,45845,,,JJ4989,罗雨竹
U000176,611208186,取消投保,众和恒富理财集团有限公司,KA业务,合伙转介业务,同行机构转介,雨泽,雨泽,白博文,香港永明金融有限公司,储蓄,万年青·星河尊享保险计划II,2,年缴,美金,50000,390000,390000,,0,NONPI,,45842,45842,45842,,,JH9602,余文茜
D001772,,取消投保,Manulife 宏利 (澳门),KA业务,合伙转介业务,同行机构转介,天行,,杨璐熙,澳门宏利,储蓄,环球货币保障计划,5,年缴,美金,100000,780000,780000,,0,NONPI,,45846,45847,,#CALC!,,JH6936,余迪慷
D001774,,取消投保,Manulife 宏利 (澳门),KA业务,合伙转介业务,同行机构转介,天行,,李竞超,澳门宏利,储蓄,环球货币保障计划,5,预缴,美金,50000,390000,390000,,0,NONPI,,45847,45855,,#CALC!,,JF2281,赖晔敏
D001775,988530333,取消投保,怡泰财富管理有限公司,经代业务,同行经代,持牌资管,利泰丰,,李竞超,香港永明金融有限公司,医疗,永明满心医疗保,终身,年缴,美金,1516,11824.8,11824.8,,0,NONPI,,45847,45855,45859,,,JF2281,赖晔敏
D001776,611208689,取消投保,怡泰财富管理有限公司,经代业务,同行经代,持牌资管,利泰丰,,李竞超,香港永明金融有限公司,重疾,万家康尊尚保,25,年缴,美金,28418.75,221666.25,221666.25,625000,0,NONPI,,45847,45855,45859,,,JF2281,赖晔敏
U000179,611208314,取消投保,众和恒富理财集团有限公司,KA业务,ICLUB业务,异业机构转介,个人转介,理财师,虞斌,香港永明金融有限公司,储蓄,万年青·星河尊享保险计划II,5,年缴,美金,10000,78000,78000,,0,NONPI,,45849,45855,45856,,,JJ4989,罗雨竹
J000845,602068756,取消投保,九富保险服务有限公司,代理人业务,成事家办,IYB分公司,杨帆,,杨帆,香港永明金融有限公司,储蓄,万年青·星河尊享保险计划II,5,预缴,美金,70000,546000,546000,,0,NONPI,,45852,45855,45855,,,JF7605,林思思
D001784,611208699,取消投保,怡泰财富管理有限公司,经代业务,同行经代,持牌资管,利泰丰,,李竞超,香港永明金融有限公司,储蓄,万年青·星河尊享保险计划II,5,预缴,美金,42000,327600,327600,,0,NONPI,,45853,45857,,,,JF2281,赖晔敏
D001787,611208683,取消投保,怡泰财富管理有限公司,经代业务,BK业务,银行网点,平安银行,许菁,平安香港,香港永明金融有限公司,储蓄,永誉传承储蓄计划,1,整付,美金,1000000,7800000,780000,,1,NONPI,,45853,45853,,,,JF2281,赖晔敏
J000852,,取消投保,Manulife 宏利 (澳门),KA业务,合伙转介业务,同行机构转介,天行,,刘微,澳门宏利,储蓄,环球货币保障计划,5,年缴,美金,50000,390000,390000,,0,NONPI,,45862,45873,,#CALC!,,JF7605,林思思
D001795,611203278,取消投保,怡泰财富管理有限公司,经代业务,BK业务,银行网点,广发银行,张旭,广发香港,香港永明金融有限公司,储蓄,万年青·卓金保险计划II,5,年缴,美金,50000,390000,390000,250000,0,NONPI,20%,45863,45863,,,,IA6464,连亮晴
U000196,611208681,取消投保,众和恒富理财集团有限公司,KA业务,合伙转介业务,同行机构转介,迪岸,迪岸,小七,香港永明金融有限公司,储蓄,万年青·星河传承保险计划II,2,年缴,美金,15000,117000,117000,,0,NONPI,,45867,45870,45873,,,JF7523,吕静文
U000197,A000002788,取消投保,众和恒富理财集团有限公司,KA业务,合伙转介业务,同行机构转介,雨泽,雨泽,白博文,中国太平洋保险（香港）有限公司,储蓄,金如意储蓄寿险计划,2,预缴,美金,150000,1170000,1170000,,0,NONPI,0.15,45867,45869,45876,,,JJ4989,罗雨竹
U000198,A000002786,取消投保,众和恒富理财集团有限公司,KA业务,合伙转介业务,同行机构转介,雨泽,雨泽,白博文,中国太平洋保险（香港）有限公司,储蓄,金如意储蓄寿险计划,2,预缴,美金,150000,1170000,1170000,,0,NONPI,0.15,45867,45869,45873,,,JF7523,吕静文
U000203,611195688,取消投保,众和恒富理财集团有限公司,KA业务,合伙转介业务,同行机构转介,雨泽,雨泽,白博文,香港永明金融有限公司,储蓄,万年青·星河尊享保险计划II,5,年缴,美金,50000,390000,390000,,0,NONPI,10%,45869,45869,45881,,,JJ4989,罗雨竹
D001803,,取消投保,Manulife 宏利 (澳门),KA业务,合伙转介业务,同行机构转介,天行,高祥辉,平安香港,澳门宏利,储蓄,环球货币保障计划,,,,,,,,0,NONPI,,45876,45876,,#CALC!,,IA6464,连亮晴
D001811,611208839,取消投保,怡泰财富管理有限公司,经代业务,BK业务,银行网点,民生银行,,民生宁波,香港永明金融有限公司,储蓄,万年青·卓金保险计划II,5,预缴,美金,200000,1560000,1560000,1000000,0,NONPI,20%,45880,45889,45897,,,JH6936,余迪慷
U000237,611195304,取消投保,众和恒富理财集团有限公司,KA业务,合伙转介业务,同行机构转介,迪岸,迪岸,迪岸,香港永明金融有限公司,储蓄,万年青·星河尊享保险计划II,2,预缴,美金,25000,195000,195000,,0,NONPI,,45880,45882,45882,,,JF7523,吕静文
U000242,611208189,取消投保,众和恒富理财集团有限公司,KA业务,合伙转介业务,同行机构转介,雨泽,雨泽,白博文,香港永明金融有限公司,储蓄,万年青·星河尊享保险计划II,5,预缴,美金,50000,390000,390000,,0,NONPI,10%,45882,45883,45887,,,JH9602,余文茜
U000254,611203384,取消投保,众和恒富理财集团有限公司,KA业务,合伙转介业务,同行机构转介,迪岸,迪岸,迪岸,香港永明金融有限公司,储蓄,万年青·星河尊享保险计划II,5,年缴,美金,30000,234000,234000,,0,NONPI,,45886,45887,45887,,,JF7523,吕静文
U000262,611208618,取消投保,众和恒富理财集团有限公司,KA业务,合伙转介业务,同行机构转介,迪岸,迪岸,迪岸,香港永明金融有限公司,储蓄,万年青·星河尊享保险计划II,2,预缴,美金,15000,117000,117000,,0,NONPI,,45887,45890,45890,,,JF7523,吕静文
D001821,611203253,取消投保,怡泰财富管理有限公司,经代业务,BK业务,银行网点,民生银行,,民生宁波,香港永明金融有限公司,储蓄,万年青·卓金保险计划II,5,年缴,美金,100000,780000,780000,500000,0,NONPI,20%,45887,45889,45889,,,IA6464,连亮晴
U000286,611208620,取消投保,众和恒富理财集团有限公司,KA业务,合伙转介业务,同行机构转介,迪岸,迪岸,迪岸,香港永明金融有限公司,储蓄,万年青·星河尊享保险计划II,5,预缴,美金,28000,218400,218400,,0,NONPI,,45890,45891,45896,,,JF7523,吕静文
D001824,611209957,取消投保,怡泰财富管理有限公司,经代业务,BK业务,银行网点,民生银行,,民生上海,香港永明金融有限公司,储蓄,万年青·卓金保险计划II,5,年缴,美金,30000,234000,234000,150000,0,NONPI,59%,45891,45892,45896,,,JH9449,李思齐
U000315,611209955,取消投保,众和恒富理财集团有限公司,KA业务,合伙转介业务,同行机构转介,雨泽,雨泽,白博文,香港永明金融有限公司,储蓄,万年青·星河尊享保险计划II,2,预缴,美金,70000,546000,546000,,0,NONPI,,45896,45897,45901,,,JJ7007,王嘉鸣
D001828,,取消投保,Manulife 宏利 (澳门),KA业务,合伙转介业务,同行机构转介,天行,李特,平安香港,澳门宏利,储蓄,环球货币保障计划,1,整付,美金,,,,,0,NONPI,,45904,45904,,#CALC!,,JF2281,赖晔敏
D001832,1.00034E+11,取消投保,怡泰财富管理有限公司,经代业务,BK业务,银行网点,广发银行,郑婉琪,广发香港,立桥人寿保险有限公司,万用寿险,智选储蓄保（20年保障期）,20,整付,美金,136800,1067040,106704,,0,NONPI,,45908,45910,45910,,,JH6936,余迪慷
D001834,611203248,取消投保,怡泰财富管理有限公司,经代业务,BK业务,银行网点,民生银行,,民生广州,香港永明金融有限公司,储蓄,万年青·卓金保险计划II,5,预缴,美金,35000,273000,273000,175000,0,NONPI,20%,45908,45910,45917,,,JF9727,杨荔茜
J000883,602068823,取消投保,九富保险服务有限公司,经代业务,永明经代,持牌经纪,德方集团,德方,德方,香港永明金融有限公司,储蓄,万年青·星河传承保险计划II,2,预缴,美金,75000,585000,585000,,0,NONPI,,45908,45910,45911,,,JF7605,林思思
D001838,611203249,取消投保,怡泰财富管理有限公司,经代业务,BK业务,银行网点,民生银行,,民生广州,香港永明金融有限公司,储蓄,万年青·卓金保险计划II,5,预缴,美金,35000,273000,273000,175000,0,NONPI,20%,45909,45910,45917,,,JF9727,杨荔茜
J000894,602068838,取消投保,九富保险服务有限公司,代理人业务,成事家办,IYB分公司,刘微,,刘微,香港永明金融有限公司,储蓄,万年青·星河传承保险计划II,5,年缴,美金,10000,78000,78000,50000,0,NONPI,,45910,45913,,,,JJ3840,温海伦
J000898,602068835,取消投保,九富保险服务有限公司,代理人业务,天领业务,天领贴牌,广西贴牌,广西锐领,邹雯,香港永明金融有限公司,储蓄,万年青·星河尊享保险计划II,5,预缴,美金,3000,23400,23400,,0,NONPI,,45912,45912,45912,,,JJ3840,温海伦
U000404,611222771,取消投保,众和恒富理财集团有限公司,KA业务,合伙转介业务,同行机构转介,迪岸,迪岸,迪岸,香港永明金融有限公司,储蓄,万年青·星河尊享保险计划II,5,预缴,美金,400000,3120000,3120000,,0,NONPI,20%,45912,45926,45926,,,JH9602,余文茜
U000408,611221194,取消投保,众和恒富理财集团有限公司,KA业务,合伙转介业务,同行机构转介,雨泽,雨泽,白博文,香港永明金融有限公司,储蓄,万年青·星河尊享保险计划II,5,预缴,美金,10000,78000,78000,,0,NONPI,,45915,45919,45919,,,JH9602,余文茜
D001845,611208780,取消投保,怡泰财富管理有限公司,经代业务,BK业务,银行网点,平安银行,朱慧娟,平安香港,香港永明金融有限公司,储蓄,永誉传承储蓄计划,1,整付,美金,1000000,7800000,780000,,1,NONPI,,45915,45916,45925,,,JH6936,余迪慷
U000425,,取消投保,Manulife 宏利 (澳门),KA业务,合伙转介业务,同行机构转介,天行,迪岸,迪岸,澳门宏利,储蓄,环球货币保障计划,5,年缴,美金,10000,78000,78000,,0,NONPI,,45915,45920,45920,#CALC!,,JK7517,王杰辉
U000429,611222775,取消投保,众和恒富理财集团有限公司,KA业务,合伙转介业务,同行机构转介,迪岸,迪岸,迪岸,香港永明金融有限公司,储蓄,万年青·星河尊享保险计划II,5,预缴,美金,200000,1560000,1560000,1000000,0,NONPI,20%,45916,45926,45926,,,JH9602,余文茜
D001847,,取消投保,Manulife 宏利 (澳门),KA业务,合伙转介业务,同行机构转介,天行,高祥辉,平安香港,澳门宏利,储蓄,环球货币保障计划,终身,年缴,美金,6702,52275.6,52275.6,,0,NONPI,,45916,45917,,#CALC!,,JF2281,赖晔敏
D001848,,取消投保,Manulife 宏利 (澳门),KA业务,合伙转介业务,同行机构转介,天行,高祥辉,平安香港,澳门宏利,储蓄,环球货币保障计划,终身,年缴,美金,,,,,0,NONPI,,45916,45917,,#CALC!,,JF2281,赖晔敏
U000446,611220975,取消投保,众和恒富理财集团有限公司,KA业务,合伙转介业务,同行机构转介,迪岸,迪岸,迪岸,香港永明金融有限公司,储蓄,万年青·星河尊享保险计划II,2,预缴,美金,15000,117000,117000,50000,0,NONPI,,45917,45929,45930,,,JK6768,林小莎
U000457,611222773,取消投保,众和恒富理财集团有限公司,KA业务,合伙转介业务,同行机构转介,迪岸,迪岸,迪岸,香港永明金融有限公司,储蓄,万年青·星河尊享保险计划II,5,年缴,美金,200000,1560000,1560000,1000000,0,NONPI,20%,45918,45926,45926,,,JH9602,余文茜
J000914,602068852,取消投保,九富保险服务有限公司,代理人业务,成事家办,IYB分公司,杨璐熙,,杨璐熙,香港永明金融有限公司,储蓄,万年青·星河传承保险计划II,5,年缴,美金,10000,78000,78000,,0,NONPI,,45918,45925,,,,JJ7859,张浩晖
U000465,611221183,取消投保,众和恒富理财集团有限公司,KA业务,合伙转介业务,同行机构转介,雨泽,雨泽,白博文,香港永明金融有限公司,储蓄,万年青·星河尊享保险计划II,2,预缴,美金,35000,273000,273000,,0,NONPI,,45919,45925,45925,,,JH9602,余文茜
U000478,611220961,取消投保,众和恒富理财集团有限公司,KA业务,合伙转介业务,同行机构转介,雨泽,雨泽,白博文,香港永明金融有限公司,储蓄,万年青·星河尊享保险计划II,2,年缴,美金,21250,165750,165750,40000,0,NONPI,,45919,45926,45930,,,JK6768,林小莎
J000929,,取消投保,Manulife 宏利 (澳门),KA业务,合伙转介业务,同行机构转介,天行,欣村商务,李健,澳门宏利,储蓄,环球货币保障计划,,,,,,,,0,NONPI,,45919,45922,,#CALC!,,JJ8674,许家乐
U000489,611221219,取消投保,众和恒富理财集团有限公司,KA业务,合伙转介业务,同行机构转介,迪岸,迪岸,迪岸,香港永明金融有限公司,储蓄,万年青·星河尊享保险计划II,5,年缴,美金,50000,390000,390000,250000,0,NONPI,,45920,45929,45944,,,JH9602,余文茜
U000509,611222754,取消投保,众和恒富理财集团有限公司,经代业务,同行经代,持牌经纪,唯思,唯思,唯思管理,香港永明金融有限公司,储蓄,万年青·星河尊享保险计划II,5,年缴,美金,100000,780000,780000,1000000,0,NONPI,20%,45922,45926,45944,,战略合作,JK7517,王杰辉
U000517,861001666,取消投保,众和恒富理财集团有限公司,经代业务,同行经代,持牌经纪,唯思,唯思,唯思管理,香港永明金融有限公司,人寿,卓裕人寿系列II-50,10,年缴,美金,98100,765180,765180,3000000,0,NONPI,,45922,45923,45944,,战略合作,JF7523,吕静文
U000543,611209964,取消投保,众和恒富理财集团有限公司,经代业务,同行经代,持牌经纪,唯思,唯思,唯思管理,香港永明金融有限公司,储蓄,万年青·星河尊享保险计划II,2,预缴,美金,15000,117000,117000,,0,NONPI,,45925,45927,45932,,战略合作,JJ7007,王嘉鸣
U000546,611209966,取消投保,众和恒富理财集团有限公司,经代业务,同行经代,持牌经纪,唯思,唯思,唯思管理,香港永明金融有限公司,储蓄,万年青·星河尊享保险计划II,5,预缴,美金,100000,780000,780000,,0,NONPI,,45925,45927,45932,,战略合作,JJ7007,王嘉鸣
U000549,611210790,取消投保,众和恒富理财集团有限公司,KA业务,合伙转介业务,同行机构转介,迪岸,迪岸,迪岸,香港永明金融有限公司,储蓄,万年青·星河尊享保险计划II,2,年缴,美金,30000,234000,234000,60000,0,NONPI,,45925,45927,45932,,,JJ7007,王嘉鸣
U000550,611222755,取消投保,众和恒富理财集团有限公司,经代业务,同行经代,持牌经纪,唯思,唯思,唯思管理,香港永明金融有限公司,储蓄,万年青·星河尊享保险计划II,2,预缴,美金,40000,312000,312000,,0,NONPI,,45925,45929,45932,,战略合作,JK7517,王杰辉
U000551,611221386,取消投保,众和恒富理财集团有限公司,经代业务,同行经代,持牌经纪,唯思,唯思,唯思管理,香港永明金融有限公司,储蓄,万年青·星河尊享保险计划II,2,年缴,美金,125000,975000,975000,,0,NONPI,,45925,45929,45929,,战略合作,JF7523,吕静文
U000552,611210793,取消投保,众和恒富理财集团有限公司,KA业务,合伙转介业务,同行机构转介,迪岸,迪岸,迪岸,香港永明金融有限公司,储蓄,万年青·星河尊享保险计划II,5,年缴,美金,14000,109200,109200,75000,0,NONPI,,45925,45929,45932,,,JJ7007,王嘉鸣
J000949,,取消投保,Manulife 宏利 (澳门),KA业务,合伙转介业务,同行机构转介,天行,德方,德方,澳门宏利,储蓄,环球货币保障计划,5,预缴,美金,600000,4680000,4680000,,0,NONPI,,45926,45928,,#CALC!,,JJ3840,温海伦
U000558,611221389,取消投保,众和恒富理财集团有限公司,KA业务,合伙转介业务,同行机构转介,雨泽,雨泽,白博文,香港永明金融有限公司,储蓄,万年青·星河尊享保险计划II,2,年缴,美金,100000,780000,780000,,0,NONPI,,45926,45930,45932,,,JF7523,吕静文
U000564,611221080,取消投保,众和恒富理财集团有限公司,KA业务,合伙转介业务,同行机构转介,雨泽,雨泽,白博文,香港永明金融有限公司,储蓄,万年青·星河尊享保险计划II,2,年缴,人民币,340000,387600,387600,630000,0,NONPI,,45926,45930,45936,,,JK6768,林小莎
U000571,611221381,取消投保,众和恒富理财集团有限公司,KA业务,合伙转介业务,同行机构转介,迪岸,迪岸,迪岸,香港永明金融有限公司,储蓄,万年青·星河尊享保险计划II,5,预缴,美金,100000,780000,780000,,0,NONPI,,45927,45928,45928,,,JF7523,吕静文
U000574,611221071,取消投保,众和恒富理财集团有限公司,KA业务,合伙转介业务,同行机构转介,雨泽,雨泽,白博文,香港永明金融有限公司,储蓄,万年青·星河传承保险计划II,5,年缴,美金,10000,78000,78000,50000,0,NONPI,,45927,45932,45932,,,JK6768,林小莎
J000958,602068819,取消投保,九富保险服务有限公司,KA业务,合伙转介业务,同行机构转介,迪岸,迪岸,迪岸,香港永明金融有限公司,储蓄,万年青·星河尊享保险计划II,5,年缴,美金,50000,390000,390000,250000,0,NONPI,,45929,45929,45939,,,JJ8674,许家乐
J000961,602068895,取消投保,九富保险服务有限公司,代理人业务,天领业务,天领机构,天领重庆,鼎汇,李衡,香港永明金融有限公司,储蓄,万年青·星河尊享保险计划II,5,年缴,美金,5000,39000,39000,,0,NONPI,,45929,45943,45945,,,JJ8674,许家乐
J000962,602068897,取消投保,九富保险服务有限公司,代理人业务,天领业务,天领机构,天领重庆,鼎汇,李衡,香港永明金融有限公司,储蓄,万年青·星河尊享保险计划II,5,年缴,美金,5000,39000,39000,,0,NONPI,,45929,45943,45945,,,JJ8674,许家乐
J000963,602068818,取消投保,九富保险服务有限公司,经代业务,永明经代,持牌经纪,万森保险,万森保险,万森保险,香港永明金融有限公司,储蓄,万年青·星河尊享保险计划II,5,年缴,美金,30000,234000,234000,,0,NONPI,,45929,45929,45939,,高瑶,JJ8674,许家乐
J000964,602068896,取消投保,九富保险服务有限公司,经代业务,永明经代,持牌经纪,万森保险,万森保险,万森保险,香港永明金融有限公司,重疾,万家康卓越保,20,年缴,美金,744.5,5807.1,5807.1,,0,NONPI,,45929,45932,45939,,高瑶,JJ8674,许家乐
U000586,611221076,搁置受保,众和恒富理财集团有限公司,经代业务,同行经代,持牌经纪,唯思,唯思,同智顾问,香港永明金融有限公司,人寿,永延保障计划,20,年缴,美金,6504.7,50736.66,50736.66,290000,0,NONPI,,45930,45932,45932,,战略合作,JK6768,林小莎
U000600,611221135,取消投保,众和恒富理财集团有限公司,经代业务,永明经代,持牌经纪,企鹅保险,企鹅保险,企鹅保险,香港永明金融有限公司,储蓄,万年青·星河尊享保险计划II,2,年缴,美金,50000,390000,390000,,0,NONPI,,45943,45944,45944,,姜通,JF7523,吕静文
U000608,611221250,取消投保,众和恒富理财集团有限公司,经代业务,永明经代,持牌经纪,堡盛国际,堡盛国际,堡盛国际,香港永明金融有限公司,储蓄,万年青·星河尊享保险计划II,2,预缴,美金,37500,292500,292500,,0,NONPI,,45950,45952,45952,,姜通,JK7517,王杰辉
D001884,611208599,取消投保,怡泰财富管理有限公司,经代业务,BK业务,银行网点,民生银行,,民生北京,香港永明金融有限公司,储蓄,永誉传承储蓄计划,1,整付,美金,2000000,15600000,1560000,2000000,1,NONPI,8%,45950,45950,45953,,,JH6936,余迪慷
U000621,611224803,取消投保,众和恒富理财集团有限公司,经代业务,永明经代,持牌经纪,企鹅保险,企鹅保险,企鹅保险,香港永明金融有限公司,储蓄,万年青·星河尊享保险计划II,5,年缴,美金,14000,109200,109200,,0,NONPI,,45953,45955,45955,,姜通,JK6768,林小莎
J000984,602068624,取消投保,九富保险服务有限公司,经代业务,永明经代,持牌经纪,万森保险,万森保险,万森保险,香港永明金融有限公司,储蓄,万年青·星河尊享保险计划II,2,年缴,美金,30000,234000,234000,,0,NONPI,,45953,45957,45957,,高瑶,JJ5633,陈昊锴
D001895,,取消投保,Manulife 宏利 (澳门),KA业务,合伙转介业务,同行机构转介,天行,许菁,平安香港,澳门宏利,储蓄,环球货币保障计划,5,整付,美金,,,,,0,NONPI,,45954,45956,,#CALC!,,JH6936,余迪慷
FU000017,8123243128,取消投保,泰溢国际有限公司,KA业务,合伙转介业务,同行个人转介,个人转介,,何凤飞,中国人寿保险（海外）股份有限公司（香港）,重疾,爱相随传承储蓄计划,2,年缴,美金,10000,78000,78000,,0,NONPI,,45904,45906,,,,JJ9569,杜咏婷
D001912,,取消投保,Manulife 宏利 (澳门),KA业务,合伙转介业务,同行机构转介,天行,,民生广州,澳门宏利,储蓄,环球货币保障计划,1,整付,美金,2000000,15600000,1560000,2000000,0,NONPI,,45967,45971,,#CALC!,,JH6936,余迪慷
D001913,,取消投保,Manulife 宏利 (澳门),KA业务,合伙转介业务,同行机构转介,天行,,民生广州,澳门宏利,储蓄,环球货币保障计划,1,整付,美金,2000000,15600000,1560000,2000000,0,NONPI,8%,45967,45972,,#CALC!,,JF2281,赖晔敏
D001926,611222863,取消投保,怡泰财富管理有限公司,经代业务,BK业务,银行网点,民生银行,,民生广州,香港永明金融有限公司,储蓄,永誉传承储蓄计划,1,整付,美金,2000000,15600000,1560000,2000000,1,NONPI,8%,45968,45979,45992,,,JH6936,余迪慷
D001939,611222830,取消投保,怡泰财富管理有限公司,经代业务,BK业务,银行网点,民生银行,,民生杭州,香港永明金融有限公司,储蓄,永誉传承储蓄计划,1,整付,美金,2000000,15600000,1560000,2000000,1,NONPI,8%,45968,45971,45978,,,JF2281,赖晔敏
D001953,611222868,取消投保,怡泰财富管理有限公司,经代业务,BK业务,银行网点,民生银行,,民生北京,香港永明金融有限公司,储蓄,永誉传承储蓄计划,1,整付,美金,2000000,15600000,1560000,2000000,1,NONPI,,45972,45981,45989,,,JH6936,余迪慷
D001968,,取消投保,Manulife 宏利 (澳门),KA业务,合伙转介业务,同行机构转介,天行,朱慧娟/徐艳,平安香港,澳门宏利,储蓄,环球货币保障计划,1,整付,美金,,,,,0,NONPI,,45973,45974,,#CALC!,,IA6464,连亮晴
D001969,611222883,取消投保,怡泰财富管理有限公司,经代业务,BK业务,银行网点,民生银行,,民生深圳,香港永明金融有限公司,储蓄,永誉传承储蓄计划,1,整付,美金,2000000,15600000,1560000,2000000,1,NONPI,,45973,45980,45992,,,JH6936,余迪慷
J001012,602068946,取消投保,九富保险服务有限公司,代理人业务,天领业务,天领贴牌,广西贴牌,广西锐领,林有胜,香港永明金融有限公司,储蓄,万年青·星河尊享保险计划II,5,预缴,美金,20000,156000,156000,,0,NONPI,,45973,45974,45978,,,JJ5633,陈昊锴
D001980,611222949,取消投保,怡泰财富管理有限公司,经代业务,BK业务,银行网点,民生银行,,民生上海,香港永明金融有限公司,储蓄,永誉传承储蓄计划,1,整付,美金,2000000,15600000,1560000,2000000,1,NONPI,,45974,45974,45993,,,JF2281,赖晔敏
D001983,611222894,取消投保,怡泰财富管理有限公司,经代业务,BK业务,银行网点,民生银行,,民生深圳,香港永明金融有限公司,储蓄,永誉传承储蓄计划,1,整付,美金,2000000,15600000,1560000,2000000,1,NONPI,,45974,46002,46013,,,JH6936,余迪慷
D002001,611222860,取消投保,怡泰财富管理有限公司,经代业务,BK业务,银行网点,民生银行,,民生杭州,香港永明金融有限公司,储蓄,永誉传承储蓄计划,1,整付,美金,2000000,15600000,1560000,2000000,1,NONPI,,45975,45975,,,,JH6936,余迪慷
J001028,602068924,取消投保,九富保险服务有限公司,经代业务,永明经代,持牌经纪,紫荆保险,紫荊保险,紫荊保险,香港永明金融有限公司,储蓄,万年青·星河尊享保险计划II,5,年缴,美金,15000,117000,117000,,0,NONPI,,45978,45985,45988,,,JJ8674,许家乐
J001031,602068983,取消投保,九富保险服务有限公司,代理人业务,天领业务,天领机构,天领重庆,鼎汇,周玉娇,香港永明金融有限公司,储蓄,万年青·星河尊享保险计划II,5,预缴,美金,10000,78000,78000,,0,NONPI,,45979,45987,45992,,,JF7605,林思思
U000668,611222801,取消投保,众和恒富理财集团有限公司,经代业务,永明经代,持牌经纪,众安国际,众安国际,众安国际,香港永明金融有限公司,储蓄,万年青·星河尊享保险计划II,2,预缴,美金,75000,585000,585000,,0,NONPI,,45980,45985,45985,,姜通,JH9602,余文茜
U000671,611222781,取消投保,众和恒富理财集团有限公司,经代业务,永明经代,持牌经纪,堡盛国际,堡盛国际,堡盛国际,香港永明金融有限公司,储蓄,万年青·星河尊享保险计划II,2,预缴,美金,21000,163800,163800,,0,NONPI,,45980,45982,45982,,姜通,JH9602,余文茜
U000672,611227241,取消投保,众和恒富理财集团有限公司,经代业务,永明经代,持牌经纪,堡盛国际,堡盛国际,堡盛国际,香港永明金融有限公司,储蓄,万年青·星河尊享保险计划II,2,预缴,美金,15000,117000,117000,,0,NONPI,,45980,45982,45982,,姜通,JK7517,王杰辉
J001023,602068921,取消投保,九富保险服务有限公司,经代业务,同行经代,持牌经纪,唯思,唯思,同智顾问,香港永明金融有限公司,重疾,万家康尊尚保,20,年缴,美金,2355,18369,18369,150000,0,NONPI,,45978,45978,45996,,战略合作,JJ8674,许家乐
J001024,602068920,取消投保,九富保险服务有限公司,经代业务,同行经代,持牌经纪,唯思,唯思,同智顾问,香港永明金融有限公司,储蓄,万年青·星河传承保险计划II,5,年缴,美金,10000,78000,78000,,0,NONPI,,45978,45978,45979,,战略合作,JJ8674,许家乐
J001025,602068919,取消投保,九富保险服务有限公司,经代业务,同行经代,持牌经纪,唯思,唯思,同智顾问,香港永明金融有限公司,重疾,万家康尊尚保,20,年缴,美金,4951.5,38621.7,38621.7,150000,0,NONPI,,45978,45978,45996,,战略合作,JJ8674,许家乐
U000680,611227292,取消投保,众和恒富理财集团有限公司,经代业务,永明经代,持牌经纪,堡盛国际,堡盛国际,堡盛国际,香港永明金融有限公司,储蓄,万年青·星河尊享保险计划II,2,预缴,美金,70000,546000,546000,,0,NONPI,,45982,45995,45996,,姜通,JF7523,吕静文
U000686,611224817,取消投保,众和恒富理财集团有限公司,经代业务,永明经代,持牌经纪,堡盛国际,堡盛国际,堡盛国际,香港永明金融有限公司,储蓄,万年青·星河尊享保险计划II,2,年缴,美金,50000,390000,390000,,0,NONPI,,45985,45987,45987,,姜通,JK6768,林小莎
J001040,602068790,取消投保,九富保险服务有限公司,经代业务,永明经代,持牌经纪,香港宜达,香港宜达,香港宜达,香港永明金融有限公司,重疾,永明危疾家康保,20,年缴,美金,150000,1170000,1170000,,0,NONPI,,45985,45985,,,姜通,JF7605,林思思
J001041,602068791,取消投保,九富保险服务有限公司,经代业务,永明经代,持牌经纪,香港宜达,香港宜达,香港宜达,香港永明金融有限公司,重疾,永明危疾家康保,20,年缴,美金,75000,585000,585000,,0,NONPI,,45985,45985,,,姜通,JF7605,林思思
J001042,602068794,取消投保,九富保险服务有限公司,经代业务,永明经代,持牌经纪,香港宜达,香港宜达,香港宜达,香港永明金融有限公司,重疾,永明危疾家康保,20,年缴,美金,150000,1170000,1170000,,0,NONPI,,45985,45985,,,姜通,JF7605,林思思
D002030,,取消投保,Manulife 宏利 (澳门),KA业务,合伙转介业务,同行机构转介,天行,高凯,平安香港,澳门宏利,储蓄,环球货币保障计划,1,整付,美金,,,,,0,NONPI,,45985,45986,,#CALC!,,JF2281,赖晔敏
U000696,611222783,取消投保,众和恒富理财集团有限公司,经代业务,永明经代,持牌经纪,众安国际,众安国际,众安国际,香港永明金融有限公司,储蓄,万年青·星河尊享保险计划II,2,预缴,美金,75000,585000,585000,,0,NONPI,,45985,45986,45986,,姜通,JH9602,余文茜
D002032,611222843,取消投保,怡泰财富管理有限公司,经代业务,BK业务,银行网点,民生银行,,民生上海,香港永明金融有限公司,储蓄,万年青·卓金保险计划II,5,年缴,美金,100000,780000,780000,,0,PI,,45994,45995,46002,,,IA6464 ,连亮晴
D002033,611222893,取消投保,怡泰财富管理有限公司,经代业务,BK业务,银行网点,平安银行,许菁,平安香港,香港永明金融有限公司,储蓄,永誉传承储蓄计划,1,整付,美金,1000000,7800000,780000,,1,NONPI,,45986,45988,46000,,,JH6936,余迪慷
J001054,602068937,取消投保,九富保险服务有限公司,代理人业务,天领业务,天领机构,天领重庆,聚忻,王惠琴,香港永明金融有限公司,储蓄,万年青·星河尊享保险计划II,5,预缴,美金,30000,234000,234000,,0,NONPI,,45986,45989,45996,,,JJ8674,许家乐
U000702,611227249,取消投保,众和恒富理财集团有限公司,经代业务,同行经代,持牌经纪,唯思,唯思,唯思财富顾问,香港永明金融有限公司,储蓄,万年青·星河传承保险计划II,5,预缴,美金,10000,78000,78000,,0,NONPI,,45987,45987,45989,,战略合作,JK7517,王杰辉
D002035,611222869,取消投保,怡泰财富管理有限公司,经代业务,BK业务,银行网点,民生银行,,民生深圳,香港永明金融有限公司,储蓄,万年青·卓金保险计划II,5,预缴,美金,50000,390000,390000,250000,0,NONPI,,45987,45987,46000,,,JH6936,余迪慷
U000712,611227253,取消投保,众和恒富理财集团有限公司,经代业务,永明经代,持牌经纪,堡盛国际,堡盛国际,堡盛国际,香港永明金融有限公司,储蓄,万年青·星河尊享保险计划II,2,预缴,美金,50000,390000,390000,,0,NONPI,,45988,45996,46001,,姜通,JK7517,王杰辉
U000715,861001676,取消投保,众和恒富理财集团有限公司,经代业务,同行经代,持牌经纪,唯思,唯思,唯思财富顾问,香港永明金融有限公司,人寿,卓裕人寿系列II-70,1,整付,美金,747090,5827302,582730.2,3000000,0,NONPI,,45989,45993,,,战略合作,JH9602,余文茜
U000720,,取消投保,Manulife 宏利 (澳门),KA业务,合伙转介业务,同行机构转介,天行,企鹅保险,企鹅保险,澳门宏利,储蓄,环球货币保障计划,2,年缴,人民币,140000,159600,159600,,0,NONPI,,45992,45994,45994,#CALC!,,JF7523,吕静文
U000723,,取消投保,Manulife 宏利 (澳门),KA业务,合伙转介业务,同行机构转介,天行,企鹅保险,企鹅保险,澳门宏利,储蓄,环球货币保障计划,2,年缴,人民币,105000,119700,119700,,0,NONPI,,45992,45993,45993,#CALC!,,JK7517,王杰辉
J001064,602068964,取消投保,九富保险服务有限公司,代理人业务,天领业务,天领机构,天领重庆,鼎汇,罗兰,香港永明金融有限公司,储蓄,万年青·星河尊享保险计划II,5,预缴,美金,10000,78000,78000,,0,NONPI,,45989,45999,,,,JJ5633,陈昊锴
D002044,92911653,取消投保,怡泰财富管理有限公司,代理人业务,天领业务,天领机构,天领深圳,大湾区,许嘉铭,万通保险国际有限公司,重疾,万通危疾加护保(优越版),20,年缴,美金,1791,13969.8,13969.8,60000,0,NONPI,,45992,45993,45994,,,JF2281,赖晔敏
J001072,602069255,取消投保,九富保险服务有限公司,经代业务,同行经代,持牌经纪,唯思,唯思,同智顾问,香港永明金融有限公司,储蓄,万年青·星河尊享保险计划II,2,预缴,美金,27000,210600,210600,,0,NONPI,,45993,45996,45996,,战略合作,JF7605,林思思
J001084,602069262,取消投保,九富保险服务有限公司,经代业务,永明经代,持牌经纪,紫荆保险,紫荊保险,紫荊保险,香港永明金融有限公司,储蓄,万年青·星河尊享保险计划II,2,预缴,美金,125000,975000,975000,,0,NONPI,,45996,45997,46000,,,JF7605,林思思
J001086,602069013,取消投保,九富保险服务有限公司,代理人业务,天领业务,天领机构,天领重庆,Starry,王璐洁,香港永明金融有限公司,重疾,万家康卓越保,20,年缴,美金,1084,8455.2,8455.2,,0,NONPI,,45996,45999,,,,JJ8674,许家乐
FF000087,,取消投保,Manulife 宏利 (澳门),KA业务,合伙转介业务,同行机构转介,天行,泓图,马银娜,澳门宏利,储蓄,环球货币保障计划,25,年缴,美金,1513.5,11805.3,11805.3,150000,0,NONPI,,45996,45996,,#CALC!,,JF2281,赖晔敏
U000745,611227258,取消投保,众和恒富理财集团有限公司,经代业务,永明经代,持牌经纪,企鹅保险,企鹅保险,企鹅保险,香港永明金融有限公司,储蓄,万年青·星河尊享保险计划II,2,预缴,美金,50000,390000,390000,,0,NONPI,,45996,45999,46001,,姜通,JK7517,王杰辉
J001096,602068969,取消投保,九富保险服务有限公司,代理人业务,天领业务,天领机构,天领重庆,鼎汇,李永菊,香港永明金融有限公司,储蓄,万年青·星河传承保险计划II,5,预缴,美金,50000,390000,390000,250000,0,NONPI,,45999,46000,46014,,,JJ5633,陈昊锴
J001097,,取消投保,Manulife 宏利 (澳门),KA业务,合伙转介业务,同行机构转介,天行,鼎汇,李永菊,澳门宏利,储蓄,环球货币保障计划,5,年缴,美金,100000,780000,780000,500000,0,NONPI,,45999,46000,,#CALC!,,JJ5633,陈昊锴
J001117,602068970,取消投保,九富保险服务有限公司,代理人业务,天领业务,天领机构,天领重庆,鼎汇,毛静,香港永明金融有限公司,储蓄,万年青·星河尊享保险计划II,5,年缴,美金,20000,156000,156000,,0,NONPI,,46003,46007,46010,,,JJ5633,陈昊锴
D002064,,取消投保,Manulife 宏利 (澳门),KA业务,合伙转介业务,同行机构转介,天行,,民生广州,澳门宏利,储蓄,环球货币保障计划,5,年缴,美金,200000,1560000,1560000,1000000,0,NONPI,,46003,46007,,#CALC!,,IA6464,连亮晴
D002066,611222878,取消投保,怡泰财富管理有限公司,经代业务,BK业务,银行网点,民生银行,,民生天津,香港永明金融有限公司,重疾,万家康卓越保,25,年缴,美金,2581,20131.8,20131.8,130000,0,NONPI,,46003,46003,46013,,,JH6936,余迪慷
U000778,611221202,取消投保,众和恒富理财集团有限公司,经代业务,永明经代,持牌经纪,企鹅保险,企鹅保险,企鹅保险,香港永明金融有限公司,储蓄,万年青·星河尊享保险计划II,2,年缴,美金,20000,156000,156000,,0,NONPI,,46005,46006,46006,,姜通,JK6768,林小莎
U000779,611227261,取消投保,众和恒富理财集团有限公司,经代业务,永明经代,持牌经纪,企鹅保险,企鹅保险,企鹅保险,香港永明金融有限公司,储蓄,万年青·星河尊享保险计划II,2,年缴,人民币,1000000,1140000,1140000,,0,NONPI,,46006,46008,46008,,姜通,JK7517,王杰辉
D002070,,取消投保,Manulife 宏利 (澳门),KA业务,合伙转介业务,同行机构转介,天行,徐艳,平安香港,澳门宏利,储蓄,环球货币保障计划,1,整付,美金,,,,,0,NONPI,,46006,46006,,#CALC!,,JF2281,赖晔敏
D002071,,取消投保,Manulife 宏利 (澳门),KA业务,合伙转介业务,同行机构转介,天行,高凯,平安香港,澳门宏利,储蓄,环球货币保障计划,1,整付,美金,1000000,7800000,780000,,0,NONPI,,46003,46009,,#CALC!,,JK6077,肖锦源
D002072,,取消投保,Manulife 宏利 (澳门),KA业务,合伙转介业务,同行机构转介,天行,高凯,平安香港,澳门宏利,储蓄,环球货币保障计划,1,整付,美金,1000000,7800000,780000,,0,NONPI,,46003,46009,,#CALC!,,JK6077,肖锦源
D002077,,取消投保,Manulife 宏利 (澳门),KA业务,合伙转介业务,同行机构转介,天行,,民生上海,澳门宏利,储蓄,环球货币保障计划,5,年缴,美金,50000,390000,390000,250000,0,NONPI,,46006,46007,,#CALC!,,JF2281,赖晔敏
D002082,611222964,取消投保,怡泰财富管理有限公司,经代业务,BK业务,银行网点,平安银行,许菁,平安香港,香港永明金融有限公司,储蓄,永誉传承储蓄计划,1,整付,美金,1000000,7800000,780000,1000000,1,NONPI,,46007,46007,,,,JH6936,余迪慷
J001136,602069024,取消投保,九富保险服务有限公司,经代业务,同行经代,持牌经纪,唯思,唯思,同智顾问,香港永明金融有限公司,储蓄,万年青·星河尊享保险计划II,5,预缴,美金,30000,234000,234000,,0,NONPI,,46007,46008,46009,,战略合作,JJ8674,许家乐
J001138,602069025,取消投保,九富保险服务有限公司,经代业务,同行经代,持牌经纪,唯思,唯思,同智顾问,香港永明金融有限公司,储蓄,万年青·星河尊享保险计划II,5,预缴,美金,30000,234000,234000,,0,NONPI,,46007,46008,46009,,战略合作,JJ8674,许家乐
U000789,611227306,取消投保,众和恒富理财集团有限公司,经代业务,永明经代,持牌经纪,堡盛国际,堡盛国际,堡盛国际,香港永明金融有限公司,储蓄,万年青·星河尊享保险计划II,2,年缴,美金,30000,234000,234000,,0,NONPI,,46007,46009,46009,,姜通,JF7523,吕静文
U000791,611227350,取消投保,众和恒富理财集团有限公司,经代业务,永明经代,持牌经纪,堡盛国际,堡盛国际,堡盛国际,香港永明金融有限公司,储蓄,万年青·星河尊享保险计划II,2,预缴,美金,25000,195000,195000,,0,NONPI,,46008,46013,46014,,姜通,JK6768,林小莎
U000794,611227346,取消投保,众和恒富理财集团有限公司,经代业务,永明经代,持牌经纪,巨蚁环球,巨蚁环球,巨蚁环球,香港永明金融有限公司,储蓄,万年青·星河尊享保险计划II,5,年缴,美金,50000,390000,390000,,0,NONPI,,46008,46009,46013,,姜通,JK6768,林小莎
D002088,611208579,取消投保,怡泰财富管理有限公司,经代业务,BK业务,银行网点,民生银行,,民生北京,香港永明金融有限公司,储蓄,万年青·卓金保险计划II,5,年缴,美金,50000,390000,390000,250000,0,PI,,46010,46013,46014,,,JF2281,赖晔敏
D002095,,取消投保,Manulife 宏利 (澳门),KA业务,合伙转介业务,同行机构转介,天行,lily,李莉,澳门宏利,储蓄,环球货币保障计划,20,整付,美金,50000,390000,39000,,0,NONPI,,46013,46014,,#CALC!,,JH6936,余迪慷
D002097,611222974,取消投保,怡泰财富管理有限公司,经代业务,BK业务,银行网点,平安银行,高原,平安香港,香港永明金融有限公司,储蓄,永誉传承储蓄计划,1,整付,美金,1000000,7800000,780000,1000000,1,NONPI,,46015,46019,46031,,,JF2281,赖晔敏
U000830,611227467,取消投保,众和恒富理财集团有限公司,经代业务,永明经代,持牌经纪,堡盛国际,堡盛国际,堡盛国际,香港永明金融有限公司,储蓄,万年青·星河尊享保险计划II,2,预缴,美金,50000,390000,390000,,0,NONPI,,46021,46021,46022,,姜通,JK7517,王杰辉
U000832,611227356,取消投保,众和恒富理财集团有限公司,经代业务,永明经代,持牌经纪,时代保险,雅德保险,雅德保险,香港永明金融有限公司,储蓄,万年青·星河尊享保险计划II,5,年缴,美金,30000,234000,234000,,0,NONPI,,46021,46022,46029,,,JK6768,林小莎
D002106,611232102,取消投保,怡泰财富管理有限公司,经代业务,BK业务,银行网点,平安银行,高原,平安香港,香港永明金融有限公司,储蓄,永誉传承储蓄计划,1,整付,美金,500000,3900000,390000,500000,1,NONPI,8%,46021,46022,,,,JK6077,肖锦源
D001852,611208693,取消投保,怡泰财富管理有限公司,经代业务,BK业务,银行网点,平安银行,许菁,平安香港,香港永明金融有限公司,储蓄,永誉传承储蓄计划,1,整付,美金,1000000,7800000,780000,,1,NONPI,,45919,45919,45930,,,IA6464,连亮晴
U000759,611227323,取消投保,众和恒富理财集团有限公司,经代业务,永明经代,持牌经纪,企鹅保险,企鹅保险,企鹅保险,香港永明金融有限公司,储蓄,万年青·星河尊享保险计划II,2,年缴,美金,50000,390000,390000,,0,NONPI,,46000,46003,46003,46028,姜通,JK6768,林小莎
U000772,611227349,退保,众和恒富理财集团有限公司,经代业务,同行经代,持牌经纪,唯思,唯思,唯思财富顾问,香港永明金融有限公司,储蓄,万年青·星河尊享保险计划II,2,预缴,美金,25000,195000,195000,,0,NONPI,,46002,46006,46006,46029,战略合作,JK6768,林小莎
J001124,602069256,取消投保,九富保险服务有限公司,经代业务,永明经代,持牌经纪,卓樾会,卓樾会,卓樾会,香港永明金融有限公司,储蓄,万年青·星河尊享保险计划II,5,年缴,美金,20000,156000,156000,,0,NONPI,,46006,46006,46006,46028,姜通,JF7605,林思思
D002080,611232050,退保,怡泰财富管理有限公司,经代业务,BK业务,银行网点,民生银行,,民生北京,香港永明金融有限公司,储蓄,万年青·卓金保险计划II,5,年缴,美金,100000,780000,780000,500000,0,PI,,46007,46010,46013,46035,,JH6936,余迪慷
U000782,611227326,取消投保,众和恒富理财集团有限公司,经代业务,永明经代,持牌经纪,企鹅保险,企鹅保险,企鹅保险,香港永明金融有限公司,储蓄,万年青·星河尊享保险计划II,2,预缴,美金,25000,195000,195000,,0,NONPI,,46007,46007,46007,46027,姜通,JK6768,林小莎
U000784,611227298,取消投保,众和恒富理财集团有限公司,经代业务,同行经代,持牌经纪,唯思,唯思,唯思财富顾问,香港永明金融有限公司,储蓄,万年青·星河尊享保险计划II,2,年缴,人民币,150000,171000,171000,,0,NONPI,,46007,46008,46008,46028,战略合作,JF7523,吕静文
U000805,611227330,取消投保,众和恒富理财集团有限公司,经代业务,永明经代,持牌经纪,堡盛国际,堡盛国际,堡盛国际,香港永明金融有限公司,储蓄,万年青·星河尊享保险计划II,2,预缴,美金,140000,1092000,1092000,,0,NONPI,,46012,46014,46015,,姜通,JF7523,吕静文
D001799,611208687,取消投保,怡泰财富管理有限公司,经代业务,BK业务,银行网点,平安银行,徐艳,平安香港,香港永明金融有限公司,储蓄,永誉传承储蓄计划,1,整付,美金,500000,3900000,390000,,1,NONPI,,45870,45870,45903,,,JF2281,赖晔敏
D001890,611203263,取消投保,怡泰财富管理有限公司,经代业务,BK业务,银行网点,民生银行,,民生广州,香港永明金融有限公司,储蓄,万年青·卓金保险计划II,5,年缴,美金,50000,390000,390000,250000,0,PI,20%,45954,45958,45968,,,JK6077,肖锦源
D002083,611222965,取消投保,怡泰财富管理有限公司,经代业务,BK业务,银行网点,平安银行,许菁,平安香港,香港永明金融有限公司,储蓄,永誉传承储蓄计划,1,整付,美金,3000000,23400000,2340000,3000000,1,NONPI,0.07,46007,46007,46035,,,JH6936,余迪慷
U000243,A000002828,取消投保,众和恒富理财集团有限公司,KA业务,合伙转介业务,同行机构转介,雨泽,雨泽,白博文,中国太平洋保险（香港）有限公司,储蓄,金如意储蓄寿险计划,2,预缴,美金,150000,1170000,1170000,,0,NONPI,0.15,45882,45883,45887,,,JH9602,余文茜
J001199,602069392,取消投保,九富保险服务有限公司,经代业务,永明经代,持牌经纪,万森保险,万森保险,万森保险,香港永明金融有限公司,储蓄,万年青·星河尊享保险计划II,5,预缴,美金,10000,78000,78000,,0,NONPI,,46020,46021,46021,,高瑶,JJ8674,许家乐
J001200,602069387,取消投保,九富保险服务有限公司,经代业务,永明经代,持牌经纪,万森保险,万森保险,万森保险,香港永明金融有限公司,重疾,万家康卓越保,15,年缴,美金,6853,53453.4,53453.4,,0,NONPI,,46020,46021,46053,,高瑶,JJ8674,许家乐
J000880,602068839,取消投保,九富保险服务有限公司,代理人业务,成事家办,IYB分公司,杨帆,,杨帆,香港永明金融有限公司,储蓄,万年青·星河传承保险计划II,5,年缴,美金,30000,234000,234000,,0,NONPI,,45905,45913,,,,JJ3840,温海伦
J000968,602068903,取消投保,九富保险服务有限公司,代理人业务,天领业务,天领机构,天领重庆,鼎汇,吴迪,香港永明金融有限公司,储蓄,万年青·星河尊享保险计划II,5,年缴,美金,50000,390000,390000,,0,NONPI,,45933,45944,45947,,,JJ7859,张浩晖
J000969,602068902,取消投保,九富保险服务有限公司,代理人业务,天领业务,天领机构,天领重庆,鼎汇,吴迪,香港永明金融有限公司,储蓄,万年青·星河尊享保险计划II,5,年缴,美金,100000,780000,780000,,0,NONPI,,45933,45944,45947,,,JJ7859,张浩晖
D001880,611203254,取消投保,怡泰财富管理有限公司,经代业务,BK业务,银行网点,民生银行,,民生南京,香港永明金融有限公司,储蓄,万年青·卓金保险计划II,5,年缴,美金,50000,390000,390000,250000,0,PI,20%,45946,45950,45953,,,JK6077,肖锦源
D001955,611222930,取消投保,怡泰财富管理有限公司,经代业务,BK业务,银行网点,民生银行,,民生石家庄,香港永明金融有限公司,储蓄,永誉传承储蓄计划,1,整付,美金,1000000,7800000,780000,1000000,1,NONPI,8%,45972,45993,45999,,,JK6077,肖锦源
D002024,611222961,取消投保,怡泰财富管理有限公司,经代业务,BK业务,银行网点,民生银行,,民生南京,香港永明金融有限公司,储蓄,万年青·卓金保险计划II,5,年缴,美金,50000,390000,390000,250000,0,PI,20%,45980,45992,45992,,,JF2281,赖晔敏
J001052,602068963,取消投保,九富保险服务有限公司,代理人业务,天领业务,天领贴牌,宁波贴牌,欣村商务,李健,香港永明金融有限公司,储蓄,万年青·星河传承保险计划II,5,年缴,美金,100000,780000,780000,,0,NONPI,,45986,45987,45993,,,JJ5633,陈昊锴
D002076,611222817,取消投保,怡泰财富管理有限公司,经代业务,BK业务,银行网点,平安银行,徐艳,平安香港,香港永明金融有限公司,储蓄,永誉传承储蓄计划,1,整付,美金,500000,3900000,390000,,1,NONPI,0.07,46006,46009,46020,,,JF2281,赖晔敏
D002081,611222879,取消投保,怡泰财富管理有限公司,经代业务,BK业务,银行网点,民生银行,,民生重庆,香港永明金融有限公司,储蓄,万年青·卓金保险计划II,5,年缴,美金,100000,780000,780000,500000,0,PI,20%,46007,46007,46013,,,JH6936,余迪慷
J001159,602069273,取消投保,九富保险服务有限公司,经代业务,永明经代,持牌经纪,紫荆保险,紫荊保险,紫荊保险,香港永明金融有限公司,储蓄,万年青·星河尊享保险计划II,2,年缴,美金,100000,780000,780000,,0,NONPI,,46011,46014,46013,,,JL2755,唐婧瑶
J001160,602069274,取消投保,九富保险服务有限公司,经代业务,永明经代,持牌经纪,紫荆保险,紫荊保险,紫荊保险,香港永明金融有限公司,储蓄,万年青·星河尊享保险计划II,2,年缴,美金,50000,390000,390000,,0,NONPI,,46011,46014,46013,,,JL2755,唐婧瑶
J001162,602069372,取消投保,九富保险服务有限公司,代理人业务,成事家办,IYB分公司,丁洁,,丁洁,香港永明金融有限公司,储蓄,万年青·星河尊享保险计划II,2,年缴,美金,50000,390000,390000,,0,NONPI,,46013,46015,46021,,,JJ8674,许家乐
J001197,602069395,取消投保,九富保险服务有限公司,经代业务,永明经代,持牌经纪,紫荆保险,紫荊保险,紫荊保险,香港永明金融有限公司,储蓄,万年青·星河尊享保险计划II,5,年缴,美金,50000,390000,390000,,0,NONPI,,46020,46022,46053,,,JJ8674,许家乐
D001783,611203280,生效,怡泰财富管理有限公司,经代业务,BK业务,银行网点,民生银行,民生银行,民生南京分行,香港永明金融有限公司,储蓄,万年青·卓金保险计划II,5,预缴,美金,30000,234000,234000,150000,0,PI,59%,45849,45852,45854,46041,,JF9727,杨荔茜
D001822,611208566,生效,怡泰财富管理有限公司,经代业务,BK业务,银行网点,民生银行,民生银行,民生南京分行,香港永明金融有限公司,储蓄,万年青·卓金保险计划II,5,年缴,美金,50000,390000,390000,250000,0,NONPI,59%,45887,45891,45894,46049,,JF2281,赖晔敏
D001827,611203250,生效,怡泰财富管理有限公司,经代业务,BK业务,银行网点,民生银行,民生银行,民生南京分行,香港永明金融有限公司,储蓄,万年青·卓金保险计划II,2,预缴,美金,125000,975000,975000,250000,0,PI,8%,45903,45905,45909,46038,,JF9727,杨荔茜
U000365,611221282,生效,众和恒富理财集团有限公司,KA业务,合伙转介业务,同行机构转介,迪岸,迪岸,迪岸,香港永明金融有限公司,人寿,永延保障计划,12,年缴,美金,19770,154206,154206,1000000,0,NONPI,,45908,45912,45936,46156,,JF7523,吕静文
J000957,602068889,生效,九富保险服务有限公司,经代业务,永明经代,持牌经纪,万森保险,万森保险,万森保险,香港永明金融有限公司,储蓄,万年青·星河尊享保险计划II,2,年缴,美金,15000,117000,117000,30000,0,NONPI,,45929,45930,45952,46037,高瑶,,许家乐
D001855,611222772,生效,怡泰财富管理有限公司,经代业务,BK业务,银行网点,民生银行,民生银行,民生北京分行,香港永明金融有限公司,储蓄,万年青·卓金保险计划II,2,预缴,美金,100000,780000,780000,200000,0,PI,8%,45919,45930,45932,46057,,JH6936,余迪慷
D001878,611208600,生效,怡泰财富管理有限公司,经代业务,BK业务,银行网点,民生银行,民生银行,民生深圳分行,香港永明金融有限公司,储蓄,永誉传承储蓄计划,1,整付,美金,3000000,23400000,2340000,3000000,1,NONPI,3.50%,45945,45947,45947,46055,,JH6936,余迪慷
D001879,611208853,生效,怡泰财富管理有限公司,经代业务,BK业务,银行网点,民生银行,民生银行,民生广州分行,香港永明金融有限公司,储蓄,永誉传承储蓄计划,1,整付,美金,2000000,15600000,1560000,2000000,1,NONPI,3.50%,45947,45951,45953,46171,,JH6936,余迪慷
D001887,611203276,生效,怡泰财富管理有限公司,经代业务,BK业务,银行网点,民生银行,民生银行,民生广州分行,香港永明金融有限公司,储蓄,永誉传承储蓄计划,1,整付,美金,2000000,15600000,1560000,,1,NONPI,3.50%,45951,45952,45957,46136,,,肖锦源
FF000085,3818514788,生效,富强天一财富管理有限公司,经代业务,同行经代,持牌资管,利泰丰,利泰丰管理有限公司,李竞超,中银人寿保险有限公司,储蓄,薪火传承环球终身寿险计划,3,预缴,美金,1739999.93,13571999.45,13571999.45,5219999.79,0,PI,7.50%,45950,45954,45957,46038,,,邝淑娴
D001882,611222904,生效,怡泰财富管理有限公司,经代业务,BK业务,银行网点,民生银行,民生银行,民生北京分行,香港永明金融有限公司,储蓄,永誉传承储蓄计划,1,整付,美金,2000000,15600000,1560000,2000000,1,NONPI,3.50%,45950,45954,45957,46101,,,肖锦源
D001893,611222899,生效,怡泰财富管理有限公司,经代业务,BK业务,银行网点,平安银行,平安银行,平安香港分行许菁,香港永明金融有限公司,储蓄,永誉传承储蓄计划,1,整付,美金,10000000,78000000,7800000,10000000,1,NONPI,2.50%,45954,45956,45985,46098,,JH6936,余迪慷
D001891,611203242,生效,怡泰财富管理有限公司,经代业务,BK业务,银行网点,民生银行,民生银行,民生广州分行,香港永明金融有限公司,储蓄,永誉传承储蓄计划,1,整付,美金,2000000,15600000,1560000,2000000,1,NONPI,3.50%,45954,45958,45968,46136,,IA6464,连亮晴
D001896,611203259,生效,怡泰财富管理有限公司,经代业务,BK业务,银行网点,民生银行,民生银行,民生温州分行,香港永明金融有限公司,储蓄,万年青·卓金保险计划II,5,年缴,美金,100000,780000,780000,500000,0,NONPI,20%,45957,45958,45968,46028,,,肖锦源
D001903,611203244,生效,怡泰财富管理有限公司,经代业务,BK业务,银行网点,民生银行,民生银行,民生北京分行,香港永明金融有限公司,储蓄,永誉传承储蓄计划,1,整付,美金,2000000,15600000,1560000,2000000,1,NONPI,3.50%,45958,45958,45980,46065,,IA6464,连亮晴
D001900,611222850,生效,怡泰财富管理有限公司,经代业务,BK业务,银行网点,民生银行,民生银行,民生上海分行,香港永明金融有限公司,储蓄,永誉传承储蓄计划,1,整付,美金,560000,4368000,436800,560000,0,NONPI,3.50%,45957,45960,45960,46037,,JH6936,余迪慷
D001901,611203271,生效,怡泰财富管理有限公司,经代业务,BK业务,银行网点,民生银行,民生银行,民生广州分行,香港永明金融有限公司,储蓄,永誉传承储蓄计划,1,整付,美金,2000000,15600000,1560000,2000000,1,NONPI,3.50%,45957,45960,45972,46078,,,肖锦源
D001898,611203274,生效,怡泰财富管理有限公司,经代业务,BK业务,银行网点,民生银行,民生银行,民生深圳分行,香港永明金融有限公司,储蓄,永誉传承储蓄计划,1,整付,美金,2000000,15600000,1560000,2000000,1,NONPI,3.50%,45957,45960,45978,46055,,,肖锦源
FF000086,3818551288,生效,富强天一财富管理有限公司,经代业务,同行经代,持牌资管,利泰丰,利泰丰管理有限公司,李竞超,中银人寿保险有限公司,储蓄,薪火传承环球终身寿险计划,3,预缴,美金,1739999.93,13571999.45,13571999.45,5219999.79,0,PI,10.50%,45954,45960,45964,46038,,,邝淑娴
D001902,611222851,生效,怡泰财富管理有限公司,经代业务,BK业务,银行网点,民生银行,民生银行,民生广州分行,香港永明金融有限公司,储蓄,永誉传承储蓄计划,1,整付,美金,2000000,15600000,1560000,2000000,1,NONPI,3.50%,45958,45961,45968,46087,,JH6936,余迪慷
J000991,602068457,生效,九富保险服务有限公司,经代业务,同行经代,持牌经纪,唯思,同智顾问,同智顾问,香港永明金融有限公司,储蓄,万年青·星河尊享保险计划II,5,年缴,美金,5000,39000,39000,25000,0,NONPI,,45958,45961,45963,46036,战略合作,JJ7859,张浩晖
D001908,611222855,生效,怡泰财富管理有限公司,经代业务,BK业务,银行网点,民生银行,民生银行,民生广州分行,香港永明金融有限公司,储蓄,永誉传承储蓄计划,1,整付,美金,3000000,23400000,2340000,3000000,1,NONPI,3.50%,45966,45967,45973,46077,,JH6936,余迪慷
D001906,611227270,生效,怡泰财富管理有限公司,经代业务,BK业务,银行网点,民生银行,民生银行,民生广州分行,香港永明金融有限公司,储蓄,永誉传承储蓄计划,1,整付,美金,3000000,23400000,2340000,3000000,1,NONPI,3.50%,45965,45967,45973,46055,,JH6936,余迪慷
J001000,602068908,生效,九富保险服务有限公司,代理人业务,成事家办,IYB分公司,杨璐熙,杨璐熙,杨璐熙,香港永明金融有限公司,储蓄,万年青·星河尊享保险计划II,5,预缴,美金,100000,780000,780000,500000,0,NONPI,20%,45966,45968,45971,46049,,,许家乐
D001917,611222849,生效,怡泰财富管理有限公司,经代业务,BK业务,银行网点,民生银行,民生银行,民生北京分行,香港永明金融有限公司,储蓄,永誉传承储蓄计划,1,整付,美金,1500000,11700000,1170000,,1,NONPI,3.50%,45967,45971,45973,46080,,JH6936,余迪慷
D001910,611222802,生效,怡泰财富管理有限公司,经代业务,BK业务,银行网点,民生银行,民生银行,民生南京分行,香港永明金融有限公司,储蓄,永誉传承储蓄计划,1,整付,美金,2500000,19500000,1950000,2500000,1,NONPI,3.50%,45967,45971,45978,46066,,JF2281,赖晔敏
D001936,611222897,生效,怡泰财富管理有限公司,经代业务,BK业务,银行网点,民生银行,民生银行,民生广州分行,香港永明金融有限公司,储蓄,永誉传承储蓄计划,1,整付,美金,2000000,15600000,1560000,2000000,1,NONPI,3.50%,45968,45972,45986,46066,,,肖锦源
D001914,611208703,生效,怡泰财富管理有限公司,经代业务,BK业务,银行网点,民生银行,民生银行,民生广州分行,香港永明金融有限公司,储蓄,永誉传承储蓄计划,1,整付,美金,2000000,15600000,1560000,2000000,1,NONPI,3.50%,45967,45972,45981,46136,,JF2281,赖晔敏
D001935,611208701,生效,怡泰财富管理有限公司,经代业务,BK业务,银行网点,民生银行,民生银行,民生南京分行,香港永明金融有限公司,储蓄,永誉传承储蓄计划,1,整付,美金,2000000,15600000,1560000,2000000,1,NONPI,3.50%,45968,45972,45975,46064,,JH9449,李思齐
D001915,611222903,生效,怡泰财富管理有限公司,经代业务,BK业务,银行网点,民生银行,民生银行,民生广州分行,香港永明金融有限公司,储蓄,永誉传承储蓄计划,1,整付,美金,2000000,15600000,1560000,2000000,1,NONPI,3.50%,45967,45972,45987,46057,,,肖锦源
J001004,602068917,生效,九富保险服务有限公司,经代业务,永明经代,持牌经纪,万森保险,万森保险,万森保险,香港永明金融有限公司,储蓄,万年青·星河尊享保险计划II,5,预缴,美金,15000,117000,117000,75000,0,NONPI,,45971,45972,45972,46057,高瑶,,许家乐
D001957,611222895,生效,怡泰财富管理有限公司,经代业务,BK业务,银行网点,民生银行,民生银行,民生广州分行,香港永明金融有限公司,储蓄,永誉传承储蓄计划,1,整付,美金,10000000,78000000,7800000,10000000,1,NONPI,5%,45972,45973,45992,46080,,JF2281,赖晔敏
D001942,611208857,生效,怡泰财富管理有限公司,经代业务,BK业务,银行网点,民生银行,民生银行,民生沈阳分行,香港永明金融有限公司,储蓄,永誉传承储蓄计划,1,整付,美金,2000000,15600000,1560000,2000000,1,NONPI,3.50%,45971,45973,45985,46079,,JH6936,余迪慷
D001946,611208848,生效,怡泰财富管理有限公司,经代业务,BK业务,银行网点,民生银行,民生银行,民生杭州分行,香港永明金融有限公司,储蓄,永誉传承储蓄计划,1,整付,美金,2000000,15600000,1560000,2000000,1,NONPI,3.50%,45972,45974,45979,46101,,JH6936,余迪慷
D001934,611222906,生效,怡泰财富管理有限公司,经代业务,BK业务,银行网点,民生银行,民生银行,民生香港分行梁驹团队,香港永明金融有限公司,储蓄,永誉传承储蓄计划,1,整付,美金,1000000,7800000,780000,1000000,1,NONPI,3.50%,45968,45974,45987,46083,,,肖锦源
D001930,611222901,生效,怡泰财富管理有限公司,经代业务,BK业务,银行网点,民生银行,民生银行,民生南京分行,香港永明金融有限公司,储蓄,永誉传承储蓄计划,1,整付,美金,2000000,15600000,1560000,2000000,1,NONPI,3.50%,45968,45974,45978,46064,,JF2281,赖晔敏
D001962,611222908,生效,怡泰财富管理有限公司,经代业务,BK业务,银行网点,民生银行,民生银行,民生深圳分行,香港永明金融有限公司,储蓄,永誉传承储蓄计划,1,整付,美金,2000000,15600000,1560000,2000000,1,NONPI,3.50%,45973,45974,45995,46078,,,肖锦源
D001911,611222805,生效,怡泰财富管理有限公司,经代业务,BK业务,银行网点,民生银行,民生银行,民生上海分行,香港永明金融有限公司,储蓄,永誉传承储蓄计划,1,整付,美金,2000000,15600000,1560000,2000000,1,NONPI,3.50%,45967,45974,45981,46063,,JF2281,赖晔敏
D001922,611222909,生效,怡泰财富管理有限公司,经代业务,BK业务,银行网点,民生银行,民生银行,民生重庆分行,香港永明金融有限公司,储蓄,永誉传承储蓄计划,1,整付,美金,2000000,15600000,1560000,2000000,1,NONPI,3.50%,45968,45974,45987,46104,,,肖锦源
D001963,611222854,生效,怡泰财富管理有限公司,经代业务,BK业务,银行网点,民生银行,民生银行,民生南京分行,香港永明金融有限公司,储蓄,永誉传承储蓄计划,1,整付,美金,2000000,15600000,1560000,2000000,1,NONPI,3.50%,45973,45974,45979,46073,,JH6936,余迪慷
D001961,611222857,生效,怡泰财富管理有限公司,经代业务,BK业务,银行网点,民生银行,民生银行,民生贵阳分行,香港永明金融有限公司,储蓄,永誉传承储蓄计划,1,整付,美金,2000000,15600000,1560000,2000000,1,NONPI,3.50%,45973,45975,45979,46083,,JH6936,余迪慷
D001976,611222947,生效,怡泰财富管理有限公司,经代业务,BK业务,银行网点,民生银行,民生银行,民生深圳分行,香港永明金融有限公司,储蓄,永誉传承储蓄计划,1,整付,美金,2000000,15600000,1560000,2000000,1,NONPI,3.50%,45973,45975,45989,46077,,IA6464,连亮晴
D001947,611222910,生效,怡泰财富管理有限公司,经代业务,BK业务,银行网点,民生银行,民生银行,民生南京分行,香港永明金融有限公司,储蓄,永誉传承储蓄计划,1,整付,美金,1000000,7800000,780000,1000000,1,NONPI,3.50%,45972,45975,45993,46078,,,肖锦源
D001949,611222911,生效,怡泰财富管理有限公司,经代业务,BK业务,银行网点,民生银行,民生银行,民生南京分行,香港永明金融有限公司,储蓄,永誉传承储蓄计划,1,整付,美金,1000000,7800000,780000,1000000,1,NONPI,3.50%,45972,45975,45993,46129,,,肖锦源
D001948,611222948,生效,怡泰财富管理有限公司,经代业务,BK业务,银行网点,民生银行,民生银行,民生南京分行,香港永明金融有限公司,储蓄,永誉传承储蓄计划,1,整付,美金,1000000,7800000,780000,1000000,1,NONPI,3.50%,45972,45975,45993,46133,,IA6464,连亮晴
D001950,611222912,生效,怡泰财富管理有限公司,经代业务,BK业务,银行网点,民生银行,民生银行,民生南京分行,香港永明金融有限公司,储蓄,永誉传承储蓄计划,1,整付,美金,1600000,12480000,1248000,1600000,1,NONPI,3.50%,45972,45975,45995,46129,,,肖锦源
D001907,611222808,生效,怡泰财富管理有限公司,经代业务,BK业务,银行网点,民生银行,民生银行,民生上海分行,香港永明金融有限公司,储蓄,永誉传承储蓄计划,1,整付,美金,2000000,15600000,1560000,2000000,1,NONPI,3.50%,45966,45975,45981,46098,,JF2281,赖晔敏
D001945,611222861,生效,怡泰财富管理有限公司,经代业务,BK业务,银行网点,民生银行,民生银行,民生杭州分行,香港永明金融有限公司,储蓄,永誉传承储蓄计划,1,整付,美金,2000000,15600000,1560000,2000000,1,NONPI,3.50%,45971,45975,45992,46107,,JH6936,余迪慷
D001956,611222951,生效,怡泰财富管理有限公司,经代业务,BK业务,银行网点,民生银行,民生银行,民生杭州分行,香港永明金融有限公司,储蓄,永誉传承储蓄计划,1,整付,美金,1500000,11700000,1170000,1500000,1,NONPI,3.50%,45972,45975,45989,46105,,IA6464,连亮晴
D001988,611222946,生效,怡泰财富管理有限公司,经代业务,BK业务,银行网点,民生银行,民生银行,民生深圳分行,香港永明金融有限公司,储蓄,永誉传承储蓄计划,1,整付,美金,3000000,23400000,2340000,3000000,1,NONPI,3.50%,45974,45975,45987,46076,,JF2281,赖晔敏
D001941,611222913,生效,怡泰财富管理有限公司,经代业务,BK业务,银行网点,民生银行,民生银行,民生厦门分行,香港永明金融有限公司,储蓄,永誉传承储蓄计划,1,整付,美金,2000000,15600000,1560000,2000000,1,NONPI,3.50%,45971,45975,45995,46099,,,肖锦源
J001015,602068949,生效,九富保险服务有限公司,代理人业务,成事家办,IYB分公司,杨帆,杨帆,杨帆,香港永明金融有限公司,储蓄,万年青·星河传承保险计划II,5,预缴,美金,30000,234000,234000,150000,0,NONPI,,45975,45976,45978,46142,,JJ5633,陈昊锴
D001952,611222803,生效,怡泰财富管理有限公司,经代业务,BK业务,银行网点,民生银行,民生银行,民生南京分行,香港永明金融有限公司,储蓄,永誉传承储蓄计划,1,整付,美金,1600000,12480000,1248000,1600000,1,NONPI,3.50%,45972,45978,45995,46171,,JF2281,赖晔敏
D001971,611222862,生效,怡泰财富管理有限公司,经代业务,BK业务,银行网点,平安银行,平安银行,平安香港分行徐艳,香港永明金融有限公司,储蓄,永誉传承储蓄计划,1,整付,美金,4000000,31200000,3120000,4000000,1,NONPI,2.50%,45973,45978,45985,46024,,JH6936,余迪慷
D001951,611222914,生效,怡泰财富管理有限公司,经代业务,BK业务,银行网点,民生银行,民生银行,民生南京分行,香港永明金融有限公司,储蓄,永誉传承储蓄计划,1,整付,美金,1500000,11700000,1170000,1500000,1,NONPI,3.50%,45972,45978,45980,46078,,,肖锦源
D002012,611222915,生效,怡泰财富管理有限公司,经代业务,BK业务,银行网点,民生银行,民生银行,民生南京分行,香港永明金融有限公司,储蓄,永誉传承储蓄计划,1,整付,美金,3000000,23400000,2340000,3000000,1,NONPI,3.50%,45975,45978,45993,46122,,,肖锦源
D001966,611222916,生效,怡泰财富管理有限公司,经代业务,BK业务,银行网点,民生银行,民生银行,民生武汉分行,香港永明金融有限公司,储蓄,永誉传承储蓄计划,1,整付,美金,2000000,15600000,1560000,2000000,1,NONPI,3.50%,45973,45978,45987,46078,,JF2281,赖晔敏
D001998,611222871,生效,怡泰财富管理有限公司,经代业务,BK业务,银行网点,民生银行,民生银行,民生温州分行,香港永明金融有限公司,储蓄,永誉传承储蓄计划,1,整付,美金,2000000,15600000,1560000,2000000,1,NONPI,3.50%,45974,45979,45993,46057,,JH6936,余迪慷
D001999,611222872,生效,怡泰财富管理有限公司,经代业务,BK业务,银行网点,民生银行,民生银行,民生温州分行,香港永明金融有限公司,储蓄,万年青·卓金保险计划II,5,预缴,美金,60000,468000,468000,300000,0,PI,20%,45974,45979,45993,46097,,JH6936,余迪慷
D001996,611222917,生效,怡泰财富管理有限公司,经代业务,BK业务,银行网点,民生银行,民生银行,民生嘉兴分行,香港永明金融有限公司,储蓄,永誉传承储蓄计划,1,整付,美金,2000000,15600000,1560000,2000000,1,NONPI,3.50%,45974,45979,45992,46064,,,肖锦源
D002015,611222905,生效,怡泰财富管理有限公司,经代业务,BK业务,银行网点,民生银行,民生银行,民生南京分行,香港永明金融有限公司,储蓄,永誉传承储蓄计划,1,整付,美金,1600000,12480000,1248000,1600000,1,NONPI,3.50%,45975,45979,45981,46063,,JF2281,赖晔敏
D001960,611222818,生效,怡泰财富管理有限公司,经代业务,BK业务,银行网点,民生银行,民生银行,民生南京分行,香港永明金融有限公司,储蓄,永誉传承储蓄计划,1,整付,美金,1600000,12480000,1248000,1600000,1,NONPI,3.50%,45973,45979,45981,46078,,JF2281,赖晔敏
D002003,611222920,生效,怡泰财富管理有限公司,经代业务,BK业务,银行网点,民生银行,民生银行,民生南京分行,香港永明金融有限公司,储蓄,永誉传承储蓄计划,1,整付,美金,1600000,12480000,1248000,1600000,1,NONPI,3.50%,45975,45979,46001,46080,,,肖锦源
D002004,611222918,生效,怡泰财富管理有限公司,经代业务,BK业务,银行网点,民生银行,民生银行,民生南京分行,香港永明金融有限公司,储蓄,永誉传承储蓄计划,1,整付,美金,1600000,12480000,1248000,1600000,1,NONPI,3.50%,45975,45979,46002,46080,,,肖锦源
D001972,611222806,生效,怡泰财富管理有限公司,经代业务,BK业务,银行网点,民生银行,民生银行,民生深圳分行,香港永明金融有限公司,储蓄,永誉传承储蓄计划,1,整付,美金,2000000,15600000,1560000,2000000,1,NONPI,3.50%,45973,45980,45981,46055,,JF2281,赖晔敏
J001018,602068922,生效,九富保险服务有限公司,经代业务,永明经代,持牌经纪,万森保险,万森保险,万森保险,香港永明金融有限公司,储蓄,万年青·星河尊享保险计划II,2,预缴,美金,25000,195000,195000,50000,0,NONPI,,45975,45980,45982,46041,高瑶,,许家乐
D001977,611222922,生效,怡泰财富管理有限公司,经代业务,BK业务,银行网点,民生银行,民生银行,民生深圳分行,香港永明金融有限公司,储蓄,永誉传承储蓄计划,1,整付,美金,1000000,7800000,780000,1000000,1,NONPI,3.50%,45973,45981,45995,46077,,,肖锦源
D001929,611222836,生效,怡泰财富管理有限公司,经代业务,BK业务,银行网点,民生银行,民生银行,民生广州分行,香港永明金融有限公司,储蓄,永誉传承储蓄计划,1,整付,美金,2000000,15600000,1560000,2000000,1,NONPI,3.50%,45968,45981,45992,46066,,JF2281,赖晔敏
D001921,611222874,生效,怡泰财富管理有限公司,经代业务,BK业务,银行网点,民生银行,民生银行,民生广州分行,香港永明金融有限公司,储蓄,永誉传承储蓄计划,1,整付,美金,2000000,15600000,1560000,2000000,1,NONPI,3.50%,45968,45981,45992,46080,,JH6936,余迪慷
J001011,602068952,生效,九富保险服务有限公司,代理人业务,天领业务,天领机构,天领重庆,重庆经代,吴希雯,香港永明金融有限公司,储蓄,万年青·星河传承保险计划II,5,预缴,美金,15000,117000,117000,75000,0,NONPI,,45973,45981,45986,46029,,JJ5633,陈昊锴
D002020,611222820,生效,怡泰财富管理有限公司,经代业务,BK业务,银行网点,民生银行,民生银行,民生南京分行,香港永明金融有限公司,储蓄,永誉传承储蓄计划,1,整付,美金,1000000,7800000,780000,1000000,1,NONPI,3.50%,45979,45981,45987,46129,,JF2281,赖晔敏
D001954,611222898,生效,怡泰财富管理有限公司,经代业务,BK业务,银行网点,民生银行,民生银行,民生北京分行,香港永明金融有限公司,储蓄,永誉传承储蓄计划,1,整付,美金,2000000,15600000,1560000,2000000,1,NONPI,3.50%,45972,45981,45989,46063,,JH6936,余迪慷
D002018,611222996,生效,怡泰财富管理有限公司,经代业务,BK业务,银行网点,民生银行,民生银行,民生上海分行,香港永明金融有限公司,储蓄,永誉传承储蓄计划,1,整付,美金,2000000,15600000,1560000,2000000,1,NONPI,3.50%,45978,45981,45995,46101,,IA6464,连亮晴
D002025,611222998,生效,怡泰财富管理有限公司,经代业务,BK业务,银行网点,民生银行,民生银行,民生上海分行,香港永明金融有限公司,储蓄,万年青·卓金保险计划II,5,年缴,美金,100000,780000,780000,500000,0,PI,20%,45980,45981,45995,46035,,IA6464,连亮晴
D001940,611222864,生效,怡泰财富管理有限公司,经代业务,BK业务,银行网点,民生银行,民生银行,民生北京分行,香港永明金融有限公司,储蓄,永誉传承储蓄计划,1,整付,美金,1000000,7800000,780000,1000000,1,NONPI,3.50%,45971,45982,45993,46080,,JH6936,余迪慷
D002014,611222809,生效,怡泰财富管理有限公司,经代业务,BK业务,银行网点,民生银行,民生银行,民生南京分行,香港永明金融有限公司,储蓄,永誉传承储蓄计划,1,整付,美金,1600000,12480000,1248000,1600000,1,NONPI,3.50%,45975,45982,45986,46136,,JF2281,赖晔敏
D002005,611222847,生效,怡泰财富管理有限公司,经代业务,BK业务,银行网点,民生银行,民生银行,民生南京分行,香港永明金融有限公司,储蓄,永誉传承储蓄计划,1,整付,美金,2000000,15600000,1560000,2000000,1,NONPI,3.50%,45975,45982,45993,46078,,JH6936,余迪慷
D002011,611222924,生效,怡泰财富管理有限公司,经代业务,BK业务,银行网点,民生银行,民生银行,民生上海分行,香港永明金融有限公司,储蓄,永誉传承储蓄计划,1,整付,美金,1000000,7800000,780000,1000000,1,NONPI,3.50%,45975,45982,45993,46105,,,肖锦源
D001981,611222997,生效,怡泰财富管理有限公司,经代业务,BK业务,银行网点,民生银行,民生银行,民生杭州分行,香港永明金融有限公司,储蓄,永誉传承储蓄计划,1,整付,美金,2000000,15600000,1560000,2000000,1,NONPI,3.50%,45974,45982,45986,46101,,JF2281,赖晔敏
D001987,611222865,生效,怡泰财富管理有限公司,经代业务,BK业务,银行网点,民生银行,民生银行,民生北京分行,香港永明金融有限公司,储蓄,永誉传承储蓄计划,1,整付,美金,2000000,15600000,1560000,2000000,1,NONPI,3.50%,45974,45982,45993,46098,,JH6936,余迪慷
D002007,611222925,生效,怡泰财富管理有限公司,经代业务,BK业务,银行网点,民生银行,民生银行,民生南京分行,香港永明金融有限公司,储蓄,永誉传承储蓄计划,1,整付,美金,2000000,15600000,1560000,2000000,1,NONPI,3.50%,45975,45982,45996,46128,,,肖锦源
D002008,611222952,生效,怡泰财富管理有限公司,经代业务,BK业务,银行网点,民生银行,民生银行,民生南京分行,香港永明金融有限公司,储蓄,永誉传承储蓄计划,1,整付,美金,2000000,15600000,1560000,2000000,1,NONPI,3.50%,45975,45982,45987,46064,,JF2281,赖晔敏
D002026,611222866,生效,怡泰财富管理有限公司,经代业务,BK业务,银行网点,民生银行,民生银行,民生北京分行,香港永明金融有限公司,储蓄,万年青·卓金保险计划II,5,年缴,美金,100000,780000,780000,500000,0,PI,20%,45982,45982,45993,46057,,JH6936,余迪慷
U000679,611222795,生效,众和恒富理财集团有限公司,经代业务,同行经代,持牌经纪,唯思,唯思财富顾问,唯思财富顾问,香港永明金融有限公司,重疾,万家康卓越保,20,年缴,美金,1308,10202.4,10202.4,40000,0,NONPI,,45982,45983,46003,46042,战略合作,JH9602,余文茜
D002009,611222834,生效,怡泰财富管理有限公司,经代业务,BK业务,银行网点,民生银行,民生银行,民生南京分行,香港永明金融有限公司,储蓄,永誉传承储蓄计划,1,整付,美金,1000000,7800000,780000,1000000,1,NONPI,3.50%,45975,45985,45986,46136,,JF2281,赖晔敏
D001995,611222890,生效,怡泰财富管理有限公司,经代业务,BK业务,银行网点,民生银行,民生银行,民生香港分行梁驹团队,香港永明金融有限公司,储蓄,永誉传承储蓄计划,1,整付,美金,1300000,10140000,1014000,1300000,1,NONPI,3.50%,45974,45985,45989,46080,,JH6936,余迪慷
D001992,611222926,生效,怡泰财富管理有限公司,经代业务,BK业务,银行网点,民生银行,民生银行,民生深圳分行,香港永明金融有限公司,储蓄,永誉传承储蓄计划,1,整付,美金,2000000,15600000,1560000,2000000,1,NONPI,3.50%,45974,45985,46000,46080,,,肖锦源
J001039,602068935,生效,九富保险服务有限公司,经代业务,永明经代,持牌经纪,香港宜达,香港宜达,香港宜达,香港永明金融有限公司,重疾,永明危疾家康保,10,年缴,美金,5104.5,39815.1,39815.1,,0,NONPI,,45985,45985,45996,46079,姜通,,许家乐
D001938,611222867,生效,怡泰财富管理有限公司,经代业务,BK业务,银行网点,民生银行,民生银行,民生广州分行,香港永明金融有限公司,储蓄,永誉传承储蓄计划,1,整付,美金,2000000,15600000,1560000,2000000,1,NONPI,3.50%,45968,45986,45993,46078,,JH6936,余迪慷
D002010,611208684,生效,怡泰财富管理有限公司,经代业务,BK业务,银行网点,民生银行,民生银行,民生南京分行,香港永明金融有限公司,储蓄,永誉传承储蓄计划,1,整付,美金,1000000,7800000,780000,1000000,1,NONPI,3.50%,45975,45986,45996,46128,,,肖锦源
D002027,611222873,生效,怡泰财富管理有限公司,经代业务,BK业务,银行网点,民生银行,民生银行,民生武汉分行,香港永明金融有限公司,储蓄,永誉传承储蓄计划,1,整付,美金,1000000,7800000,780000,1000000,1,NONPI,3.50%,45982,45986,45993,46129,,JH6936,余迪慷
D002017,611208694,生效,怡泰财富管理有限公司,经代业务,BK业务,银行网点,民生银行,民生银行,民生南京分行,香港永明金融有限公司,储蓄,永誉传承储蓄计划,1,整付,美金,2000000,15600000,1560000,2000000,1,NONPI,3.50%,45978,45987,45992,46135,,JF2281,赖晔敏
D001989,611222891,生效,怡泰财富管理有限公司,经代业务,BK业务,银行网点,民生银行,民生银行,民生深圳分行,香港永明金融有限公司,储蓄,永誉传承储蓄计划,1,整付,美金,1000000,7800000,780000,1000000,1,NONPI,3.50%,45974,45987,46000,46077,,JH6936,余迪慷
J001036,602068959,生效,九富保险服务有限公司,代理人业务,天领业务,天领贴牌,宁波贴牌,宁波,宁波,香港永明金融有限公司,储蓄,万年青·星河传承保险计划II,5,年缴,美金,100000,780000,780000,500000,0,NONPI,,45981,45987,45993,46038,,JJ5633,陈昊锴
J001035,602068938,生效,九富保险服务有限公司,代理人业务,天领业务,天领贴牌,宁波贴牌,宁波,宁波,香港永明金融有限公司,储蓄,万年青·星河传承保险计划II,5,预缴,美金,10000,78000,78000,50000,0,NONPI,,45981,45987,45988,46036,,,许家乐
D001925,611222892,生效,怡泰财富管理有限公司,经代业务,BK业务,银行网点,民生银行,民生银行,民生北京分行,香港永明金融有限公司,储蓄,永誉传承储蓄计划,1,整付,美金,2000000,15600000,1560000,2000000,1,NONPI,3.50%,45968,45987,45999,46093,,JH6936,余迪慷
D001986,611222846,生效,怡泰财富管理有限公司,经代业务,BK业务,银行网点,民生银行,民生银行,民生北京分行,香港永明金融有限公司,储蓄,永誉传承储蓄计划,1,整付,美金,1180000,9204000,920400,1180000,1,NONPI,3.50%,45974,45987,45996,46086,,JF2281,赖晔敏
J001049,602068986,生效,九富保险服务有限公司,经代业务,同行经代,持牌经纪,唯思,同智顾问,同智顾问,香港永明金融有限公司,重疾,万家康卓越保,10,年缴,美金,3608,28142.4,28142.4,200000,0,NONPI,,45985,45987,45995,46028,战略合作,JF7605,林思思
D002031,611222927,生效,怡泰财富管理有限公司,经代业务,BK业务,银行网点,民生银行,民生银行,民生重庆分行,香港永明金融有限公司,储蓄,永誉传承储蓄计划,1,整付,美金,2000000,15600000,1560000,2000000,1,NONPI,3.50%,45986,45987,46000,46142,,,肖锦源
D001985,611222955,生效,怡泰财富管理有限公司,经代业务,BK业务,银行网点,民生银行,民生银行,民生嘉兴分行,香港永明金融有限公司,储蓄,永誉传承储蓄计划,1,整付,美金,2000000,15600000,1560000,2000000,1,NONPI,3.50%,45974,45988,45992,46101,,JF2281,赖晔敏
D002037,611222877,生效,怡泰财富管理有限公司,经代业务,BK业务,银行网点,平安银行,平安银行,平安香港分行徐艳,香港永明金融有限公司,储蓄,永誉传承储蓄计划,1,整付,美金,3000000,23400000,2340000,3000000,1,NONPI,2.50%,45988,45989,46007,46041,,JH6936,余迪慷
D002029,611222929,生效,怡泰财富管理有限公司,经代业务,BK业务,银行网点,民生银行,民生银行,民生上海分行,香港永明金融有限公司,储蓄,永誉传承储蓄计划,1,整付,美金,3000000,23400000,2340000,3000000,1,NONPI,3.50%,45985,45989,46000,46100,,,肖锦源
D002028,611222958,生效,怡泰财富管理有限公司,经代业务,BK业务,银行网点,民生银行,民生银行,民生上海分行,香港永明金融有限公司,储蓄,永誉传承储蓄计划,1,整付,美金,5000000,39000000,3900000,5000000,1,NONPI,4.50%,45985,45989,45993,46100,,JF2281,赖晔敏
J001061,602068988,生效,九富保险服务有限公司,代理人业务,天领业务,天领机构,天领重庆,重庆经代,余美玲,香港永明金融有限公司,人寿,永护保障计划,12,年缴,美金,6510,50778,50778,,0,NONPI,,45989,45989,45995,46037,,JF7605,林思思
J001053,602068942,生效,九富保险服务有限公司,代理人业务,天领业务,天领机构,天领重庆,重庆经代,王惠琴,香港永明金融有限公司,储蓄,万年青·星河尊享保险计划II,5,预缴,美金,15000,117000,117000,75000,0,NONPI,,45986,45989,45996,46028,,,许家乐
J001058,602068990,生效,九富保险服务有限公司,代理人业务,天领业务,天领机构,天领重庆,重庆经代,余美玲,香港永明金融有限公司,储蓄,万年青·星河尊享保险计划II,5,预缴,美金,30000,234000,234000,150000,0,NONPI,,45987,45989,45995,46028,,JF7605,林思思
J001055,602068940,生效,九富保险服务有限公司,经代业务,同行经代,持牌经纪,唯思,同智顾问,同智顾问,香港永明金融有限公司,储蓄,万年青·星河尊享保险计划II,2,年缴,美金,58000,452400,452400,116000,0,NONPI,,45986,45995,45999,46036,战略合作,,许家乐
D002042,611222812,生效,怡泰财富管理有限公司,经代业务,BK业务,银行网点,民生银行,民生银行,民生上海分行,香港永明金融有限公司,储蓄,永誉传承储蓄计划,1,整付,美金,2000000,15600000,1560000,2000000,1,NONPI,3.50%,45992,45995,46002,46076,,JF2281,赖晔敏
J001067,602068944,生效,九富保险服务有限公司,经代业务,同行经代,持牌经纪,唯思,同智顾问,同智顾问,香港永明金融有限公司,储蓄,万年青·星河尊享保险计划II,2,年缴,美金,150000,1170000,1170000,300000,0,NONPI,,45992,45995,45999,46042,战略合作,,许家乐
D002041,611222931,生效,怡泰财富管理有限公司,经代业务,BK业务,银行网点,民生银行,民生银行,民生上海分行,香港永明金融有限公司,储蓄,永誉传承储蓄计划,1,整付,美金,1000000,7800000,780000,1000000,1,NONPI,3.50%,45992,45995,45999,46077,,,肖锦源
D002043,611222813,生效,怡泰财富管理有限公司,经代业务,BK业务,银行网点,民生银行,民生银行,民生上海分行,香港永明金融有限公司,储蓄,永誉传承储蓄计划,1,整付,美金,2000000,15600000,1560000,2000000,1,NONPI,3.50%,45992,45996,46002,46080,,JF2281,赖晔敏
D001990,611222954,生效,怡泰财富管理有限公司,经代业务,BK业务,银行网点,民生银行,民生银行,民生深圳分行,香港永明金融有限公司,储蓄,永誉传承储蓄计划,1,整付,美金,2000000,15600000,1560000,2000000,1,NONPI,3.50%,45974,45996,46013,46077,,JH6936,余迪慷
D001965,611222932,生效,怡泰财富管理有限公司,经代业务,BK业务,银行网点,民生银行,民生银行,民生上海分行,香港永明金融有限公司,储蓄,永誉传承储蓄计划,1,整付,美金,3000000,23400000,2340000,3000000,1,NONPI,3.50%,45992,45996,46001,46101,,,肖锦源
J001073,602069011,生效,九富保险服务有限公司,经代业务,永明经代,持牌经纪,德方集团,德方集团,德方集团,香港永明金融有限公司,储蓄,万年青·星河传承保险计划II,5,预缴,美金,50000,390000,390000,250000,0,NONPI,,45993,45996,45996,46036,,,许家乐
J001078,602068962,生效,九富保险服务有限公司,代理人业务,天领业务,天领机构,天领重庆,重庆经代,程琦,香港永明金融有限公司,储蓄,万年青·星河尊享保险计划II,5,预缴,美金,50000,390000,390000,250000,0,NONPI,,45994,45996,45999,46037,,JJ5633,陈昊锴
D002049,611222933,生效,怡泰财富管理有限公司,经代业务,BK业务,银行网点,民生银行,民生银行,民生南京分行,香港永明金融有限公司,储蓄,万年青·卓金保险计划II,5,年缴,美金,50000,390000,390000,250000,0,PI,59%,45995,45996,46001,46043,,,肖锦源
D001909,611222807,生效,怡泰财富管理有限公司,经代业务,BK业务,银行网点,民生银行,民生银行,民生上海分行,香港永明金融有限公司,储蓄,永誉传承储蓄计划,1,整付,美金,2000000,15600000,1560000,2000000,1,NONPI,3.50%,45966,45996,46003,46080,,JF2281,赖晔敏
J001059,602068961,生效,九富保险服务有限公司,代理人业务,天领业务,天领机构,天领重庆,重庆经代,徐雪,香港永明金融有限公司,储蓄,万年青·星河尊享保险计划II,5,预缴,美金,10000,78000,78000,50000,0,NONPI,,45988,45996,45998,46029,,JJ5633,陈昊锴
U000726,611224837,生效,众和恒富理财集团有限公司,经代业务,永明经代,持牌经纪,堡盛国际,堡盛国际,堡盛国际,香港永明金融有限公司,储蓄,万年青·星河尊享保险计划II,5,预缴,美金,20000,156000,156000,100000,0,NONPI,,45993,45999,46003,46029,姜通,JK6768,林小莎
J001088,602068976,生效,九富保险服务有限公司,经代业务,同行经代,持牌经纪,唯思,同智顾问,同智顾问,香港永明金融有限公司,储蓄,万年青·星河尊享保险计划II,5,预缴,美金,20000,156000,156000,100000,0,NONPI,,45996,45999,46006,46029,战略合作,JF7605,林思思
U000741,611208688,生效,众和恒富理财集团有限公司,经代业务,永明经代,持牌经纪,堡盛国际,堡盛国际,堡盛国际,香港永明金融有限公司,储蓄,万年青·星河尊享保险计划II,2,预缴,美金,50000,390000,390000,100000,0,NONPI,,45996,45999,46003,46028,姜通,JK6768,林小莎
U000748,611227320,生效,众和恒富理财集团有限公司,经代业务,永明经代,持牌经纪,堡盛国际,堡盛国际,堡盛国际,香港永明金融有限公司,储蓄,万年青·星河尊享保险计划II,2,预缴,美金,20000,156000,156000,40000,0,NONPI,,45999,45999,46003,46027,姜通,JK6768,林小莎
FF000088,1.00036E+11,生效,富强天一财富管理有限公司,代理人业务,天领业务,天领机构,天领重庆,重庆经代,罗兰,立桥人寿保险有限公司,储蓄,智选储蓄保（20年保障期）,1,整付,美金,100000,780000,78000,100000,0,NONPI,,45996,45999,45999,46028,,JF2281,赖晔敏
U000732,611227321,生效,众和恒富理财集团有限公司,经代业务,永明经代,持牌经纪,堡盛国际,堡盛国际,堡盛国际,香港永明金融有限公司,储蓄,万年青·星河尊享保险计划II,2,预缴,美金,140000,1092000,1092000,280000,0,NONPI,,45994,45999,46003,46028,姜通,JK6768,林小莎
U000729,611227257,生效,众和恒富理财集团有限公司,经代业务,永明经代,持牌经纪,堡盛国际,堡盛国际,堡盛国际,香港永明金融有限公司,储蓄,万年青·星河尊享保险计划II,2,预缴,人民币,700000,798000,798000,1400000,0,NONPI,,45993,45999,46001,46044,姜通,JK7517,王杰辉
J001095,602068968,生效,九富保险服务有限公司,代理人业务,天领业务,天领机构,天领重庆,重庆经代,李永菊,香港永明金融有限公司,储蓄,万年青·星河传承保险计划II,5,年缴,美金,50000,390000,390000,250000,0,NONPI,,45999,46000,46014,46056,,JJ5633,陈昊锴
FF000089,87122850,生效,富强天一财富管理有限公司,代理人业务,天领业务,天领机构,天领成都,成都经代,马银娜,忠意保险有限公司,重疾,跨越无限保,25,年缴,美金,1513.5,11805.3,11805.3,150000,0,NONPI,,46000,46000,46001,46125,,JF2281,赖晔敏
U000749,611227256,生效,众和恒富理财集团有限公司,经代业务,永明经代,持牌经纪,中天家办,中天家办,中天家办,香港永明金融有限公司,储蓄,万年青·星河尊享保险计划II,5,年缴,人民币,1400000,1596000,1596000,7000000,0,NONPI,,45999,46000,46000,46037,白博文,JK7517,王杰辉
J001092,602069261,生效,九富保险服务有限公司,KA业务,合伙转介业务,持牌转介,总部职能,总部职能,林思思,香港永明金融有限公司,重疾,万家康卓越保,25,年缴,美金,1468.8,11456.64,11456.64,60000,0,NONPI,,45999,46000,46006,46028,,JF7605,林思思
J001091,602068991,生效,九富保险服务有限公司,经代业务,永明经代,持牌经纪,卓樾会,卓樾会,卓樾会,香港永明金融有限公司,储蓄,万年青·星河尊享保险计划II,2,预缴,美金,50000,390000,390000,100000,0,NONPI,,45999,46001,46006,46035,姜通,JL2755,唐婧瑶
D002053,611222935,生效,怡泰财富管理有限公司,经代业务,BK业务,银行网点,民生银行,民生银行,民生重庆分行,香港永明金融有限公司,储蓄,万年青·卓金保险计划II,5,年缴,美金,100000,780000,780000,500000,0,PI,20%,45999,46001,46015,46057,,,肖锦源
J001077,602068992,生效,九富保险服务有限公司,经代业务,永明经代,持牌经纪,紫荆保险,紫荆保险,紫荆保险,香港永明金融有限公司,储蓄,万年青·星河尊享保险计划II,2,预缴,人民币,105000,119700,119700,210000,0,NONPI,,45994,46001,46028,46055,,JL2755,唐婧瑶
J001099,602069015,生效,九富保险服务有限公司,经代业务,永明经代,持牌经纪,卓樾会,卓樾会,卓樾会,香港永明金融有限公司,储蓄,万年青·星河尊享保险计划II,2,预缴,美金,65000,507000,507000,130000,0,NONPI,,46000,46001,46002,46029,姜通,,许家乐
U000761,611208608,生效,众和恒富理财集团有限公司,经代业务,永明经代,持牌经纪,堡盛国际,堡盛国际,堡盛国际,香港永明金融有限公司,储蓄,万年青·星河尊享保险计划II,2,预缴,美金,140000,1092000,1092000,280000,0,NONPI,,46001,46002,46003,46035,姜通,JF7523,吕静文
U000751,611227380,生效,众和恒富理财集团有限公司,经代业务,永明经代,持牌经纪,堡盛国际,堡盛国际,堡盛国际,香港永明金融有限公司,储蓄,万年青·星河尊享保险计划II,5,预缴,美金,30000,234000,234000,150000,0,NONPI,,45999,46002,46003,46028,姜通,JH9602,余文茜
D002050,611222816,生效,怡泰财富管理有限公司,经代业务,BK业务,银行网点,民生银行,民生银行,民生杭州分行,香港永明金融有限公司,储蓄,万年青·卓金保险计划II,5,年缴,美金,100000,780000,780000,500000,0,PI,20%,45996,46002,46003,46057,,JF2281,赖晔敏
J001079,602068993,生效,九富保险服务有限公司,经代业务,永明经代,持牌经纪,卓樾会,卓樾会,卓樾会,香港永明金融有限公司,储蓄,万年青·星河尊享保险计划II,2,年缴,澳元,150000,750000,750000,300000,0,NONPI,,45995,46002,46006,46028,姜通,JL2755,唐婧瑶
D002052,611222936,生效,怡泰财富管理有限公司,经代业务,BK业务,银行网点,民生银行,民生银行,民生重庆分行,香港永明金融有限公司,储蓄,万年青·卓金保险计划II,5,年缴,美金,100000,780000,780000,500000,0,PI,20%,45999,46002,46021,46043,,,肖锦源
U000752,611227381,生效,众和恒富理财集团有限公司,经代业务,永明经代,持牌经纪,堡盛国际,堡盛国际,堡盛国际,香港永明金融有限公司,储蓄,万年青·星河尊享保险计划II,5,预缴,美金,20000,156000,156000,100000,0,NONPI,,45999,46002,46003,46028,姜通,JH9602,余文茜
D001920,611222815,生效,怡泰财富管理有限公司,经代业务,BK业务,银行网点,民生银行,民生银行,民生重庆分行,香港永明金融有限公司,储蓄,永誉传承储蓄计划,1,整付,美金,2000000,15600000,1560000,2000000,1,NONPI,3.50%,46001,46002,46013,46161,,IA6464,连亮晴
J001093,602068995,生效,九富保险服务有限公司,经代业务,永明经代,持牌经纪,万森保险,万森保险,万森保险,香港永明金融有限公司,储蓄,万年青·星河尊享保险计划II,5,预缴,美金,100000,780000,780000,500000,0,PI,,45999,46002,46006,46029,高瑶,JL2755,唐婧瑶
J001094,602068994,生效,九富保险服务有限公司,经代业务,永明经代,持牌经纪,万森保险,万森保险,万森保险,香港永明金融有限公司,储蓄,万年青·星河尊享保险计划II,5,预缴,美金,50000,390000,390000,250000,0,PI,,45999,46002,46006,46043,高瑶,JL2755,唐婧瑶
J001100,602069020,生效,九富保险服务有限公司,经代业务,永明经代,持牌经纪,紫荆保险,紫荆保险,紫荆保险,香港永明金融有限公司,储蓄,万年青·星河尊享保险计划II,5,预缴,美金,30000,234000,234000,150000,0,NONPI,,46000,46002,46006,46035,,,许家乐
J001104,602068996,生效,九富保险服务有限公司,代理人业务,天领业务,天领贴牌,武汉贴牌,武汉贴牌,曾珍,香港永明金融有限公司,储蓄,万年青·星河传承保险计划II,5,预缴,美金,50000,390000,390000,250000,0,NONPI,100%,46001,46003,46006,46029,,JL2755,唐婧瑶
J001105,602069257,生效,九富保险服务有限公司,经代业务,同行经代,持牌经纪,唯思,同智顾问,同智顾问,香港永明金融有限公司,储蓄,万年青·星河尊享保险计划II,5,年缴,美金,100000,780000,780000,500000,0,NONPI,,46001,46003,46006,46028,战略合作,JF7605,林思思
U000757,611227324,生效,众和恒富理财集团有限公司,经代业务,永明经代,持牌经纪,企鹅保险,企鹅保险,企鹅保险,香港永明金融有限公司,储蓄,万年青·星河尊享保险计划II,2,年缴,人民币,105000,119700,119700,210000,0,NONPI,,46000,46003,46003,46027,姜通,JK6768,林小莎
J001103,602068997,生效,九富保险服务有限公司,经代业务,永明经代,持牌经纪,紫荆保险,紫荆保险,紫荆保险,香港永明金融有限公司,储蓄,万年青·星河尊享保险计划II,5,年缴,人民币,70000,79800,79800,350000,0,NONPI,,46000,46003,46006,46028,,JL2755,唐婧瑶
J001102,602068972,生效,九富保险服务有限公司,代理人业务,天领业务,天领贴牌,广西贴牌,广西贴牌,朱毅,香港永明金融有限公司,储蓄,万年青·星河尊享保险计划II,5,年缴,美金,20000,156000,156000,100000,0,NONPI,,46000,46003,46006,46035,,JJ5633,陈昊锴
U000750,611208609,生效,众和恒富理财集团有限公司,经代业务,永明经代,持牌经纪,共享经纪,共享经纪,共享经纪,香港永明金融有限公司,储蓄,万年青·星河尊享保险计划II,5,年缴,美金,20000,156000,156000,100000,0,NONPI,,45999,46003,46006,46036,白博文,JF7523,吕静文
J001112,602069018,生效,九富保险服务有限公司,经代业务,永明经代,持牌经纪,紫荆保险,紫荆保险,紫荆保险,香港永明金融有限公司,储蓄,万年青·星河尊享保险计划II,5,年缴,人民币,70000,79800,79800,350000,0,NONPI,,46003,46003,46006,46035,,,许家乐
U000721,611227269,生效,众和恒富理财集团有限公司,经代业务,永明经代,持牌经纪,企鹅保险,企鹅保险,企鹅保险,香港永明金融有限公司,储蓄,万年青·星河尊享保险计划II,2,预缴,美金,20000,156000,156000,40000,0,NONPI,,45992,46003,46003,46029,姜通,JK6768,林小莎
U000764,611227300,生效,众和恒富理财集团有限公司,经代业务,永明经代,持牌经纪,龙腾财富,龙腾财富,龙腾财富,香港永明金融有限公司,储蓄,万年青·星河尊享保险计划II,5,预缴,美金,13500,105300,105300,67500,0,NONPI,,46002,46003,46006,46028,,JF7523,吕静文
D002067,611222966,生效,怡泰财富管理有限公司,经代业务,BK业务,银行网点,民生银行,民生银行,民生广州分行,香港永明金融有限公司,重疾,万家康卓越保,25,年缴,美金,2507.7,19560.06,19560.06,130000,0,NONPI,,46003,46003,46013,46157,,JH6936,余迪慷
U000769,611227302,生效,众和恒富理财集团有限公司,经代业务,永明经代,持牌经纪,堡盛国际,堡盛国际,堡盛国际,香港永明金融有限公司,储蓄,万年青·星河尊享保险计划II,2,年缴,美金,30000,234000,234000,60000,0,NONPI,,46002,46004,46006,46036,姜通,JF7523,吕静文
U000768,611227301,生效,众和恒富理财集团有限公司,经代业务,永明经代,持牌经纪,堡盛国际,堡盛国际,堡盛国际,香港永明金融有限公司,储蓄,万年青·星河尊享保险计划II,2,年缴,美金,30000,234000,234000,60000,0,NONPI,,46002,46004,46006,46035,姜通,JF7523,吕静文
U000753,611227319,生效,众和恒富理财集团有限公司,经代业务,永明经代,持牌经纪,企鹅保险,企鹅保险,企鹅保险,香港永明金融有限公司,储蓄,万年青·星河尊享保险计划II,2,年缴,人民币,300000,342000,342000,600000,0,NONPI,,45999,46004,46006,46028,姜通,JK6768,林小莎
U000758,611227322,生效,众和恒富理财集团有限公司,经代业务,永明经代,持牌经纪,企鹅保险,企鹅保险,企鹅保险,香港永明金融有限公司,储蓄,万年青·星河尊享保险计划II,2,年缴,人民币,280000,319200,319200,560000,0,NONPI,,46000,46004,46006,46035,姜通,JK6768,林小莎
U000773,611227347,生效,众和恒富理财集团有限公司,经代业务,永明经代,持牌经纪,企鹅保险,企鹅保险,企鹅保险,香港永明金融有限公司,储蓄,万年青·星河尊享保险计划II,5,年缴,美金,5000,39000,39000,25000,0,NONPI,,46003,46004,46006,46029,姜通,JK6768,林小莎
U000760,611227327,生效,众和恒富理财集团有限公司,经代业务,永明经代,持牌经纪,企鹅保险,企鹅保险,企鹅保险,香港永明金融有限公司,储蓄,万年青·星河传承保险计划II,5,年缴,美金,30000,234000,234000,150000,0,NONPI,,46000,46004,46006,46028,姜通,JK6768,林小莎
U000765,611221192,生效,众和恒富理财集团有限公司,经代业务,永明经代,持牌经纪,堡盛国际,堡盛国际,堡盛国际,香港永明金融有限公司,储蓄,万年青·星河尊享保险计划II,2,年缴,美金,36000,280800,280800,72000,0,NONPI,,46002,46006,46006,46028,姜通,JH9602,余文茜
U000766,611221191,生效,众和恒富理财集团有限公司,经代业务,永明经代,持牌经纪,堡盛国际,堡盛国际,堡盛国际,香港永明金融有限公司,储蓄,万年青·星河尊享保险计划II,2,年缴,美金,72000,561600,561600,144000,0,NONPI,,46002,46006,46006,46036,姜通,JH9602,余文茜
J001121,602069023,生效,九富保险服务有限公司,经代业务,永明经代,持牌经纪,紫荆保险,紫荆保险,紫荆保险,香港永明金融有限公司,储蓄,万年青·星河尊享保险计划II,5,年缴,人民币,21000,23940,23940,105000,0,NONPI,,46003,46006,46006,46041,,,许家乐
U000756,611227345,生效,众和恒富理财集团有限公司,经代业务,永明经代,持牌经纪,堡盛国际,堡盛国际,堡盛国际,香港永明金融有限公司,储蓄,万年青·星河尊享保险计划II,5,年缴,美金,30000,234000,234000,150000,0,NONPI,,46000,46006,46006,46030,姜通,JK6768,林小莎
J001114,602068998,生效,九富保险服务有限公司,经代业务,同行经代,持牌经纪,唯思,同智顾问,同智顾问,香港永明金融有限公司,储蓄,万年青·星河尊享保险计划II,5,年缴,美金,100000,780000,780000,500000,0,NONPI,20%,46003,46006,46006,46048,战略合作,JL2755,唐婧瑶
J001083,602068971,生效,九富保险服务有限公司,代理人业务,成事家办,IYB分公司,丁洁,丁洁,丁洁,香港永明金融有限公司,重疾,万家康卓越保,20,年缴,美金,1242,9687.6,9687.6,100000,0,NONPI,,45996,46006,46006,46043,,JJ5633,陈昊锴
J001110,602069299,生效,九富保险服务有限公司,经代业务,永明经代,持牌经纪,德方集团,德方集团,德方集团,香港永明金融有限公司,储蓄,万年青·星河尊享保险计划II,2,年缴,美金,20000,156000,156000,40000,0,NONPI,,46002,46006,46006,46035,,JF7605,林思思
U000771,611221193,生效,众和恒富理财集团有限公司,经代业务,同行经代,持牌经纪,唯思,唯思财富顾问,唯思财富顾问,香港永明金融有限公司,重疾,万家康尊尚保-福宝保,25,年缴,美金,1538.6,12001.08,12001.08,140000,0,NONPI,,46002,46006,46006,46028,战略合作,JH9602,余文茜
J001111,602068999,生效,九富保险服务有限公司,经代业务,永明经代,持牌经纪,紫荆保险,紫荆保险,紫荆保险,香港永明金融有限公司,储蓄,万年青·星河尊享保险计划II,2,年缴,人民币,175000,199500,199500,350000,0,NONPI,,46002,46006,46006,46029,,JL2755,唐婧瑶
D002058,611222938,生效,怡泰财富管理有限公司,经代业务,BK业务,银行网点,民生银行,民生银行,民生上海分行,香港永明金融有限公司,储蓄,万年青·卓金保险计划II,5,年缴,美金,50000,390000,390000,250000,0,PI,20%,46002,46006,46015,46030,,,肖锦源
J001120,602069022,生效,九富保险服务有限公司,经代业务,同行经代,持牌经纪,唯思,同智顾问,同智顾问,香港永明金融有限公司,储蓄,万年青·星河尊享保险计划II,2,预缴,美金,20000,156000,156000,40000,0,NONPI,,46003,46006,46006,46029,战略合作,,许家乐
J001125,602069000,生效,九富保险服务有限公司,经代业务,永明经代,持牌经纪,紫荆保险,紫荆保险,紫荆保险,香港永明金融有限公司,储蓄,万年青·星河传承保险计划II,5,年缴,美金,50000,390000,390000,250000,0,NONPI,,46006,46006,46006,46035,,JL2755,唐婧瑶
U000776,611210801,生效,众和恒富理财集团有限公司,经代业务,永明经代,持牌经纪,龙腾财富,龙腾财富,龙腾财富,香港永明金融有限公司,储蓄,万年青·星河尊享保险计划II,5,年缴,美金,100000,780000,780000,500000,0,NONPI,20%,46004,46006,46006,46029,,JJ7007,王嘉鸣
J001108,602069021,生效,九富保险服务有限公司,经代业务,同行经代,持牌经纪,唯思,同智顾问,同智顾问,香港永明金融有限公司,储蓄,万年青·星河尊享保险计划II,5,预缴,美金,14000,109200,109200,70000,0,NONPI,,46001,46006,46006,46029,战略合作,,许家乐
J001116,602069001,生效,九富保险服务有限公司,经代业务,同行经代,持牌经纪,唯思,同智顾问,同智顾问,香港永明金融有限公司,储蓄,万年青·星河尊享保险计划II,5,年缴,美金,30000,234000,234000,150000,0,NONPI,,46004,46007,46007,46028,战略合作,JL2755,唐婧瑶
D002075,611222804,生效,怡泰财富管理有限公司,经代业务,BK业务,银行网点,民生银行,民生银行,民生上海分行,香港永明金融有限公司,储蓄,万年青·卓金保险计划II,5,年缴,美金,100000,780000,780000,500000,0,PI,20%,46006,46007,46008,46043,,JF2281,赖晔敏
D002065,611222876,生效,怡泰财富管理有限公司,经代业务,BK业务,银行网点,平安银行,平安银行,平安香港分行许菁,香港永明金融有限公司,储蓄,永誉传承储蓄计划,1,整付,美金,1000000,7800000,780000,1000000,1,NONPI,2.50%,46006,46007,46013,46066,,JH6936,余迪慷
D002055,611222939,生效,怡泰财富管理有限公司,经代业务,BK业务,银行网点,民生银行,民生银行,民生重庆分行,香港永明金融有限公司,储蓄,万年青·卓金保险计划II,5,年缴,美金,50000,390000,390000,250000,0,NONPI,20%,46001,46007,46021,46042,,,肖锦源
D002056,611222819,生效,怡泰财富管理有限公司,经代业务,BK业务,银行网点,民生银行,民生银行,民生广州分行,香港永明金融有限公司,储蓄,万年青·卓金保险计划II,5,年缴,美金,100000,780000,780000,500000,0,NONPI,20%,46001,46007,46008,46028,,JF2281,赖晔敏
U000744,611227260,生效,众和恒富理财集团有限公司,经代业务,永明经代,持牌经纪,堡盛国际,堡盛国际,堡盛国际,香港永明金融有限公司,储蓄,万年青·星河尊享保险计划II,2,年缴,美金,75000,585000,585000,150000,0,NONPI,,45996,46008,46008,46041,姜通,JK7517,王杰辉
J001132,602069029,生效,九富保险服务有限公司,经代业务,永明经代,持牌经纪,紫荆保险,紫荆保险,紫荆保险,香港永明金融有限公司,储蓄,万年青·星河尊享保险计划II,2,年缴,美金,35000,273000,273000,70000,0,NONPI,,46006,46008,46009,46028,,,许家乐
D002059,8123327313,生效,怡泰财富管理有限公司,代理人业务,天领业务,天领贴牌,广西贴牌,广西贴牌,刘仲坚,中国人寿保险（海外）股份有限公司（香港）,储蓄,傲珑盛世储蓄保险计划,2,预缴,美金,10000,78000,78000,20000,0,NONPI,,46002,46008,46008,46044,,JH6936,余迪慷
U000785,611227299,生效,众和恒富理财集团有限公司,经代业务,永明经代,持牌经纪,企鹅保险,企鹅保险,企鹅保险,香港永明金融有限公司,储蓄,万年青·星河尊享保险计划II,5,预缴,美金,50000,390000,390000,250000,0,NONPI,10%,46007,46008,46008,46080,姜通,JF7523,吕静文
J001140,602069028,生效,九富保险服务有限公司,经代业务,同行经代,持牌经纪,唯思,同智顾问,同智顾问,香港永明金融有限公司,储蓄,万年青·星河尊享保险计划II,5,年缴,美金,100000,780000,780000,500000,0,PI,20%,46007,46008,46009,46042,战略合作,,许家乐
D002073,611208850,生效,怡泰财富管理有限公司,经代业务,BK业务,银行网点,民生银行,民生银行,民生南京分行,香港永明金融有限公司,储蓄,万年青·卓金保险计划II,5,年缴,美金,50000,390000,390000,250000,0,PI,20%,46006,46008,46013,46057,,JH6936,余迪慷
U000775,611227303,生效,众和恒富理财集团有限公司,经代业务,永明经代,持牌经纪,堡盛国际,堡盛国际,堡盛国际,香港永明金融有限公司,储蓄,万年青·星河尊享保险计划II,2,年缴,美金,50000,390000,390000,100000,0,NONPI,,46004,46009,46009,46035,姜通,JF7523,吕静文
D001997,611222940,生效,怡泰财富管理有限公司,经代业务,BK业务,银行网点,民生银行,民生银行,民生深圳分行,香港永明金融有限公司,储蓄,永誉传承储蓄计划,1,整付,美金,2000000,15600000,1560000,2000000,1,NONPI,3.50%,46003,46009,46022,46100,,,肖锦源
J001118,602068975,生效,九富保险服务有限公司,代理人业务,天领业务,天领贴牌,宁波贴牌,宁波,宁波,香港永明金融有限公司,储蓄,万年青·星河传承保险计划II,2,预缴,美金,30000,234000,234000,60000,0,NONPI,,46003,46009,46014,46041,,JJ5633,陈昊锴
J001139,602069002,生效,九富保险服务有限公司,经代业务,永明经代,持牌经纪,紫荆保险,紫荆保险,紫荆保险,香港永明金融有限公司,储蓄,万年青·星河尊享保险计划II,2,预缴,美金,150000,1170000,1170000,300000,0,NONPI,,46007,46009,46013,46042,,JL2755,唐婧瑶
J001115,602069027,生效,九富保险服务有限公司,经代业务,同行经代,持牌经纪,唯思,同智顾问,同智顾问,香港永明金融有限公司,储蓄,万年青·星河尊享保险计划II,5,年缴,美金,100000,780000,780000,500000,0,NONPI,,46003,46009,46009,46028,战略合作,,许家乐
J001123,602068974,生效,九富保险服务有限公司,代理人业务,天领业务,天领机构,天领成都,成都经代,孙羽,香港永明金融有限公司,储蓄,万年青·星河尊享保险计划II,5,年缴,美金,20000,156000,156000,100000,0,NONPI,,46006,46009,46014,46028,,JJ5633,陈昊锴
D002060,611227610,生效,怡泰财富管理有限公司,KA业务,合伙转介业务,持牌转介,总部职能,总部职能,连亮晴,香港永明金融有限公司,储蓄,万年青·星河尊享保险计划II,2,预缴,美金,30000,234000,234000,60000,0,NONPI,,46002,46009,46013,46042,,IA6464,连亮晴
J10000069,602069003,生效,九富保险服务有限公司,代理人业务,天领业务,天领机构,天领重庆,重庆经代,董翔宇,香港永明金融有限公司,储蓄,万年青·星河尊享保险计划II,5,年缴,美金,20000,156000,156000,100000,0,NONPI,,46008,46009,46013,46029,,JL2755,唐婧瑶
J001127,602068973,生效,九富保险服务有限公司,代理人业务,天领业务,天领贴牌,广西贴牌,广西贴牌,包晓燕,香港永明金融有限公司,储蓄,万年青·星河传承保险计划II,5,预缴,美金,50000,390000,390000,250000,0,NONPI,100%,46006,46009,46014,46049,,JJ5633,陈昊锴
U000792,611210803,生效,众和恒富理财集团有限公司,经代业务,永明经代,持牌经纪,臻略财富,臻略财富,臻略财富,香港永明金融有限公司,储蓄,万年青·星河尊享保险计划II,2,预缴,美金,100000,780000,780000,200000,0,NONPI,,46008,46009,46010,46112,白博文,JJ7007,王嘉鸣
J001141,602068978,生效,九富保险服务有限公司,代理人业务,天领业务,天领贴牌,广西贴牌,广西贴牌,罗莉,香港永明金融有限公司,储蓄,万年青·星河尊享保险计划II,2,预缴,美金,35000,273000,273000,70000,0,NONPI,,46008,46009,46014,46028,,JJ5633,陈昊锴
J100467,602069369,生效,九富保险服务有限公司,经代业务,永明经代,持牌经纪,宏鑫资产,宏鑫资产管理(香港)有限公司,宏鑫资产管理(香港)有限公司,香港永明金融有限公司,储蓄,万年青·星河尊享保险计划II,5,预缴,美金,750000,5850000,5850000,3750000,0,PI,20%,46010,46010,46020,46049,Mark,JJ8674,许家乐
J100449,602069366,生效,九富保险服务有限公司,经代业务,永明经代,持牌经纪,宏鑫资产,宏鑫资产管理(香港)有限公司,宏鑫资产管理(香港)有限公司,香港永明金融有限公司,储蓄,万年青·星河尊享保险计划II,5,预缴,美金,750000,5850000,5850000,3750000,0,PI,20%,46010,46010,46020,46049,Mark,JJ8674,许家乐
U000787,611227264,生效,众和恒富理财集团有限公司,经代业务,同行经代,持牌经纪,唯思,唯思财富顾问,唯思财富顾问,香港永明金融有限公司,储蓄,万年青·星河尊享保险计划II,2,预缴,美金,40000,312000,312000,80000,0,NONPI,,46007,46010,46013,46049,战略合作,JK7517,王杰辉
J10000074,602069031,生效,九富保险服务有限公司,代理人业务,天领业务,天领机构,天领成都,成都经代,许林,香港永明金融有限公司,储蓄,万年青·星河尊享保险计划II,5,年缴,美金,20000,156000,156000,,0,NONPI,,46003,46010,46014,46030,,JJ8674,许家乐
J10000072,602069032,生效,九富保险服务有限公司,代理人业务,天领业务,天领机构,天领成都,成都经代,许林,香港永明金融有限公司,储蓄,万年青·星河尊享保险计划II,5,年缴,美金,20000,156000,156000,100000,0,NONPI,,46003,46010,46014,46029,,JJ8674,许家乐
D001994,611232046,生效,怡泰财富管理有限公司,经代业务,BK业务,银行网点,民生银行,民生银行,民生泉州分行,香港永明金融有限公司,储蓄,永誉传承储蓄计划,1,整付,美金,2000000,15600000,1560000,2000000,1,NONPI,3.50%,46003,46010,46021,46080,,JH6936,余迪慷
J001128,602069004,生效,九富保险服务有限公司,经代业务,永明经代,持牌经纪,紫荆保险,紫荆保险,紫荆保险,香港永明金融有限公司,储蓄,万年青·星河尊享保险计划II,2,年缴,人民币,200000,228000,228000,400000,0,NONPI,,46006,46010,46014,46030,,JL2755,唐婧瑶
J001129,602069365,生效,九富保险服务有限公司,经代业务,永明经代,持牌经纪,紫荆保险,紫荆保险,紫荆保险,香港永明金融有限公司,储蓄,万年青·星河尊享保险计划II,2,年缴,人民币,300000,342000,342000,600000,0,NONPI,,46006,46010,46014,46029,,,许家乐
J001148,602069005,生效,九富保险服务有限公司,经代业务,永明经代,持牌经纪,紫荆保险,紫荆保险,紫荆保险,香港永明金融有限公司,储蓄,万年青·星河尊享保险计划II,5,年缴,美金,56000,436800,436800,280000,0,NONPI,10%,46009,46010,46013,46042,,JL2755,唐婧瑶
D002078,611222943,生效,怡泰财富管理有限公司,经代业务,BK业务,银行网点,民生银行,民生银行,民生北京分行,香港永明金融有限公司,储蓄,万年青·卓金保险计划II,5,预缴,美金,30000,234000,234000,150000,0,NONPI,59%,46007,46010,46027,46051,,,肖锦源
U000793,611210800,生效,众和恒富理财集团有限公司,KA业务,合伙转介业务,异业机构转介,荻邦咨询,优智荻邦,周迪,香港永明金融有限公司,储蓄,万年青·星河传承保险计划II,5,预缴,美金,65000,507000,507000,325000,0,NONPI,100%,46008,46010,46010,46057,,JJ7007,王嘉鸣
J001149,602069265,生效,九富保险服务有限公司,经代业务,同行经代,持牌经纪,唯思,同智顾问,同智顾问,香港永明金融有限公司,储蓄,万年青·星河尊享保险计划II,5,年缴,美金,100000,780000,780000,500000,0,PI,,46009,46010,46014,46035,战略合作,JF7605,林思思
J001144,602069030,生效,九富保险服务有限公司,经代业务,永明经代,持牌经纪,晋誉财富,晋誉财富,晋誉财富,香港永明金融有限公司,储蓄,万年青·星河尊享保险计划II,5,预缴,美金,40000,312000,312000,200000,0,NONPI,,46008,46010,46014,46036,魏子璐,,许家乐
J001152,602069006,生效,九富保险服务有限公司,经代业务,永明经代,持牌经纪,紫荆保险,紫荆保险,紫荆保险,香港永明金融有限公司,储蓄,万年青·星河尊享保险计划II,5,预缴,美金,50000,390000,390000,250000,0,NONPI,,46010,46010,46013,46028,,JL2755,唐婧瑶
J001153,602069007,生效,九富保险服务有限公司,经代业务,永明经代,持牌经纪,紫荆保险,紫荆保险,紫荆保险,香港永明金融有限公司,储蓄,万年青·星河尊享保险计划II,5,预缴,美金,50000,390000,390000,250000,0,NONPI,,46010,46010,46013,46029,,JL2755,唐婧瑶
J001119,602069266,生效,九富保险服务有限公司,经代业务,同行经代,持牌经纪,唯思,同智顾问,同智顾问,香港永明金融有限公司,储蓄,万年青·星河尊享保险计划II,5,年缴,美金,3000,23400,23400,15000,0,NONPI,,46003,46010,46012,46028,战略合作,JF7605,林思思
J001150,602069264,生效,九富保险服务有限公司,经代业务,同行经代,持牌经纪,唯思,同智顾问,同智顾问,香港永明金融有限公司,储蓄,万年青·星河尊享保险计划II,2,预缴,美金,25000,195000,195000,50000,0,NONPI,,46009,46010,46012,46028,战略合作,JF7605,林思思
J001101,602069298,生效,九富保险服务有限公司,经代业务,永明经代,持牌经纪,紫荆保险,紫荆保险,紫荆保险,香港永明金融有限公司,储蓄,万年青·星河尊享保险计划II,2,年缴,美金,40000,312000,312000,80000,0,NONPI,,46000,46011,46013,46028,,JF7605,林思思
U000780,611227394,生效,众和恒富理财集团有限公司,经代业务,永明经代,持牌经纪,堡盛国际,堡盛国际,堡盛国际,香港永明金融有限公司,储蓄,万年青·星河尊享保险计划II,5,预缴,美金,15000,117000,117000,75000,0,NONPI,,46006,46011,46014,46038,姜通,JH9602,余文茜
D002085,611232049,生效,怡泰财富管理有限公司,经代业务,BK业务,银行网点,民生银行,民生银行,民生北京分行,香港永明金融有限公司,储蓄,万年青·卓金保险计划II,5,年缴,美金,50000,390000,390000,250000,0,PI,20%,46009,46011,46013,46038,,JH6936,余迪慷
U000797,611227388,生效,众和恒富理财集团有限公司,经代业务,同行经代,持牌经纪,唯思,唯思财富顾问,唯思财富顾问,香港永明金融有限公司,储蓄,万年青·星河尊享保险计划II,5,年缴,美金,200000,1560000,1560000,1000000,0,PI,,46009,46011,46014,46035,战略合作,JH9602,余文茜
U000803,611221222,生效,众和恒富理财集团有限公司,经代业务,永明经代,持牌经纪,企鹅保险,企鹅保险,企鹅保险,香港永明金融有限公司,储蓄,万年青·星河尊享保险计划II,2,预缴,美金,20000,156000,156000,40000,0,NONPI,,46012,46012,46013,46035,姜通,JH9602,余文茜
J001158,602069363,生效,九富保险服务有限公司,经代业务,永明经代,持牌经纪,晋誉财富,晋誉财富,晋誉财富,香港永明金融有限公司,储蓄,万年青·星河尊享保险计划II,5,年缴,美金,50000,390000,390000,250000,0,NONPI,,46011,46013,46021,46048,魏子璐,,许家乐
J001157,602069364,生效,九富保险服务有限公司,经代业务,永明经代,持牌经纪,晋誉财富,晋誉财富,晋誉财富,香港永明金融有限公司,储蓄,万年青·星河尊享保险计划II,5,年缴,美金,50000,390000,390000,250000,0,NONPI,,46011,46013,46021,46048,魏子璐,,许家乐
J001107,602069008,生效,九富保险服务有限公司,经代业务,永明经代,持牌经纪,万森保险,万森保险,万森保险,香港永明金融有限公司,储蓄,万年青·星河尊享保险计划II,5,预缴,美金,20000,156000,156000,100000,0,NONPI,,46001,46013,46014,46031,高瑶,JL2755,唐婧瑶
U000788,611227373,生效,众和恒富理财集团有限公司,经代业务,永明经代,持牌经纪,堡盛国际,堡盛国际,堡盛国际,香港永明金融有限公司,储蓄,万年青·星河尊享保险计划II,2,预缴,美金,50000,390000,390000,100000,0,NONPI,,46007,46013,46014,46057,姜通,JH9602,余文茜
D002063,611232047,生效,怡泰财富管理有限公司,经代业务,BK业务,银行网点,民生银行,民生银行,民生贵阳分行,香港永明金融有限公司,储蓄,万年青·卓金保险计划II,5,年缴,美金,50000,390000,390000,250000,0,PI,20%,46003,46013,46020,46042,,JH6936,余迪慷
D002084,611222821,生效,怡泰财富管理有限公司,经代业务,BK业务,银行网点,民生银行,民生银行,民生北京分行,香港永明金融有限公司,储蓄,万年青·卓金保险计划II,5,预缴,美金,50000,390000,390000,250000,0,PI,20%,46008,46013,46014,46049,,JF2281,赖晔敏
D002051,611222945,生效,怡泰财富管理有限公司,经代业务,BK业务,银行网点,民生银行,民生银行,民生上海分行,香港永明金融有限公司,储蓄,万年青·卓金保险计划II,5,年缴,美金,50000,390000,390000,250000,0,NONPI,59%,45999,46013,46021,46049,,,肖锦源
J001151,602069267,生效,九富保险服务有限公司,经代业务,永明经代,持牌经纪,万森保险,万森保险,万森保险,香港永明金融有限公司,储蓄,万年青·星河尊享保险计划II,5,年缴,美金,50000,390000,390000,250000,0,NONPI,,46010,46013,46014,46028,高瑶,JL2755,唐婧瑶
D002086,611222823,生效,怡泰财富管理有限公司,经代业务,BK业务,银行网点,平安银行,平安银行,平安香港分行许菁,香港永明金融有限公司,储蓄,永誉传承储蓄计划,1,整付,美金,1000000,7800000,780000,1000000,1,NONPI,2.50%,46010,46013,46038,46120,,IA6464,连亮晴
J001163,602069368,生效,九富保险服务有限公司,经代业务,同行经代,持牌经纪,唯思,同智顾问,同智顾问,香港永明金融有限公司,储蓄,万年青·星河尊享保险计划II,2,年缴,美金,50000,390000,390000,100000,0,NONPI,,46013,46013,46021,46031,战略合作,,许家乐
U000801,611227371,生效,众和恒富理财集团有限公司,经代业务,同行经代,持牌经纪,唯思,唯思财富顾问,唯思财富顾问,香港永明金融有限公司,储蓄,万年青·星河尊享保险计划II,5,预缴,美金,10000,78000,78000,50000,0,NONPI,,46010,46013,46014,46028,战略合作,JH9602,余文茜
D002079,611232051,生效,怡泰财富管理有限公司,经代业务,BK业务,银行网点,平安银行,平安银行,平安香港分行许菁,香港永明金融有限公司,储蓄,万年青·卓金保险计划II,5,预缴,美金,50000,390000,390000,250000,0,PI,20%,46007,46013,46020,46055,,JH6936,余迪慷
U000736,611227370,生效,众和恒富理财集团有限公司,经代业务,永明经代,持牌经纪,企鹅保险,企鹅保险,企鹅保险,香港永明金融有限公司,储蓄,万年青·星河尊享保险计划II,5,年缴,美金,20000,156000,156000,100000,0,NONPI,,45994,46013,46014,46028,姜通,JH9602,余文茜
D002091,611222827,生效,怡泰财富管理有限公司,经代业务,BK业务,银行网点,民生银行,民生银行,民生广州分行,香港永明金融有限公司,储蓄,永誉传承储蓄计划,1,整付,美金,10000000,78000000,7800000,10000000,1,NONPI,5%,46013,46013,46022,46169,,JF2281,赖晔敏
J10000083,602068977,生效,九富保险服务有限公司,代理人业务,天领业务,天领机构,天领成都,成都经代,李晓珂,香港永明金融有限公司,储蓄,万年青·星河尊享保险计划II,5,预缴,美金,20000,156000,156000,100000,0,NONPI,,46010,46013,46014,46043,,JJ5633,陈昊锴
J001181,602069271,生效,九富保险服务有限公司,经代业务,同行经代,持牌经纪,唯思,同智顾问,同智顾问,香港永明金融有限公司,储蓄,万年青·星河尊享保险计划II,2,年缴,人民币,500000,570000,570000,1000000,0,NONPI,,46013,46014,46013,46051,战略合作,JL2755,唐婧瑶
J001172,602069332,生效,九富保险服务有限公司,代理人业务,天领业务,天领贴牌,武汉贴牌,武汉贴牌,曾珍,香港永明金融有限公司,储蓄,万年青·星河尊享保险计划II,5,预缴,美金,60000,468000,468000,300000,0,NONPI,,46013,46014,46014,46030,,JJ5633,陈昊锴
U000799,611227354,生效,众和恒富理财集团有限公司,经代业务,永明经代,持牌经纪,堡盛国际,堡盛国际,堡盛国际,香港永明金融有限公司,储蓄,万年青·星河尊享保险计划II,2,预缴,美金,50000,390000,390000,100000,0,NONPI,,46010,46014,46015,46041,姜通,JK6768,林小莎
J001147,602069270,生效,九富保险服务有限公司,经代业务,永明经代,持牌经纪,紫荆保险,紫荆保险,紫荆保险,香港永明金融有限公司,储蓄,万年青·星河尊享保险计划II,5,预缴,美金,50000,390000,390000,250000,0,NONPI,10%,46008,46014,46013,46048,,JL2755,唐婧瑶
J001161,602069371,生效,九富保险服务有限公司,经代业务,永明经代,持牌经纪,紫荆保险,紫荆保险,紫荆保险,香港永明金融有限公司,储蓄,万年青·星河传承保险计划II,2,预缴,美金,50000,390000,390000,100000,0,NONPI,,46011,46014,46021,46044,,,许家乐
D002089,611222944,生效,怡泰财富管理有限公司,经代业务,BK业务,银行网点,民生银行,民生银行,民生重庆分行,香港永明金融有限公司,储蓄,永誉传承储蓄计划,1,整付,美金,2000000,15600000,1560000,2000000,1,NONPI,3.50%,46013,46014,46022,46099,,,肖锦源
U000809,611227353,生效,众和恒富理财集团有限公司,KA业务,合伙转介业务,同行个人转介,Molly,Molly,刘梦妮,香港永明金融有限公司,储蓄,万年青·星河尊享保险计划II,5,年缴,美金,30000,234000,234000,150000,0,NONPI,,46012,46014,46015,46036,,JK6768,林小莎
J001173,602069367,生效,九富保险服务有限公司,经代业务,同行经代,持牌经纪,唯思,同智顾问,同智顾问,香港永明金融有限公司,储蓄,万年青·星河尊享保险计划II,2,预缴,美金,150000,1170000,1170000,300000,0,NONPI,,46013,46014,46021,46043,战略合作,,许家乐
D002093,1.00037E+11,生效,怡泰财富管理有限公司,代理人业务,天领业务,天领贴牌,长沙贴牌,长沙贴牌,李莉,立桥人寿保险有限公司,储蓄,智选储蓄保（20年保障期）,1,整付,美金,53850,420030,42003,53850,0,NONPI,,46013,46014,46014,46029,,JH6936,余迪慷
J001170,602069276,生效,九富保险服务有限公司,经代业务,永明经代,持牌经纪,德方集团,德方集团,德方集团,香港永明金融有限公司,储蓄,万年青·星河传承保险计划II,5,预缴,美金,10000,78000,78000,50000,0,NONPI,,46013,46014,46013,46029,,JL2755,唐婧瑶
J001156,602069275,生效,九富保险服务有限公司,经代业务,永明经代,持牌经纪,德方集团,德方集团,德方集团,香港永明金融有限公司,储蓄,万年青·星河传承保险计划II,5,预缴,美金,20000,156000,156000,100000,0,NONPI,,46010,46014,46013,46029,,JL2755,唐婧瑶
J001165,602069370,生效,九富保险服务有限公司,经代业务,同行经代,持牌经纪,唯思,同智顾问,同智顾问,香港永明金融有限公司,储蓄,万年青·星河尊享保险计划II,2,年缴,美金,20000,156000,156000,40000,0,NONPI,,46013,46014,46021,46034,战略合作,,许家乐
J001164,602069373,生效,九富保险服务有限公司,经代业务,同行经代,持牌经纪,唯思,同智顾问,同智顾问,香港永明金融有限公司,储蓄,万年青·星河尊享保险计划II,5,年缴,美金,10000,78000,78000,50000,0,PI,,46013,46014,46021,46034,战略合作,,许家乐
U000814,611227382,生效,众和恒富理财集团有限公司,经代业务,同行经代,持牌经纪,唯思,唯思财富顾问,唯思财富顾问,香港永明金融有限公司,储蓄,万年青·星河尊享保险计划II,5,年缴,人民币,350000,399000,399000,1750000,0,PI,,46014,46015,46020,46051,战略合作,JH9602,余文茜
U000815,611227383,生效,众和恒富理财集团有限公司,经代业务,同行经代,持牌经纪,唯思,唯思财富顾问,唯思财富顾问,香港永明金融有限公司,重疾,万家康卓越保,20,年缴,美金,2576,20092.8,20092.8,70000,0,NONPI,,46014,46015,46020,46041,战略合作,JH9602,余文茜
J100476,602069377,生效,九富保险服务有限公司,经代业务,永明经代,持牌经纪,宏鑫资产,宏鑫资产管理(香港)有限公司,宏鑫资产管理(香港)有限公司,香港永明金融有限公司,储蓄,万年青·星河尊享保险计划II,5,年缴,美金,100000,780000,780000,500000,0,PI,,46013,46015,46021,46031,Mark,JJ8674,许家乐
J001154,602069277,生效,九富保险服务有限公司,经代业务,永明经代,持牌经纪,万森保险,万森保险,万森保险,香港永明金融有限公司,储蓄,万年青·星河传承保险计划II,5,年缴,美金,10000,78000,78000,50000,0,NONPI,,46010,46015,46022,46034,高瑶,JL2755,唐婧瑶
U000763,611227262,生效,众和恒富理财集团有限公司,经代业务,永明经代,持牌经纪,堡盛国际,堡盛国际,堡盛国际,香港永明金融有限公司,储蓄,万年青·星河尊享保险计划II,2,年缴,美金,85000,663000,663000,170000,0,NONPI,,46002,46015,46022,46036,姜通,JK7517,王杰辉
J001183,602069374,生效,九富保险服务有限公司,经代业务,永明经代,持牌经纪,万森保险,万森保险,万森保险,香港永明金融有限公司,储蓄,永越多元货币保险计划II,6,年缴,美金,10000,78000,78000,60000,0,NONPI,,46014,46016,46021,46031,高瑶,,许家乐
J10000082,602069383,生效,九富保险服务有限公司,代理人业务,天领业务,天领机构,天领重庆,重庆经代,张欣,香港永明金融有限公司,储蓄,万年青·星河尊享保险计划II,5,年缴,美金,20000,156000,156000,100000,0,NONPI,,46013,46017,46021,46034,,JJ8674,许家乐
U000796,611227267,生效,众和恒富理财集团有限公司,经代业务,永明经代,持牌经纪,堡盛国际,堡盛国际,堡盛国际,香港永明金融有限公司,储蓄,万年青·星河尊享保险计划II,5,预缴,美金,17000,132600,132600,85000,0,NONPI,,46009,46018,46022,46043,姜通,JK7517,王杰辉
J001145,602069380,生效,九富保险服务有限公司,经代业务,永明经代,持牌经纪,紫荆保险,紫荆保险,紫荆保险,香港永明金融有限公司,储蓄,万年青·星河尊享保险计划II,2,预缴,美金,100000,780000,780000,200000,0,NONPI,,46008,46018,46021,46043,,,许家乐
J001168,602069375,生效,九富保险服务有限公司,经代业务,永明经代,持牌经纪,紫荆保险,紫荆保险,紫荆保险,香港永明金融有限公司,年金,享悦即享年金保险,1,整付,美金,100129.03,781006.43,78100.62,100129.03,0,NONPI,,46013,46018,46021,46062,,,许家乐
U000810,611227266,生效,众和恒富理财集团有限公司,经代业务,永明经代,持牌经纪,堡盛国际,堡盛国际,堡盛国际,香港永明金融有限公司,储蓄,万年青·星河尊享保险计划II,5,年缴,美金,10000,78000,78000,50000,0,NONPI,,46013,46018,46022,46043,姜通,JK7517,王杰辉
J001146,602069376,生效,九富保险服务有限公司,经代业务,永明经代,持牌经纪,紫荆保险,紫荆保险,紫荆保险,香港永明金融有限公司,储蓄,万年青·星河尊享保险计划II,5,预缴,美金,10000,78000,78000,50000,0,NONPI,,46008,46018,46021,46038,,,许家乐
U000816,611227365,生效,众和恒富理财集团有限公司,经代业务,同行经代,持牌经纪,唯思,唯思财富顾问,唯思财富顾问,香港永明金融有限公司,储蓄,万年青·星河尊享保险计划II,5,预缴,美金,10000,78000,78000,50000,0,NONPI,,46015,46018,46022,46043,战略合作,JK7517,王杰辉
U000811,611227265,生效,众和恒富理财集团有限公司,经代业务,永明经代,持牌经纪,企鹅保险,企鹅保险,企鹅保险,香港永明金融有限公司,储蓄,万年青·星河尊享保险计划II,5,年缴,人民币,80000,91200,91200,400000,0,NONPI,,46014,46018,46022,46052,姜通,JK7517,王杰辉
U000822,611227364,生效,众和恒富理财集团有限公司,经代业务,同行经代,持牌经纪,唯思,唯思财富顾问,唯思财富顾问,香港永明金融有限公司,储蓄,万年青·星河尊享保险计划II,5,年缴,美金,10000,78000,78000,50000,0,NONPI,,46015,46019,46022,46036,战略合作,JK7517,王杰辉
D002062,92922159,生效,怡泰财富管理有限公司,代理人业务,天领业务,天领贴牌,武汉贴牌,武汉贴牌,杜娟,万通保险国际有限公司,储蓄,富饶千秋储蓄计划,5,年缴,美金,85000,663000,663000,425000,0,NONPI,,46003,46020,46021,46037,,JF2281,赖晔敏
J001137,602069379,生效,九富保险服务有限公司,经代业务,永明经代,持牌经纪,万森保险,万森保险,万森保险,香港永明金融有限公司,储蓄,万年青·星河传承保险计划II,5,预缴,美金,10000,78000,78000,50000,0,NONPI,,46007,46020,46022,46050,高瑶,,许家乐
J001169,602069278,生效,九富保险服务有限公司,经代业务,永明经代,持牌经纪,万森保险,万森保险,万森保险,香港永明金融有限公司,储蓄,万年青·星河尊享保险计划II,5,预缴,美金,50000,390000,390000,250000,0,PI,,46013,46020,46022,46044,高瑶,JL2755,唐婧瑶
D002092,611222970,生效,怡泰财富管理有限公司,经代业务,BK业务,银行网点,民生银行,民生银行,民生北京分行,香港永明金融有限公司,储蓄,万年青·卓金保险计划II,5,年缴,美金,50000,390000,390000,250000,0,PI,20%,46013,46020,46022,46042,,IA6464,连亮晴
U000812,611227366,生效,众和恒富理财集团有限公司,经代业务,永明经代,持牌经纪,堡盛国际,堡盛国际,堡盛国际,香港永明金融有限公司,储蓄,万年青·星河尊享保险计划II,2,预缴,美金,50000,390000,390000,100000,0,NONPI,,46014,46020,46022,46058,姜通,JK7517,王杰辉
U000824,611208571,生效,众和恒富理财集团有限公司,经代业务,同行经代,持牌经纪,唯思,唯思财富顾问,唯思财富顾问,香港永明金融有限公司,储蓄,万年青·星河尊享保险计划II,2,预缴,美金,35000,273000,273000,70000,0,NONPI,,46016,46020,46020,46038,战略合作,JF7523,吕静文
J001182,602069378,生效,九富保险服务有限公司,经代业务,永明经代,持牌经纪,紫荆保险,紫荆保险,紫荆保险,香港永明金融有限公司,储蓄,万年青·星河尊享保险计划II,2,年缴,美金,75000,585000,585000,150000,0,NONPI,,46014,46020,46021,46042,,,许家乐
U000798,611227377,生效,众和恒富理财集团有限公司,经代业务,同行经代,持牌经纪,唯思,唯思财富顾问,唯思财富顾问,香港永明金融有限公司,储蓄,万年青·星河尊享保险计划II,5,预缴,美金,20000,156000,156000,100000,0,NONPI,,46009,46020,46022,46043,战略合作,JH9602,余文茜
U000817,611227369,生效,众和恒富理财集团有限公司,经代业务,永明经代,持牌经纪,企鹅保险,企鹅保险,企鹅保险,香港永明金融有限公司,储蓄,万年青·星河尊享保险计划II,2,年缴,美金,70000,546000,546000,140000,0,NONPI,,46015,46020,46022,46036,姜通,JK7517,王杰辉
U000828,611208581,生效,众和恒富理财集团有限公司,经代业务,同行经代,持牌经纪,唯思,唯思财富顾问,唯思财富顾问,香港永明金融有限公司,储蓄,万年青·星河尊享保险计划II,2,预缴,美金,25000,195000,195000,50000,0,NONPI,,46018,46020,46020,46031,战略合作,JF7523,吕静文
J10000076,602069279,生效,九富保险服务有限公司,代理人业务,天领业务,天领机构,天领成都,成都经代,姚净琳,香港永明金融有限公司,储蓄,万年青·星河尊享保险计划II,5,预缴,美金,15000,117000,117000,75000,0,NONPI,,46007,46020,46022,46077,,JL2755,唐婧瑶
U000808,611221216,生效,众和恒富理财集团有限公司,经代业务,永明经代,持牌经纪,堡盛国际,堡盛国际,堡盛国际,香港永明金融有限公司,储蓄,万年青·星河尊享保险计划II,5,预缴,美金,28000,218400,218400,140000,0,NONPI,,46012,46020,46022,46048,姜通,JH9602,余文茜
U000807,611221215,生效,众和恒富理财集团有限公司,经代业务,永明经代,持牌经纪,堡盛国际,堡盛国际,堡盛国际,香港永明金融有限公司,储蓄,万年青·星河尊享保险计划II,5,预缴,美金,28000,218400,218400,140000,0,NONPI,,46012,46020,46022,46044,姜通,JH9602,余文茜
D002094,611222967,生效,怡泰财富管理有限公司,经代业务,BK业务,银行网点,民生银行,民生银行,民生上海分行,香港永明金融有限公司,储蓄,万年青·卓金保险计划II,5,年缴,美金,50000,390000,390000,250000,0,NONPI,59%,46013,46020,46021,46042,,IA6464,连亮晴
U000829,611227367,生效,众和恒富理财集团有限公司,经代业务,永明经代,持牌经纪,企鹅保险,企鹅保险,企鹅保险,香港永明金融有限公司,储蓄,万年青·星河尊享保险计划II,2,年缴,人民币,210000,239400,239400,420000,0,NONPI,,46019,46020,46022,46055,姜通,JK7517,王杰辉
J001175,602069382,生效,九富保险服务有限公司,经代业务,永明经代,持牌经纪,钜诚保险,钜诚保险,钜诚保险,香港永明金融有限公司,储蓄,万年青·星河尊享保险计划II,5,年缴,人民币,22000,25080,25080,110000,0,NONPI,,46013,46020,46022,46044,高瑶,,许家乐
J001185,602069280,生效,九富保险服务有限公司,经代业务,永明经代,持牌经纪,万森保险,万森保险,万森保险,香港永明金融有限公司,储蓄,万年青·星河尊享保险计划II,5,年缴,美金,200000,1560000,1560000,1000000,0,PI,,46015,46020,46022,46065,高瑶,JL2755,唐婧瑶
U000819,611221224,生效,众和恒富理财集团有限公司,经代业务,永明经代,持牌经纪,堡盛国际,堡盛国际,堡盛国际,香港永明金融有限公司,储蓄,万年青·星河尊享保险计划II,5,预缴,美金,10000,78000,78000,50000,0,NONPI,,46015,46020,46022,46043,姜通,JH9602,余文茜
D002087,611222968,生效,怡泰财富管理有限公司,经代业务,BK业务,银行网点,民生银行,民生银行,民生上海分行,香港永明金融有限公司,储蓄,万年青·卓金保险计划II,5,年缴,美金,50000,390000,390000,,0,PI,20%,46010,46020,46021,46043,,JF2281,赖晔敏
J10000081,602069381,生效,九富保险服务有限公司,代理人业务,天领业务,天领机构,天领重庆,重庆经代,郭子翊,香港永明金融有限公司,储蓄,万年青·星河尊享保险计划II,5,年缴,美金,50000,390000,390000,250000,0,NONPI,,46013,46020,46022,46042,,JJ8674,许家乐
J001207,602069282,生效,九富保险服务有限公司,经代业务,永明经代,持牌经纪,晋誉财富,晋誉财富,晋誉财富,香港永明金融有限公司,重疾,万家康卓越保,20,年缴,美金,1084,8455.2,8455.2,100000,0,NONPI,,46021,46020,46022,46048,魏子璐,JL2755,唐婧瑶
J001189,602069283,生效,九富保险服务有限公司,经代业务,永明经代,持牌经纪,晋誉财富,晋誉财富,晋誉财富,香港永明金融有限公司,储蓄,万年青·星河尊享保险计划II,5,年缴,美金,50000,390000,390000,250000,0,NONPI,,46016,46020,46022,46036,魏子璐,JL2755,唐婧瑶
U000821,611227368,生效,众和恒富理财集团有限公司,经代业务,永明经代,持牌经纪,时代保险,时代保险,时代保险,香港永明金融有限公司,储蓄,万年青·星河尊享保险计划II,5,年缴,美金,10000,78000,78000,50000,0,NONPI,,46015,46020,46022,46035,,JK7517,王杰辉
J001190,602069285,生效,九富保险服务有限公司,经代业务,永明经代,持牌经纪,晋誉财富,晋誉财富,晋誉财富,香港永明金融有限公司,储蓄,万年青·星河尊享保险计划II,5,年缴,美金,50000,390000,390000,250000,0,NONPI,,46016,46020,46029,46042,魏子璐,JL2755,唐婧瑶
J001191,602069386,生效,九富保险服务有限公司,经代业务,永明经代,持牌经纪,紫荆保险,紫荆保险,紫荆保险,香港永明金融有限公司,储蓄,万年青·星河尊享保险计划II,2,预缴,人民币,153000,174420,174420,306000,0,NONPI,,46016,46020,46022,46055,,,许家乐
D002096,611232099,生效,怡泰财富管理有限公司,经代业务,BK业务,银行网点,民生银行,民生银行,民生深圳分行,香港永明金融有限公司,储蓄,永誉传承储蓄计划,1,整付,美金,2000000,15600000,1560000,2000000,1,NONPI,3.50%,46015,46021,46022,46100,,,肖锦源
D002047,611222826,生效,怡泰财富管理有限公司,KA业务,ICLUB业务,异业机构转介,新风,新风,新风,香港永明金融有限公司,储蓄,万年青·星河尊享保险计划II,5,年缴,美金,10000,78000,78000,50000,0,NONPI,,45993,46021,46022,46034,,JF2281,赖晔敏
J001193,602069389,生效,九富保险服务有限公司,经代业务,永明经代,持牌经纪,紫荆保险,紫荆保险,紫荆保险,香港永明金融有限公司,储蓄,万年青·星河尊享保险计划II,2,年缴,人民币,700000,798000,798000,1400000,0,NONPI,,46017,46021,46021,46043,,,许家乐
J001174,602069286,生效,九富保险服务有限公司,经代业务,同行经代,持牌经纪,唯思,同智顾问,同智顾问,香港永明金融有限公司,储蓄,万年青·星河传承保险计划II,2,预缴,美金,40000,312000,312000,80000,0,NONPI,,46013,46021,46022,46035,战略合作,JL2755,唐婧瑶
U000825,611227466,生效,众和恒富理财集团有限公司,经代业务,同行经代,持牌经纪,唯思,唯思财富顾问,唯思财富顾问,香港永明金融有限公司,储蓄,万年青·星河尊享保险计划II,5,年缴,美金,300000,2340000,2340000,1500000,0,PI,20%,46017,46021,46022,46042,战略合作,JK7517,王杰辉
J001192,602069385,生效,九富保险服务有限公司,经代业务,永明经代,持牌经纪,紫荆保险,紫荆保险,紫荆保险,香港永明金融有限公司,储蓄,万年青·星河尊享保险计划II,5,年缴,人民币,210000,239400,239400,1050000,0,NONPI,,46017,46021,46021,46041,,,许家乐
J001202,602069388,生效,九富保险服务有限公司,代理人业务,天领业务,天领机构,天领重庆,重庆经代,文君,香港永明金融有限公司,储蓄,万年青·星河尊享保险计划II,2,预缴,美金,20000,156000,156000,40000,0,NONPI,,46020,46021,46023,46051,,JF7605,林思思
U000826,611227468,生效,众和恒富理财集团有限公司,经代业务,永明经代,持牌经纪,堡盛国际,堡盛国际,堡盛国际,香港永明金融有限公司,储蓄,万年青·星河尊享保险计划II,2,预缴,美金,75000,585000,585000,150000,0,NONPI,,46017,46021,46022,46042,姜通,JK7517,王杰辉
J001201,602069288,生效,九富保险服务有限公司,经代业务,永明经代,持牌经纪,万森保险,万森保险,万森保险,香港永明金融有限公司,储蓄,万年青·星河尊享保险计划II,5,预缴,美金,12000,93600,93600,60000,0,NONPI,,46020,46021,46022,46043,高瑶,JL2755,唐婧瑶
J001204,602069384,生效,九富保险服务有限公司,经代业务,永明经代,持牌经纪,万森保险,万森保险,万森保险,香港永明金融有限公司,储蓄,万年青·星河尊享保险计划II,2,预缴,美金,50000,390000,390000,100000,0,NONPI,,46020,46021,46053,46045,高瑶,,许家乐
D002104,611222971,生效,怡泰财富管理有限公司,经代业务,BK业务,银行网点,民生银行,民生银行,民生香港分行梁驹团队,香港永明金融有限公司,储蓄,万年青·卓金保险计划II,5,预缴,美金,50000,390000,390000,250000,0,NONPI,59%,46020,46021,46022,46065,,JF2281,赖晔敏
D002090,611232098,生效,怡泰财富管理有限公司,经代业务,BK业务,银行网点,民生银行,民生银行,民生杭州分行,香港永明金融有限公司,储蓄,万年青·卓金保险计划II,5,预缴,美金,50000,390000,390000,250000,0,PI,59%,46013,46021,46028,46065,,,肖锦源
U000831,611227471,生效,众和恒富理财集团有限公司,经代业务,永明经代,持牌经纪,堡盛国际,堡盛国际,堡盛国际,香港永明金融有限公司,储蓄,万年青·星河尊享保险计划II,5,年缴,美金,18000,140400,140400,90000,0,NONPI,,46021,46021,46022,46049,姜通,JK7517,王杰辉
D002100,611232097,生效,怡泰财富管理有限公司,经代业务,BK业务,银行网点,民生银行,民生银行,民生上海分行,香港永明金融有限公司,储蓄,万年青·卓金保险计划II,5,年缴,美金,100000,780000,780000,500000,0,PI,20%,46017,46022,46028,46036,,,肖锦源
D002098,3830091256,生效,怡泰财富管理有限公司,KA业务,合伙转介业务,异业机构转介,励欧移民,励欧移民,励欧移民,宏利人寿保险（国际）有限公司,储蓄,宏挚传承保障计划,1,整付,美金,14000,109200,10920,14000,0,NONPI,,46015,46022,46022,46042,,JF2281,赖晔敏
D002103,611222972,生效,怡泰财富管理有限公司,经代业务,BK业务,银行网点,民生银行,民生银行,民生合肥分行,香港永明金融有限公司,储蓄,万年青·卓金保险计划II,5,年缴,美金,200000,1560000,1560000,1000000,0,PI,20%,46020,46022,46027,46044,,IA6464,连亮晴
J001184,602069287,生效,九富保险服务有限公司,经代业务,永明经代,持牌经纪,紫荆保险,紫荆保险,紫荆保险,香港永明金融有限公司,储蓄,万年青·星河尊享保险计划II,2,预缴,美金,35000,273000,273000,70000,0,NONPI,,46015,46022,46024,46085,,JL2755,唐婧瑶
U000833,611227357,生效,众和恒富理财集团有限公司,经代业务,永明经代,持牌经纪,堡盛国际,堡盛国际,堡盛国际,香港永明金融有限公司,储蓄,万年青·星河尊享保险计划II,2,年缴,美金,30000,234000,234000,60000,0,NONPI,,46021,46022,46029,46037,姜通,JK6768,林小莎
J001203,602069289,生效,九富保险服务有限公司,代理人业务,天领业务,天领贴牌,广西贴牌,广西贴牌,黄香莉,香港永明金融有限公司,储蓄,万年青·星河尊享保险计划II,5,预缴,美金,50000,390000,390000,250000,0,NONPI,,46020,46022,46024,46055,,JL2755,唐婧瑶
U000813,611227355,生效,众和恒富理财集团有限公司,经代业务,永明经代,持牌经纪,企鹅保险,企鹅保险,企鹅保险,香港永明金融有限公司,储蓄,万年青·星河尊享保险计划II,5,预缴,美金,30000,234000,234000,150000,0,NONPI,,46014,46022,46029,46055,姜通,JK6768,林小莎
J001198,602069390,生效,九富保险服务有限公司,经代业务,永明经代,持牌经纪,紫荆保险,紫荆保险,紫荆保险,香港永明金融有限公司,储蓄,万年青·星河尊享保险计划II,5,年缴,美金,50000,390000,390000,250000,0,NONPI,,46020,46022,46053,46036,,,许家乐
D002102,611222988,生效,怡泰财富管理有限公司,经代业务,BK业务,银行网点,平安银行,平安银行,平安香港分行徐艳,香港永明金融有限公司,储蓄,永誉传承储蓄计划,1,整付,美金,6000000,46800000,4680000,6000000,1,NONPI,2.50%,46020,46024,46027,46063,,JF2281,赖晔敏
J001205,602069290,生效,九富保险服务有限公司,经代业务,永明经代,持牌经纪,紫荆保险,紫荆保险,紫荆保险,香港永明金融有限公司,储蓄,万年青·星河尊享保险计划II,5,预缴,美金,19000,148200,148200,95000,0,NONPI,,46020,46024,46024,46035,,JL2755,唐婧瑶
D002099,861001681,生效,怡泰财富管理有限公司,KA业务,合伙转介业务,同行个人转介,个人转介,张曦Cissy,张曦Cissy,香港永明金融有限公司,人寿,卓裕人寿系列II-50,1,整付,美金,115140,898092,89809.2,1500000,0,NONPI,,46016,46027,46050,46052,,JF2281,赖晔敏
D002107,611232101,生效,怡泰财富管理有限公司,经代业务,BK业务,银行网点,平安银行,平安银行,平安香港分行许菁,香港永明金融有限公司,储蓄,永誉传承储蓄计划,1,整付,美金,1000000,7800000,780000,1000000,1,NONPI,2.50%,46028,46029,46035,46092,,,肖锦源
J001142,602069291,生效,九富保险服务有限公司,经代业务,同行经代,持牌经纪,唯思,同智顾问,同智顾问,香港永明金融有限公司,储蓄,万年青·星河尊享保险计划II,5,年缴,美金,20000,156000,156000,100000,0,NONPI,,46008,46029,46029,46055,战略合作,JL2755,唐婧瑶
U000839,611227316,生效,众和恒富理财集团有限公司,经代业务,永明经代,持牌经纪,堡盛国际,堡盛国际,堡盛国际,香港永明金融有限公司,储蓄,万年青·星河尊享保险计划II,2,年缴,美金,100000,780000,780000,200000,0,NONPI,,46029,46029,46029,46043,姜通,JF7523,吕静文
J001212,602069292,生效,九富保险服务有限公司,代理人业务,成事家办,IYB分公司,丁洁,丁洁,吴琴,香港永明金融有限公司,储蓄,万年青·星河尊享保险计划II,2,年缴,人民币,350000,399000,399000,700000,0,NONPI,,46027,46030,46030,46041,,JL2755,唐婧瑶
J10000091,602069394,生效,九富保险服务有限公司,代理人业务,天领业务,天领机构,天领成都,成都经代,宋微,香港永明金融有限公司,储蓄,万年青·星河尊享保险计划II,2,预缴,美金,25000,195000,195000,50000,0,NONPI,,46023,46031,46033,46076,,JJ8674,许家乐
U000838,611210799,生效,众和恒富理财集团有限公司,经代业务,永明经代,持牌经纪,堡盛国际,堡盛国际,堡盛国际,香港永明金融有限公司,储蓄,万年青·星河尊享保险计划II,5,预缴,美金,30000,234000,234000,150000,0,NONPI,,46028,46032,46034,46058,姜通,JJ7007,王嘉鸣
J001213,602069293,生效,九富保险服务有限公司,代理人业务,成事家办,IYB分公司,杨帆,杨帆,杨帆,香港永明金融有限公司,储蓄,万年青·星河传承保险计划II,2,预缴,美金,40000,312000,312000,80000,0,NONPI,,46029,46034,46035,46064,,JL2755,唐婧瑶
J001219,602069295,生效,九富保险服务有限公司,经代业务,永明经代,持牌经纪,紫荆保险,紫荆保险,紫荆保险,香港永明金融有限公司,储蓄,万年青·星河传承保险计划II,5,年缴,美金,10000,78000,78000,50000,0,NONPI,,46031,46034,46038,46066,,JL2755,唐婧瑶
J001214,602069294,生效,九富保险服务有限公司,代理人业务,成事家办,IYB分公司,杨璐熙,杨璐熙,杨璐熙,香港永明金融有限公司,储蓄,万年青·星河传承保险计划II,5,年缴,美金,10000,78000,78000,50000,0,NONPI,,46029,46034,46035,46051,,JL2755,唐婧瑶
J001215,602069296,取消投保,九富保险服务有限公司,经代业务,永明经代,持牌经纪,万森保险,万森保险,万森保险,香港永明金融有限公司,储蓄,万年青·星河传承保险计划II,2,年缴,美金,75000,585000,585000,150000,0,NONPI,,46030,46035,46038,,高瑶,JL2755,唐婧瑶
J001223,602069418,生效,九富保险服务有限公司,经代业务,永明经代,持牌经纪,紫荆保险,紫荆保险,紫荆保险,香港永明金融有限公司,储蓄,万年青·星河传承保险计划II,5,预缴,美金,5000,39000,39000,25000,0,NONPI,,46035,46035,46038,46055,,JL2755,唐婧瑶
J001221,602069417,生效,九富保险服务有限公司,经代业务,永明经代,持牌经纪,紫荆保险,紫荆保险,紫荆保险,香港永明金融有限公司,储蓄,万年青·星河传承保险计划II,5,年缴,美金,50000,390000,390000,250000,0,NONPI,,46034,46035,46038,46044,,JL2755,唐婧瑶
D002110,611222973,生效,怡泰财富管理有限公司,经代业务,BK业务,银行网点,民生银行,民生银行,民生北京分行,香港永明金融有限公司,储蓄,万年青·卓金保险计划II,5,预缴,美金,150000,1170000,1170000,750000,0,PI,59%,46030,46035,46036,46080,,JF2281,赖晔敏
J001217,602069331,生效,九富保险服务有限公司,代理人业务,成事家办,IYB分公司,杨帆,杨帆,杨帆,香港永明金融有限公司,储蓄,万年青·星河尊享保险计划II,5,预缴,美金,10000,78000,78000,50000,0,NONPI,,46031,46036,46044,46045,,JJ5633,陈昊锴
Y000058,8201168223,生效,盈富理财顾问有限公司,KA业务,ICLUB业务,异业机构转介,个人转介,傅箭,傅箭,中国人寿保险（海外）股份有限公司（澳门）,储蓄,裕饶传承储蓄保险计划III,5,预缴,港币,2000000,2000000,2000000,10000000,1,NONPI,,46036,46036,46038,46045,,,盈富助理
J001216,602069393,生效,九富保险服务有限公司,经代业务,永明经代,持牌经纪,太富,太富,太富,香港永明金融有限公司,储蓄,万年青·星河尊享保险计划II,2,年缴,人民币,700000,798000,798000,1400000,0,NONPI,,46030,46036,46036,46044,Mark,,许家乐
J001225,602069398,生效,九富保险服务有限公司,经代业务,永明经代,持牌经纪,德方集团,德方集团,德方集团,香港永明金融有限公司,储蓄,万年青·星河传承保险计划II,5,年缴,美金,100000,780000,780000,500000,0,NONPI,,46036,46036,46044,46073,,,许家乐
U000849,611227333,生效,众和恒富理财集团有限公司,KA业务,ICLUB业务,异业机构转介,个人转介,赵晓池,赵晓池,香港永明金融有限公司,储蓄,万年青·星河尊享保险计划II,5,年缴,美金,50000,390000,390000,250000,0,NONPI,,46035,46036,46037,46112,,JK6768,林小莎
J001228,602068485,生效,九富保险服务有限公司,经代业务,永明经代,持牌经纪,紫荆保险,紫荆保险,紫荆保险,香港永明金融有限公司,储蓄,万年青·星河尊享保险计划II,2,年缴,人民币,280000,319200,319200,560000,0,NONPI,,46034,46037,46037,46055,,JF7605,林思思
U000848,611227329,生效,众和恒富理财集团有限公司,经代业务,永明经代,持牌经纪,堡盛国际,堡盛国际,堡盛国际,香港永明金融有限公司,储蓄,万年青·星河尊享保险计划II,5,预缴,美金,30000,234000,234000,150000,0,NONPI,,46035,46037,46037,46079,姜通,JK6768,林小莎
U000852,611227360,生效,众和恒富理财集团有限公司,经代业务,永明经代,持牌经纪,企鹅保险,企鹅保险,企鹅保险,香港永明金融有限公司,储蓄,万年青·星河尊享保险计划II,5,年缴,人民币,400000,456000,456000,2000000,0,PI,,46036,46038,46041,46045,姜通,JK6768,林小莎
D002113,611232055,生效,怡泰财富管理有限公司,经代业务,BK业务,银行网点,平安银行,平安银行,平安香港分行钟丽丽,香港永明金融有限公司,储蓄,永誉传承储蓄计划,1,整付,美金,2736000,21340800,2134080,2736000,1,NONPI,3.50%,46037,46038,46041,46063,,JH6936,余迪慷
J001224,602069419,生效,九富保险服务有限公司,经代业务,永明经代,持牌经纪,万森保险,万森保险,万森保险,香港永明金融有限公司,重疾,万家康尊尚保,25,年缴,美金,2084,16255.2,16255.2,,0,NONPI,,46036,46038,46043,46065,高瑶,JL2755,唐婧瑶
D002114,611232100,生效,怡泰财富管理有限公司,经代业务,BK业务,银行网点,民生银行,民生银行,民生南京分行,香港永明金融有限公司,储蓄,万年青·卓金保险计划II,5,年缴,美金,50000,390000,390000,250000,0,PI,20%,46037,46038,46041,46048,,,肖锦源
U000843,611227325,生效,众和恒富理财集团有限公司,经代业务,同行经代,持牌经纪,唯思,唯思财富顾问,唯思财富顾问,香港永明金融有限公司,储蓄,万年青·星河尊享保险计划II,2,预缴,美金,30000,234000,234000,60000,0,NONPI,,46031,46038,46041,46057,战略合作,JK6768,林小莎
J001222,602069420,生效,九富保险服务有限公司,经代业务,永明经代,持牌经纪,紫荆保险,紫荆保险,紫荆保险,香港永明金融有限公司,储蓄,万年青·星河尊享保险计划II,2,年缴,美金,43000,335400,335400,86000,0,NONPI,,46034,46039,46042,46049,,JL2755,唐婧瑶
D002117,611222833,取消投保,怡泰财富管理有限公司,经代业务,BK业务,银行网点,平安银行,平安银行,平安香港分行许菁,香港永明金融有限公司,储蓄,万年青·卓金保险计划II,5,年缴,美金,50000,390000,390000,250000,0,PI,20%,46038,46041,46041,,,JF2281,赖晔敏
U000842,611227328,生效,众和恒富理财集团有限公司,经代业务,永明经代,持牌经纪,堡盛国际,堡盛国际,堡盛国际,香港永明金融有限公司,储蓄,万年青·星河尊享保险计划II,2,预缴,美金,50000,390000,390000,100000,0,NONPI,,46031,46041,46042,46066,姜通,JK6768,林小莎
J001231,602069421,生效,九富保险服务有限公司,经代业务,永明经代,持牌经纪,紫荆保险,紫荆保险,紫荆保险,香港永明金融有限公司,储蓄,万年青·星河尊享保险计划II,2,年缴,美金,75000,585000,585000,150000,0,NONPI,,46037,46041,46043,46055,,JL2755,唐婧瑶
U000850,611227359,生效,众和恒富理财集团有限公司,经代业务,永明经代,持牌经纪,堡盛国际,堡盛国际,堡盛国际,香港永明金融有限公司,储蓄,万年青·星河尊享保险计划II,2,年缴,美金,35000,273000,273000,70000,0,NONPI,,46036,46041,46042,46057,姜通,JK6768,林小莎
U000851,611227358,生效,众和恒富理财集团有限公司,经代业务,永明经代,持牌经纪,众安国际,众安国际,众安国际,香港永明金融有限公司,储蓄,万年青·星河尊享保险计划II,5,预缴,美金,15000,117000,117000,75000,0,NONPI,,46036,46041,46042,46049,姜通,JK6768,林小莎
J001226,602069397,生效,九富保险服务有限公司,经代业务,永明经代,持牌经纪,万森保险,万森保险,万森保险,香港永明金融有限公司,储蓄,万年青·星河尊享保险计划II,5,年缴,美金,20000,156000,156000,100000,0,NONPI,,46037,46041,46042,46058,高瑶,,许家乐
J001236,602069423,生效,九富保险服务有限公司,经代业务,同行经代,持牌经纪,唯思,同智顾问,同智顾问,香港永明金融有限公司,重疾,万家康卓越保,20,年缴,美金,2116,16504.8,16504.8,200000,0,NONPI,,46037,46041,46043,46108,战略合作,JL2755,唐婧瑶
J001235,602069422,生效,九富保险服务有限公司,经代业务,同行经代,持牌经纪,唯思,同智顾问,同智顾问,香港永明金融有限公司,储蓄,万年青·星河尊享保险计划II,5,年缴,美金,50000,390000,390000,250000,0,PI,,46037,46041,46043,46111,战略合作,JL2755,唐婧瑶
J001227,602069396,生效,九富保险服务有限公司,经代业务,永明经代,持牌经纪,万森保险,万森保险,万森保险,香港永明金融有限公司,储蓄,万年青·星河尊享保险计划II,5,年缴,美金,30000,234000,234000,150000,0,NONPI,,46037,46041,46042,46048,高瑶,,许家乐
J001229,602069330,生效,九富保险服务有限公司,代理人业务,天领业务,天领机构,天领重庆,重庆经代,陈璐,香港永明金融有限公司,储蓄,万年青·星河尊享保险计划II,5,年缴,美金,10000,78000,78000,50000,0,NONPI,,46037,46042,46042,46045,,JJ5633,陈昊锴
U000856,611227474,生效,众和恒富理财集团有限公司,经代业务,永明经代,持牌经纪,企鹅保险,企鹅保险,企鹅保险,香港永明金融有限公司,储蓄,万年青·星河尊享保险计划II,5,年缴,人民币,400000,456000,456000,2000000,0,NONPI,,46041,46042,46044,46106,姜通,JK7517,王杰辉
D002111,611232060,生效,怡泰财富管理有限公司,经代业务,BK业务,银行网点,平安银行,平安银行,平安香港分行许菁,香港永明金融有限公司,储蓄,万年青·卓金保险计划II,5,年缴,美金,100000,780000,780000,500000,0,PI,20%,46036,46042,46043,46055,,JH6936,余迪慷
J001234,602069333,生效,九富保险服务有限公司,代理人业务,天领业务,天领机构,天领成都,成都经代,钱语滋,香港永明金融有限公司,储蓄,万年青·星河尊享保险计划II,5,年缴,美金,20000,156000,156000,100000,0,NONPI,,46037,46042,46049,46080,,JJ5633,陈昊锴
U000847,611227470,生效,众和恒富理财集团有限公司,经代业务,永明经代,持牌经纪,堡盛国际,堡盛国际,堡盛国际,香港永明金融有限公司,储蓄,万年青·星河尊享保险计划II,2,年缴,美金,90000,702000,702000,180000,0,NONPI,,46034,46043,46044,46057,姜通,JK7517,王杰辉
U000858,611227473,生效,众和恒富理财集团有限公司,经代业务,永明经代,持牌经纪,臻略财富,臻略财富,臻略财富,香港永明金融有限公司,储蓄,万年青·星河尊享保险计划II,5,预缴,美金,30000,234000,234000,150000,0,PI,,46042,46043,46044,46049,白博文,JK7517,王杰辉
FF10000293,1.00038E+11,生效,怡泰财富管理有限公司,代理人业务,天领业务,天领机构,天领成都,成都经代,薛长城,立桥人寿保险有限公司,储蓄,智选储蓄保（20年保障期）,1,整付,美金,100000,780000,78000,100000,0,NONPI,,46038,46043,46043,46056,,JK6077,肖锦源
J10000266,602069424,生效,九富保险服务有限公司,代理人业务,天领业务,天领机构,天领重庆,重庆经代,黄涵,香港永明金融有限公司,重疾,万家康尊尚保,20,年缴,美金,1223,9539.4,9539.4,100000,0,NONPI,,46042,46043,46049,46069,,JL2755,唐婧瑶
J10000203,602069334,生效,九富保险服务有限公司,代理人业务,天领业务,天领机构,天领重庆,重庆经代,刘双钰琳,香港永明金融有限公司,储蓄,万年青·星河传承保险计划II,2,预缴,美金,15000,117000,117000,30000,0,NONPI,,46038,46043,46049,46056,,JJ5633,陈昊锴
D002121,611222975,生效,怡泰财富管理有限公司,经代业务,BK业务,银行网点,民生银行,民生银行,民生广州分行,香港永明金融有限公司,储蓄,万年青·卓金保险计划II,2,年缴,美金,200000,1560000,1560000,400000,0,PI,8%,46042,46043,46049,46055,,IA6464,连亮晴
FF10000275,3821243988,生效,富强天一财富管理有限公司,代理人业务,天领业务,天领机构,天领成都,成都经代,薛长城,中银人寿保险有限公司,储蓄,月悦出息终身享保险计划,2,年缴,美金,50000,390000,390000,100000,0,NONPI,,46042,46043,46044,46056,,JF2281,赖晔敏
U000853,611227469,生效,众和恒富理财集团有限公司,经代业务,永明经代,持牌经纪,堡盛国际,堡盛国际,堡盛国际,香港永明金融有限公司,储蓄,万年青·星河尊享保险计划II,2,预缴,美金,37500,292500,292500,75000,0,NONPI,,46038,46043,46044,46062,姜通,JK7517,王杰辉
J10000090,602069336,生效,九富保险服务有限公司,代理人业务,天领业务,天领机构,天领重庆,重庆经代,徐雪,香港永明金融有限公司,储蓄,万年青·星河尊享保险计划II,5,预缴,美金,20000,156000,156000,100000,0,NONPI,,46023,46044,46050,46056,,JJ5633,陈昊锴
J10000401,602069400,生效,九富保险服务有限公司,代理人业务,天领业务,天领机构,天领重庆,重庆经代,何益纬,香港永明金融有限公司,储蓄,万年青·星河尊享保险计划II,2,年缴,美金,15000,117000,117000,30000,0,NONPI,,46043,46044,46044,46062,,JJ8674,许家乐
Z000025,G685606036,生效,置富理财(香港)有限公司,代理人业务,天领业务,天领机构,天领成都,成都经代,薛长城,友邦保险（国际）有限公司,重疾,「爱伴航」保险计划2,25,年缴,美金,1500.01,11700.08,11700.08,100000,0,NONPI,,46041,46044,46046,46064,,,黄子峰
Z000026,G685606081,生效,置富理财(香港)有限公司,代理人业务,天领业务,天领机构,天领成都,成都经代,薛长城,友邦保险（国际）有限公司,重疾,「爱伴航」保险计划2,25,年缴,美金,1500.01,11700.08,11700.08,100000,0,NONPI,,46041,46044,46046,46064,,,黄子峰
D10000099,505-9988252,生效,怡泰财富管理有限公司,代理人业务,天领业务,天领机构,天领重庆,重庆经代,徐雪,香港安盛保险有限公司,储蓄,盛利II储蓄保险-至尊,5,年缴,美金,20000,156000,156000,100000,0,NONPI,,46030,46044,46044,46064,,JF2281,赖晔敏
J10000221,602069335,生效,九富保险服务有限公司,代理人业务,天领业务,天领贴牌,广西贴牌,广西贴牌,朱艳云,香港永明金融有限公司,储蓄,万年青·星河尊享保险计划II,5,预缴,美金,10000,78000,78000,50000,0,NONPI,,46037,46044,46050,46056,,JJ5633,陈昊锴
J001242,602069399,生效,九富保险服务有限公司,代理人业务,成事家办,IYB分公司,杨璐熙,杨璐熙,杨璐熙,香港永明金融有限公司,储蓄,万年青·星河尊享保险计划II,5,预缴,美金,10000,78000,78000,50000,0,NONPI,,46041,46044,46044,46058,,,许家乐
D002120,0,取消投保,怡泰财富管理有限公司,经代业务,BK业务,银行网点,民生银行,民生银行,民生南京分行,香港永明金融有限公司,储蓄,万年青·卓金保险计划II,5,年缴,美金,100000,780000,780000,500000,0,PI,20%,46041,46044,46046,,,,肖锦源
D002119,611232052,生效,怡泰财富管理有限公司,经代业务,BK业务,银行网点,民生银行,民生银行,民生广州分行,香港永明金融有限公司,储蓄,万年青·卓金保险计划II,5,年缴,美金,50000,390000,390000,250000,0,PI,20%,46041,46044,46051,46086,,JH6936,余迪慷
U000857,611227332,生效,众和恒富理财集团有限公司,经代业务,永明经代,持牌经纪,龙腾财富,龙腾财富,龙腾财富,香港永明金融有限公司,储蓄,万年青·星河尊享保险计划II,2,年缴,美金,50000,390000,390000,100000,0,NONPI,,46042,46044,46045,46058,,JK6768,林小莎
FF10000284,A000004202,生效,怡泰财富管理有限公司,代理人业务,天领业务,天领机构,天领重庆,重庆经代,乔华桦,中国太平洋保险（香港）有限公司,储蓄,鑫相伴终身年金保险计划,6,年缴,美金,50001,390007.8,390007.8,300000,0,NONPI,,46037,46044,46044,46049,,JF2281,赖晔敏
D10000302,A000004201,生效,怡泰财富管理有限公司,代理人业务,天领业务,天领机构,天领重庆,重庆经代,田苗,中国太平洋保险（香港）有限公司,储蓄,鑫相伴终身年金保险计划,6,年缴,美金,25000.5,195003.9,195003.9,150000,0,NONPI,,46037,46044,46044,46046,,JH6936,余迪慷
D002122,611208706,生效,怡泰财富管理有限公司,经代业务,BK业务,银行网点,平安银行,平安银行,平安香港分行钟丽丽,香港永明金融有限公司,储蓄,永誉传承储蓄计划,1,整付,美金,2736000,21340800,2134080,2736000,1,NONPI,3.50%,46043,46045,46049,46087,,JF2281,赖晔敏
J10000383,602069337,退保,九富保险服务有限公司,代理人业务,天领业务,天领贴牌,广西贴牌,广西贴牌,丘文杰,香港永明金融有限公司,储蓄,万年青·星河尊享保险计划II,5,预缴,美金,10000,78000,78000,50000,0,NONPI,,46043,46045,46050,46069,,JJ5633,陈昊锴
J001237,602069639,生效,九富保险服务有限公司,经代业务,同行经代,持牌经纪,唯思,同智顾问,同智顾问,香港永明金融有限公司,储蓄,万年青·星河尊享保险计划II,5,年缴,美金,20000,156000,156000,100000,0,NONPI,,46038,46045,46047,46055,战略合作,,许家乐
J001238,602069640,生效,九富保险服务有限公司,经代业务,同行经代,持牌经纪,唯思,同智顾问,同智顾问,香港永明金融有限公司,储蓄,万年青·星河尊享保险计划II,5,年缴,美金,50000,390000,390000,250000,0,NONPI,,46038,46045,46047,46058,战略合作,,许家乐
D002105,611232056,生效,怡泰财富管理有限公司,经代业务,BK业务,银行网点,民生银行,民生银行,民生北京分行,香港永明金融有限公司,储蓄,万年青·卓金保险计划II,5,年缴,美金,50000,390000,390000,250000,0,PI,59%,46021,46045,46050,46091,,JH6936,余迪慷
J001258,602069642,生效,九富保险服务有限公司,经代业务,同行经代,持牌经纪,唯思,同智顾问,同智顾问,香港永明金融有限公司,储蓄,万年青·星河尊享保险计划II,5,预缴,美金,10000,78000,78000,50000,0,NONPI,,46045,46046,46051,46059,战略合作,,许家乐
J001257,602069645,生效,九富保险服务有限公司,经代业务,同行经代,持牌经纪,唯思,同智顾问,同智顾问,香港永明金融有限公司,储蓄,万年青·星河尊享保险计划II,5,预缴,美金,10000,78000,78000,50000,0,NONPI,,46045,46046,46051,46056,战略合作,,许家乐
J001241,602069643,生效,九富保险服务有限公司,经代业务,永明经代,持牌经纪,紫荆保险,紫荆保险,紫荆保险,香港永明金融有限公司,储蓄,万年青·星河尊享保险计划II,5,年缴,美金,30000,234000,234000,150000,0,NONPI,,46038,46046,46049,46059,,,许家乐
U000854,611210798,生效,众和恒富理财集团有限公司,经代业务,永明经代,持牌经纪,企鹅保险,企鹅保险,企鹅保险,香港永明金融有限公司,储蓄,万年青·星河尊享保险计划II,2,年缴,人民币,150000,171000,171000,300000,0,NONPI,,46038,46046,46051,46085,姜通,JJ7007,王嘉鸣
J10000374,602069644,生效,九富保险服务有限公司,代理人业务,天领业务,天领贴牌,武汉贴牌,武汉贴牌,严聪,香港永明金融有限公司,储蓄,万年青·星河尊享保险计划II,5,预缴,美金,10000,78000,78000,50000,0,NONPI,,46042,46046,46049,46057,,JJ8674,许家乐
J001252,602069650,取消投保,九富保险服务有限公司,经代业务,永明经代,持牌经纪,万森保险,万森保险,万森保险,香港永明金融有限公司,储蓄,万年青·星河尊享保险计划II,2,年缴,美金,200000,1560000,1560000,400000,0,PI,,46044,46046,46057,,高瑶,,许家乐
J001260,602069649,生效,九富保险服务有限公司,经代业务,同行经代,持牌经纪,唯思,同智顾问,同智顾问,香港永明金融有限公司,储蓄,万年青·星河尊享保险计划II,5,年缴,人民币,100000,114000,114000,500000,0,NONPI,,46046,46047,46051,46057,战略合作,,许家乐
D002108,611208859,生效,怡泰财富管理有限公司,经代业务,BK业务,银行网点,民生银行,民生银行,民生南京分行,香港永明金融有限公司,储蓄,万年青·卓金保险计划II,5,年缴,美金,50000,390000,390000,250000,0,NONPI,59%,46029,46048,46051,46062,,JH6936,余迪慷
Y000060,8201172093,生效,盈富理财顾问有限公司,代理人业务,天领业务,天领机构,天领成都,成都经代,蔡影,中国人寿保险（海外）股份有限公司（澳门）,储蓄,裕饶传承储蓄保险计划III,5,预缴,港币,1000000,1000000,1000000,5000000,1,NONPI,,46041,46048,46050,46056,,,盈富助理
Y000059,8201172108,生效,盈富理财顾问有限公司,代理人业务,天领业务,天领机构,天领成都,成都经代,庄轩奕,中国人寿保险（海外）股份有限公司（澳门）,储蓄,裕饶传承储蓄保险计划III,5,预缴,港币,1000000,1000000,1000000,5000000,1,NONPI,,46041,46048,46050,46056,,,盈富助理
J001248,602069653,生效,九富保险服务有限公司,代理人业务,成事家办,IYB分公司,杨洪美,杨洪美,杨洪美,香港永明金融有限公司,储蓄,万年青·星河尊享保险计划II,5,年缴,美金,10000,78000,78000,50000,0,NONPI,,46044,46048,46049,46087,,,许家乐
U000862,611227363,生效,众和恒富理财集团有限公司,经代业务,永明经代,持牌经纪,堡盛国际,堡盛国际,堡盛国际,香港永明金融有限公司,储蓄,万年青·星河尊享保险计划II,2,预缴,美金,70000,546000,546000,140000,0,NONPI,,46046,46048,46049,46073,姜通,JK6768,林小莎
J001259,602069648,生效,九富保险服务有限公司,经代业务,同行经代,持牌经纪,唯思,同智顾问,同智顾问,香港永明金融有限公司,储蓄,万年青·星河尊享保险计划II,2,预缴,美金,75000,585000,585000,150000,0,NONPI,,46045,46048,46049,46113,战略合作,,许家乐
U000864,611227362,生效,众和恒富理财集团有限公司,经代业务,永明经代,持牌经纪,企鹅保险,企鹅保险,企鹅保险,香港永明金融有限公司,储蓄,万年青·星河尊享保险计划II,2,预缴,人民币,175000,199500,199500,350000,0,NONPI,,46047,46048,46049,46064,姜通,JK6768,林小莎
D002123,611232103,生效,怡泰财富管理有限公司,经代业务,BK业务,银行网点,民生银行,民生银行,民生南京分行,香港永明金融有限公司,储蓄,万年青·卓金保险计划II,5,年缴,美金,50000,390000,390000,250000,0,PI,20%,46044,46049,46050,46069,,,肖锦源
D002127,611222978,生效,怡泰财富管理有限公司,经代业务,BK业务,银行网点,民生银行,民生银行,民生南京分行,香港永明金融有限公司,储蓄,万年青·卓金保险计划II,5,年缴,美金,100000,780000,780000,500000,0,PI,20%,46045,46049,46049,46066,,JF2281,赖晔敏
J10000131,602069341,生效,九富保险服务有限公司,代理人业务,天领业务,天领机构,天领重庆,重庆经代,雷蕾,香港永明金融有限公司,储蓄,万年青·星河尊享保险计划II,5,年缴,美金,10000,78000,78000,50000,0,NONPI,,46037,46049,46050,46056,,JJ5633,陈昊锴
J001250,602069425,生效,九富保险服务有限公司,代理人业务,天领业务,天领机构,天领重庆,重庆经代,周彤,香港永明金融有限公司,储蓄,万年青·星河尊享保险计划II,5,年缴,美金,10000,78000,78000,50000,0,NONPI,,46044,46049,46049,46065,,JL2755,唐婧瑶
J001256,602069426,生效,九富保险服务有限公司,经代业务,永明经代,持牌经纪,紫荆保险,紫荆保险,紫荆保险,香港永明金融有限公司,储蓄,万年青·星河尊享保险计划II,5,预缴,美金,10000,78000,78000,50000,0,NONPI,,46045,46049,46049,46057,,JL2755,唐婧瑶
U000863,611210806,生效,众和恒富理财集团有限公司,经代业务,永明经代,持牌经纪,臻略财富,臻略财富,臻略财富,香港永明金融有限公司,储蓄,万年青·星河尊享保险计划II,2,年缴,美金,50000,390000,390000,100000,0,NONPI,,46046,46049,46051,46148,白博文,JJ7007,王嘉鸣
U000866,611224924,生效,众和恒富理财集团有限公司,经代业务,永明经代,持牌经纪,企鹅保险,企鹅保险,企鹅保险,香港永明金融有限公司,储蓄,万年青·星河尊享保险计划II,2,年缴,人民币,400000,456000,456000,800000,0,NONPI,,46048,46050,46051,46056,姜通,JK7517,王杰辉
D002131,611232106,生效,怡泰财富管理有限公司,经代业务,BK业务,银行网点,民生银行,民生银行,民生广州分行,香港永明金融有限公司,储蓄,万年青·卓金保险计划II,5,年缴,美金,50000,390000,390000,250000,0,PI,20%,46049,46050,46056,46066,,,肖锦源
U000855,611227472,生效,众和恒富理财集团有限公司,经代业务,永明经代,持牌经纪,堡盛国际,堡盛国际,堡盛国际,香港永明金融有限公司,储蓄,万年青·星河尊享保险计划II,2,预缴,美金,75000,585000,585000,150000,0,NONPI,,46041,46050,46052,46056,姜通,JK7517,王杰辉
U000868,611224923,生效,众和恒富理财集团有限公司,经代业务,永明经代,持牌经纪,企鹅保险,企鹅保险,企鹅保险,香港永明金融有限公司,储蓄,万年青·星河尊享保险计划II,5,年缴,人民币,100000,114000,114000,500000,0,NONPI,,46049,46050,46051,46076,姜通,JK7517,王杰辉
J001266,602069427,生效,九富保险服务有限公司,经代业务,永明经代,持牌经纪,紫荆保险,紫荆保险,紫荆保险,香港永明金融有限公司,储蓄,万年青·星河尊享保险计划II,5,年缴,美金,30000,234000,234000,150000,0,NONPI,,46049,46051,46051,46057,,JL2755,唐婧瑶
D002132,0,取消投保,怡泰财富管理有限公司,经代业务,BK业务,银行网点,民生银行,民生银行,民生南京分行,香港永明金融有限公司,储蓄,万年青·卓金保险计划II,5,年缴,美金,200000,1560000,1560000,1000000,0,PI,,46050,46051,46053,,,IA6464,连亮晴
J001267,602069338,生效,九富保险服务有限公司,经代业务,永明经代,持牌经纪,紫荆保险,紫荆保险,紫荆保险,香港永明金融有限公司,储蓄,万年青·星河尊享保险计划II,2,年缴,美金,50000,390000,390000,100000,0,NONPI,,46050,46051,46051,46139,,JL5879,李咏媱
U000867,611227331,生效,众和恒富理财集团有限公司,经代业务,永明经代,持牌经纪,企鹅保险,企鹅保险,企鹅保险,香港永明金融有限公司,储蓄,万年青·星河尊享保险计划II,5,年缴,美金,30000,234000,234000,150000,0,NONPI,,46049,46051,46051,46056,姜通,JF7523,吕静文
J001254,602069428,生效,九富保险服务有限公司,经代业务,永明经代,持牌经纪,万森保险,万森保险,万森保险,香港永明金融有限公司,储蓄,万年青·星河尊享保险计划II,2,年缴,人民币,105000,119700,119700,210000,0,NONPI,,46045,46051,46051,46065,高瑶,JL2755,唐婧瑶
J001255,602069429,生效,九富保险服务有限公司,经代业务,永明经代,持牌经纪,万森保险,万森保险,万森保险,香港永明金融有限公司,储蓄,万年青·星河尊享保险计划II,5,年缴,人民币,40000,45600,45600,200000,0,NONPI,,46045,46051,46051,46065,高瑶,JL2755,唐婧瑶
U000872,611233782,取消投保,众和恒富理财集团有限公司,经代业务,同行经代,持牌经纪,天誉国际,迪岸香港科技有限公司,迪岸香港科技有限公司,香港永明金融有限公司,储蓄,万年青·星河尊享保险计划II,5,预缴,美金,10000,78000,78000,50000,0,NONPI,,46051,46051,46056,,姜通,JF7523,吕静文
D002128,611222976,生效,怡泰财富管理有限公司,经代业务,BK业务,银行网点,民生银行,民生银行,民生上海分行,香港永明金融有限公司,储蓄,万年青·卓金保险计划II,5,年缴,美金,50000,390000,390000,250000,0,PI,20%,46048,46051,46051,46063,,JF2281,赖晔敏
D002133,611232066,生效,怡泰财富管理有限公司,经代业务,BK业务,银行网点,平安银行,平安银行,平安香港分行朱慧娟,香港永明金融有限公司,储蓄,永誉传承储蓄计划,1,整付,美金,500000,3900000,390000,500000,1,NONPI,3.50%,46051,46052,46052,46066,,JH6936,余迪慷
U000873,611233831,取消投保,众和恒富理财集团有限公司,经代业务,同行经代,持牌经纪,天誉国际,迪岸香港科技有限公司,迪岸香港科技有限公司,香港永明金融有限公司,储蓄,万年青·星河尊享保险计划II,5,年缴,美金,20000,156000,156000,100000,0,NONPI,,46051,46052,46055,,姜通,JF7523,吕静文
J001249,602069340,生效,九富保险服务有限公司,经代业务,永明经代,持牌经纪,紫荆保险,紫荆保险,紫荆保险,香港永明金融有限公司,储蓄,万年青·星河尊享保险计划II,2,预缴,美金,25000,195000,195000,50000,0,NONPI,,46044,46052,46052,46059,,JL5879,李咏媱
J10000482,602069347,生效,九富保险服务有限公司,代理人业务,天领业务,天领机构,天领成都,成都经代,宋微,香港永明金融有限公司,储蓄,万年青·星河尊享保险计划II,2,预缴,美金,15000,117000,117000,30000,0,NONPI,,46049,46052,46056,46086,,JJ5633,陈昊锴
J001261,602069339,生效,九富保险服务有限公司,经代业务,永明经代,持牌经纪,万森保险,万森保险,万森保险,香港永明金融有限公司,储蓄,万年青·星河传承保险计划II,2,年缴,人民币,250000,285000,285000,500000,0,NONPI,,46048,46052,46052,46059,高瑶,JL5879,李咏媱
D002134,611232108,退保,怡泰财富管理有限公司,经代业务,BK业务,银行网点,民生银行,民生银行,民生广州分行,香港永明金融有限公司,储蓄,万年青·卓金保险计划II,5,年缴,美金,50000,390000,390000,250000,0,PI,20%,46051,46052,46056,46069,,,肖锦源
D002135,611222982,退保,怡泰财富管理有限公司,经代业务,BK业务,银行网点,民生银行,民生银行,民生广州分行,香港永明金融有限公司,储蓄,万年青·卓金保险计划II,5,年缴,美金,50000,390000,390000,250000,0,PI,20%,46051,46052,46055,46069,,JF2281,赖晔敏
J10000527,602069656,生效,九富保险服务有限公司,代理人业务,天领业务,天领机构,天领成都,成都经代,许林,香港永明金融有限公司,储蓄,万年青·星河传承保险计划II,5,预缴,美金,50000,390000,390000,250000,0,NONPI,100%,46048,46053,46057,46077,,JJ8674,许家乐
J001272,602069654,生效,九富保险服务有限公司,经代业务,同行经代,持牌经纪,唯思,同智顾问,同智顾问,香港永明金融有限公司,储蓄,万年青·星河尊享保险计划II,2,预缴,美金,37500,292500,292500,75000,0,NONPI,,46050,46053,46057,46086,战略合作,,许家乐
J001264,602069651,生效,九富保险服务有限公司,代理人业务,天领业务,天领机构,天领深圳,大湾区,黄可儿,香港永明金融有限公司,储蓄,万年青·星河尊享保险计划II,5,年缴,美金,10000,78000,78000,50000,0,NONPI,,46048,46053,46056,46065,,,许家乐
D002130,611222979,生效,怡泰财富管理有限公司,经代业务,同行经代,持牌资管,利泰丰,利泰丰管理有限公司,利泰丰管理有限公司,香港永明金融有限公司,储蓄,万年青·星河传承保险计划II,5,年缴,美金,10000,78000,78000,50000,0,NONPI,,46048,46053,46055,46062,,JF2281,赖晔敏
U000841,611233781,生效,众和恒富理财集团有限公司,经代业务,永明经代,持牌经纪,堡盛国际,堡盛国际,堡盛国际,香港永明金融有限公司,储蓄,万年青·星河尊享保险计划II,5,年缴,澳元,8000,40000,40000,40000,0,NONPI,,46030,46053,46055,46064,姜通,JF7523,吕静文
U000840,611233780,生效,众和恒富理财集团有限公司,经代业务,永明经代,持牌经纪,堡盛国际,堡盛国际,堡盛国际,香港永明金融有限公司,储蓄,万年青·星河尊享保险计划II,2,年缴,澳元,120000,600000,600000,240000,0,NONPI,,46030,46053,46055,46059,姜通,JF7523,吕静文
J001253,602069655,生效,九富保险服务有限公司,经代业务,永明经代,持牌经纪,紫荆保险,紫荆保险,紫荆保险,香港永明金融有限公司,储蓄,万年青·星河尊享保险计划II,2,预缴,美金,50000,390000,390000,100000,0,NONPI,,46045,46053,46057,46064,,,许家乐
Z000027,G685633436,生效,置富理财(香港)有限公司,经代业务,同行经代,持牌资管,利泰丰,利泰丰管理有限公司,黄子峰,友邦保险（国际）有限公司,重疾,「爱伴航」保险计划2,25,年缴,美金,2604,20311.2,20311.2,200000,0,NONPI,,46048,46053,46055,46066,,,黄子峰
U000869,611210805,生效,众和恒富理财集团有限公司,KA业务,合伙转介业务,异业机构转介,明德长青,明德长青（香港）投资有限公司,明德长青（香港）投资有限公司,香港永明金融有限公司,储蓄,万年青·星河尊享保险计划II,5,年缴,美金,50000,390000,390000,250000,0,NONPI,,46050,46055,46056,46064,,JJ7007,王嘉鸣
U000879,611233700,取消投保,众和恒富理财集团有限公司,KA业务,合伙转介业务,异业机构转介,明德长青,明德长青（香港）投资有限公司,何嘉琪,香港永明金融有限公司,储蓄,万年青·星河尊享保险计划II,5,预缴,美金,10000,78000,78000,50000,0,NONPI,,46055,46055,46056,,,JJ7007,王嘉鸣
J001247,602069430,生效,九富保险服务有限公司,经代业务,永明经代,持牌经纪,紫荆保险,紫荆保险,紫荆保险,香港永明金融有限公司,储蓄,万年青·星河尊享保险计划II,2,年缴,美金,40000,312000,312000,80000,0,NONPI,,46044,46055,46056,46073,,JL2755,唐婧瑶
U000874,611224928,生效,众和恒富理财集团有限公司,KA业务,合伙转介业务,同行机构转介,德约,德约,张志华,香港永明金融有限公司,储蓄,万年青·星河尊享保险计划II,5,预缴,美金,6000,46800,46800,30000,0,NONPI,,46052,46055,46055,46085,,JK7517,王杰辉
J001269,602069659,取消投保,九富保险服务有限公司,代理人业务,天领业务,天领机构,天领深圳,大湾区,黄莹,香港永明金融有限公司,储蓄,永越多元货币保险计划II,3,预缴,美金,16666.67,130000.03,130000.03,50000,0,NONPI,,46050,46055,46056,,,,许家乐
J001279,602069431,生效,九富保险服务有限公司,经代业务,永明经代,持牌经纪,紫荆保险,紫荆保险,紫荆保险,香港永明金融有限公司,储蓄,万年青·星河尊享保险计划II,2,预缴,美金,25000,195000,195000,50000,0,NONPI,,46052,46055,46056,46069,,JL2755,唐婧瑶
J001273,602069344,生效,九富保险服务有限公司,经代业务,永明经代,持牌经纪,万森保险,万森保险,万森保险,香港永明金融有限公司,储蓄,万年青·星河尊享保险计划II,5,预缴,美金,30000,234000,234000,150000,0,PI,,46051,46055,46055,46076,高瑶,JL5879,李咏媱
J001278,602069432,生效,九富保险服务有限公司,经代业务,同行经代,持牌经纪,唯思,同智顾问,同智顾问,香港永明金融有限公司,储蓄,万年青·星河尊享保险计划II,5,年缴,美金,50000,390000,390000,250000,0,NONPI,,46052,46055,46056,46066,战略合作,JL2755,唐婧瑶
J001282,602069518,生效,九富保险服务有限公司,经代业务,永明经代,持牌经纪,万森保险,万森保险,万森保险,香港永明金融有限公司,储蓄,万年青·星河尊享保险计划II,2,预缴,美金,25000,195000,195000,50000,0,NONPI,,46055,46055,46055,46090,高瑶,JL5879,李咏媱
J001271,602069433,生效,九富保险服务有限公司,经代业务,永明经代,持牌经纪,紫荆保险,紫荆保险,紫荆保险,香港永明金融有限公司,储蓄,万年青·星河传承保险计划II,2,预缴,美金,50000,390000,390000,100000,0,NONPI,,46050,46056,46056,46064,,JL2755,唐婧瑶
J001270,602069343,生效,九富保险服务有限公司,经代业务,永明经代,持牌经纪,万森保险,万森保险,万森保险,香港永明金融有限公司,储蓄,万年青·星河传承保险计划II,5,预缴,美金,30000,234000,234000,150000,0,NONPI,,46050,46056,46057,46080,高瑶,JL5879,李咏媱
D002136,611227336,生效,怡泰财富管理有限公司,经代业务,BK业务,银行网点,民生银行,民生银行,民生北京分行,香港永明金融有限公司,储蓄,万年青·卓金保险计划II,5,年缴,美金,80000,624000,624000,400000,0,PI,21%,46052,46056,46057,46111,,JH6936,余迪慷
J001283,602069434,生效,九富保险服务有限公司,经代业务,永明经代,持牌经纪,紫荆保险,紫荆保险,紫荆保险,香港永明金融有限公司,储蓄,万年青·星河尊享保险计划II,2,预缴,美金,50000,390000,390000,100000,0,NONPI,,46055,46056,46056,46077,,JL2755,唐婧瑶
J001275,602069342,生效,九富保险服务有限公司,经代业务,同行经代,持牌经纪,唯思,同智顾问,同智顾问,香港永明金融有限公司,储蓄,万年青·星河尊享保险计划II,5,年缴,美金,30000,234000,234000,150000,0,NONPI,,46051,46056,46057,46073,战略合作,JL5879,李咏媱
U000878,611227335,生效,众和恒富理财集团有限公司,经代业务,永明经代,持牌经纪,企鹅保险,企鹅保险,企鹅保险,香港永明金融有限公司,储蓄,万年青·星河尊享保险计划II,2,预缴,美金,72000,561600,561600,144000,0,NONPI,6%,46054,46057,46059,46108,姜通,JK6768,林小莎
J001277,602069597,退保,九富保险服务有限公司,经代业务,同行经代,持牌经纪,唯思,同智顾问,同智顾问,香港永明金融有限公司,储蓄,万年青·星河传承保险计划II,5,年缴,美金,30000,234000,234000,150000,0,NONPI,,46052,46057,46057,46079,战略合作,JL5879,李咏媱
U000880,611227339,生效,众和恒富理财集团有限公司,经代业务,永明经代,持牌经纪,企鹅保险,企鹅保险,企鹅保险,香港永明金融有限公司,储蓄,万年青·星河尊享保险计划II,2,年缴,澳元,22500,112500,112500,45000,0,NONPI,,46055,46057,46059,46073,姜通,JK6768,林小莎
J001286,602069598,生效,九富保险服务有限公司,经代业务,永明经代,持牌经纪,万森保险,万森保险,万森保险,香港永明金融有限公司,储蓄,万年青·星河尊享保险计划II,2,预缴,美金,100000,780000,780000,200000,0,NONPI,8%,46056,46057,46057,46129,高瑶,JL5879,李咏媱
U000861,611227334,生效,众和恒富理财集团有限公司,经代业务,永明经代,持牌经纪,堡盛国际,堡盛国际,堡盛国际,香港永明金融有限公司,储蓄,万年青·星河尊享保险计划II,2,预缴,美金,75000,585000,585000,150000,0,NONPI,,46045,46057,46059,46065,姜通,JK6768,林小莎
U000881,611224927,生效,众和恒富理财集团有限公司,经代业务,永明经代,持牌经纪,臻略财富,臻略财富,臻略财富,香港永明金融有限公司,储蓄,万年青·星河尊享保险计划II,2,年缴,美金,50200,391560,391560,100400,0,NONPI,6%,46055,46057,46059,46080,白博文,JK7517,王杰辉
D002141,611208790,生效,怡泰财富管理有限公司,经代业务,BK业务,银行网点,平安银行,平安银行,平安香港分行许菁,香港永明金融有限公司,储蓄,永誉传承储蓄计划,1,整付,美金,1000000,7800000,780000,1000000,1,NONPI,2.50%,46058,46058,46060,46107,,JH6936,余迪慷
Y000063,8201176266,生效,盈富理财顾问有限公司,KA业务,ICLUB业务,异业机构转介,个人转介,傅箭,傅箭,中国人寿保险（海外）股份有限公司（澳门）,储蓄,裕饶传承储蓄保险计划III,5,预缴,港币,6000000,6000000,6000000,30000000,1,NONPI,,46057,46058,46060,46076,,,盈富助理
Y000062,8201176277,生效,盈富理财顾问有限公司,KA业务,ICLUB业务,异业机构转介,个人转介,傅箭,傅箭,中国人寿保险（海外）股份有限公司（澳门）,储蓄,裕饶传承储蓄保险计划III,5,预缴,港币,6000000,6000000,6000000,30000000,1,NONPI,,46057,46058,46060,46076,,,盈富助理
U000871,611227390,生效,众和恒富理财集团有限公司,经代业务,永明经代,持牌经纪,企鹅保险,企鹅保险,企鹅保险,香港永明金融有限公司,储蓄,万年青·星河尊享保险计划II,5,年缴,人民币,100000,114000,114000,500000,0,NONPI,,46050,46058,46059,46080,姜通,JH9602,余文茜
Y000061,8201176338,生效,盈富理财顾问有限公司,代理人业务,天领业务,天领机构,天领重庆,重庆经代,张欣,中国人寿保险（海外）股份有限公司（澳门）,储蓄,裕饶传承储蓄保险计划III,5,预缴,港币,5000000,5000000,5000000,25000000,1,NONPI,20%,46055,46058,46060,46065,,,盈富助理
U000884,611227376,生效,众和恒富理财集团有限公司,经代业务,永明经代,持牌经纪,企鹅保险,企鹅保险,企鹅保险,香港永明金融有限公司,储蓄,万年青·星河尊享保险计划II,5,年缴,美金,10000,78000,78000,50000,0,NONPI,,46057,46058,46059,46065,姜通,JH9602,余文茜
D002137,611222980,生效,怡泰财富管理有限公司,经代业务,BK业务,银行网点,民生银行,民生银行,民生上海分行,香港永明金融有限公司,储蓄,万年青·卓金保险计划II,5,年缴,美金,50000,390000,390000,250000,0,PI,59%,46055,46058,46058,46080,,JF2281,赖晔敏
J10000329,602069517,生效,九富保险服务有限公司,代理人业务,天领业务,天领机构,天领重庆,重庆经代,杨媛越,香港永明金融有限公司,储蓄,万年青·星河尊享保险计划II,5,年缴,美金,20000,156000,156000,100000,0,NONPI,,46048,46058,46058,46066,,JL5879,李咏媱
J001293,602069516,取消投保,九富保险服务有限公司,经代业务,永明经代,持牌经纪,万森保险,万森保险,万森保险,香港永明金融有限公司,储蓄,万年青·星河尊享保险计划II,5,年缴,美金,100000,780000,780000,500000,0,NONPI,,46058,46058,46058,,高瑶,JL5879,李咏媱
J001285,602069435,生效,九富保险服务有限公司,经代业务,永明经代,持牌经纪,紫荆保险,紫荆保险,紫荆保险,香港永明金融有限公司,储蓄,万年青·星河尊享保险计划II,2,年缴,人民币,1500000,1710000,1710000,3000000,0,NONPI,,46056,46059,46062,46080,,JL2755,唐婧瑶
U000877,611222798,生效,众和恒富理财集团有限公司,经代业务,永明经代,持牌经纪,企鹅保险,企鹅保险,企鹅保险,香港永明金融有限公司,储蓄,万年青·星河尊享保险计划II,2,年缴,美金,75000,585000,585000,150000,0,NONPI,6%,46053,46059,46059,46084,姜通,JH9602,余文茜
D002112,611222885,生效,怡泰财富管理有限公司,经代业务,BK业务,银行网点,民生银行,民生银行,民生重庆分行,香港永明金融有限公司,储蓄,万年青·卓金保险计划II,5,年缴,美金,50000,390000,390000,250000,0,PI,21%,46036,46059,46059,46092,,JH6936,余迪慷
U000859,611221228,生效,众和恒富理财集团有限公司,经代业务,同行经代,持牌经纪,唯思,唯思财富顾问,唯思财富顾问,香港永明金融有限公司,储蓄,万年青·星河尊享保险计划II,2,预缴,美金,400000,3120000,3120000,800000,0,PI,4%,46043,46059,46059,46073,战略合作,JH9602,余文茜
J10000671,602069345,生效,九富保险服务有限公司,代理人业务,天领业务,天领机构,天领重庆,重庆经代,毛静,香港永明金融有限公司,重疾,万家康尊尚保,20,年缴,美金,1860,14508,14508,150000,0,NONPI,,46057,46059,46062,46076,,JJ5633,陈昊锴
J10000680,602069346,生效,九富保险服务有限公司,代理人业务,天领业务,天领机构,天领重庆,重庆经代,毛静,香港永明金融有限公司,储蓄,万年青·星河传承保险计划II,5,年缴,美金,15000,117000,117000,75000,0,NONPI,,46057,46059,46062,46076,,JJ5633,陈昊锴
J001289,602069437,生效,九富保险服务有限公司,经代业务,同行经代,持牌经纪,唯思,同智顾问,同智顾问,香港永明金融有限公司,储蓄,万年青·星河传承保险计划II,5,年缴,美金,15000,117000,117000,75000,0,NONPI,,46057,46059,46062,46080,战略合作,JL2755,唐婧瑶
J001288,602069436,生效,九富保险服务有限公司,经代业务,同行经代,持牌经纪,唯思,同智顾问,同智顾问,香港永明金融有限公司,储蓄,万年青·星河传承保险计划II,5,年缴,美金,15000,117000,117000,75000,0,NONPI,,46057,46059,46062,46080,战略合作,JL2755,唐婧瑶
J001294,602069521,生效,九富保险服务有限公司,经代业务,永明经代,持牌经纪,紫荆保险,紫荆保险,紫荆保险,香港永明金融有限公司,储蓄,万年青·星河尊享保险计划II,5,年缴,美金,3000,23400,23400,15000,0,NONPI,,46059,46060,46062,46080,,JL5879,李咏媱
U000876,611227379,生效,众和恒富理财集团有限公司,经代业务,永明经代,持牌经纪,企鹅保险,企鹅保险,企鹅保险,香港永明金融有限公司,储蓄,万年青·星河传承保险计划II,2,年缴,美金,50000,390000,390000,100000,0,NONPI,,46052,46060,46060,46080,姜通,JH9602,余文茜
U000882,611227384,生效,众和恒富理财集团有限公司,经代业务,永明经代,持牌经纪,臻略财富,臻略财富,臻略财富,香港永明金融有限公司,储蓄,万年青·星河尊享保险计划II,5,年缴,美金,15000,117000,117000,75000,0,NONPI,,46056,46060,46060,46080,白博文,JH9602,余文茜
D002140,611222985,生效,怡泰财富管理有限公司,经代业务,BK业务,银行网点,民生银行,民生银行,民生上海分行,香港永明金融有限公司,储蓄,万年青·卓金保险计划II,5,年缴,美金,50000,390000,390000,250000,0,PI,21%,46057,46062,46063,46091,,JF2281,赖晔敏
D002139,611222986,生效,怡泰财富管理有限公司,经代业务,BK业务,银行网点,民生银行,民生银行,民生上海分行,香港永明金融有限公司,储蓄,万年青·卓金保险计划II,5,年缴,美金,50000,390000,390000,250000,0,PI,21%,46057,46062,46063,46099,,JF2281,赖晔敏
J10000698,602069658,生效,九富保险服务有限公司,代理人业务,天领业务,天领机构,天领重庆,重庆经代,张欣,香港永明金融有限公司,储蓄,万年青·星河尊享保险计划II,5,预缴,美金,200000,1560000,1560000,1000000,0,NONPI,20%,46051,46062,46062,46092,,JJ8674,许家乐
U000875,611233647,生效,众和恒富理财集团有限公司,经代业务,永明经代,持牌经纪,堡盛国际,堡盛国际,堡盛国际,香港永明金融有限公司,储蓄,万年青·星河尊享保险计划II,2,预缴,美金,35000,273000,273000,70000,0,NONPI,,46052,46062,46062,46077,姜通,JK6768,林小莎
J001303,602069439,生效,九富保险服务有限公司,经代业务,永明经代,持牌经纪,紫荆保险,紫荆保险,紫荆保险,香港永明金融有限公司,储蓄,万年青·星河尊享保险计划II,5,年缴,美金,10000,78000,78000,50000,0,NONPI,,46062,46062,46062,46066,,JL2755,唐婧瑶
J001297,602069438,生效,九富保险服务有限公司,经代业务,永明经代,持牌经纪,紫荆保险,紫荆保险,紫荆保险,香港永明金融有限公司,储蓄,万年青·星河尊享保险计划II,5,年缴,美金,10000,78000,78000,50000,0,NONPI,,46060,46062,46062,46066,,JL2755,唐婧瑶
J001281,602069519,生效,九富保险服务有限公司,经代业务,永明经代,持牌经纪,紫荆保险,紫荆保险,紫荆保险,香港永明金融有限公司,储蓄,万年青·星河尊享保险计划II,2,预缴,人民币,250000,285000,285000,500000,0,NONPI,,46054,46062,46062,46066,,JL5879,李咏媱
U000889,611233662,生效,众和恒富理财集团有限公司,经代业务,同行经代,持牌经纪,唯思,唯思财富顾问,唯思财富顾问,香港永明金融有限公司,储蓄,万年青·星河尊享保险计划II,2,年缴,美金,50000,390000,390000,100000,0,NONPI,,46061,46062,46062,46079,战略合作,JK6768,林小莎
J001298,602069662,取消投保,九富保险服务有限公司,经代业务,永明经代,持牌经纪,万森保险,万森保险,万森保险,香港永明金融有限公司,重疾,万家康尊尚保,15,年缴,美金,13910,108498,108498,500000,0,NONPI,,46060,46062,46064,,高瑶,,许家乐
J001302,602069657,搁置受保,九富保险服务有限公司,经代业务,永明经代,持牌经纪,万森保险,万森保险,万森保险,香港永明金融有限公司,重疾,万家康尊尚保,15,年缴,美金,27820,216996,216996,1000000,0,NONPI,,46062,46062,46064,,高瑶,,许家乐
FT10000860,8123409742,取消投保,泰溢国际有限公司,代理人业务,天领业务,天领机构,天领成都,成都经代,庄轩奕,中国人寿保险（海外）股份有限公司（香港）,储蓄,爱相随传承储蓄保险计划（优越版）,5,年缴,美金,30000,234000,234000,150000,0,NONPI,,46063,46063,46065,,,JF2281,杜咏婷
U000890,611224930,生效,众和恒富理财集团有限公司,经代业务,永明经代,持牌经纪,企鹅保险,企鹅保险,企鹅保险,香港永明金融有限公司,储蓄,万年青·星河尊享保险计划II,5,年缴,美金,10000,78000,78000,50000,0,NONPI,,46062,46063,46064,46113,姜通,JK7517,王杰辉
D002142,611208769,生效,怡泰财富管理有限公司,经代业务,BK业务,银行网点,民生银行,民生银行,民生广州分行,香港永明金融有限公司,储蓄,万年青·卓金保险计划II,5,年缴,美金,100000,780000,780000,500000,0,PI,21%,46058,46063,46063,46111,,JH6936,余迪慷
U000888,611233692,生效,众和恒富理财集团有限公司,经代业务,永明经代,持牌经纪,臻略财富,臻略财富,臻略财富,香港永明金融有限公司,储蓄,万年青·星河尊享保险计划II,2,年缴,人民币,150000,171000,171000,300000,0,NONPI,,46060,46063,46064,46087,白博文,JJ7007,王嘉鸣
U000883,611224926,生效,众和恒富理财集团有限公司,经代业务,同行经代,持牌经纪,唯思,唯思财富顾问,唯思财富顾问,香港永明金融有限公司,储蓄,万年青·星河尊享保险计划II,5,预缴,美金,50000,390000,390000,250000,0,NONPI,,46056,46063,46064,46094,战略合作,JK7517,王杰辉
J001304,602069440,生效,九富保险服务有限公司,经代业务,同行经代,持牌经纪,唯思,同智顾问,同智顾问,香港永明金融有限公司,储蓄,万年青·星河尊享保险计划II,5,预缴,美金,23000,179400,179400,115000,0,PI,,46062,46063,46066,46090,战略合作,JL2755,唐婧瑶
J001306,602069661,取消投保,九富保险服务有限公司,经代业务,同行经代,持牌经纪,唯思,同智顾问,同智顾问,香港永明金融有限公司,储蓄,万年青·星河尊享保险计划II,5,预缴,美金,30000,234000,234000,150000,0,NONPI,10%,46063,46064,46062,,战略合作,,许家乐
J10000689,602069350,生效,九富保险服务有限公司,代理人业务,天领业务,天领机构,天领重庆,重庆经代,舒钰雯,香港永明金融有限公司,储蓄,万年青·星河尊享保险计划II,2,预缴,美金,25000,195000,195000,50000,0,NONPI,,46057,46064,46083,46086,,JJ5633,陈昊锴
J001305,602069660,取消投保,九富保险服务有限公司,经代业务,永明经代,持牌经纪,紫荆保险,紫荆保险,紫荆保险,香港永明金融有限公司,储蓄,万年青·星河尊享保险计划II,2,预缴,美金,100000,780000,780000,200000,0,NONPI,,46063,46064,46062,,,,许家乐
J001308,602069442,取消投保,九富保险服务有限公司,经代业务,永明经代,持牌经纪,万森保险,万森保险,万森保险,香港永明金融有限公司,重疾,万家康卓越保,20,年缴,美金,5866.9,45761.82,45761.82,,0,NONPI,,46064,46065,46066,,高瑶,JL2755,唐婧瑶
J001310,602069441,生效,九富保险服务有限公司,经代业务,永明经代,持牌经纪,万森保险,万森保险,万森保险,香港永明金融有限公司,储蓄,万年青·星河尊享保险计划II,5,预缴,美金,30000,234000,234000,150000,0,NONPI,,46064,46065,46066,46077,高瑶,JL2755,唐婧瑶
U000897,611233645,生效,众和恒富理财集团有限公司,经代业务,永明经代,持牌经纪,堡盛国际,堡盛国际,堡盛国际,香港永明金融有限公司,储蓄,万年青·星河尊享保险计划II,2,年缴,美金,35000,273000,273000,70000,0,NONPI,,46063,46065,46065,46086,姜通,JK6768,林小莎
U000895,611233690,生效,众和恒富理财集团有限公司,经代业务,永明经代,持牌经纪,臻略财富,臻略财富,臻略财富,香港永明金融有限公司,储蓄,万年青·星河尊享保险计划II,5,年缴,人民币,350000,399000,399000,1750000,0,NONPI,15%,46062,46065,46065,46086,白博文,JJ7007,王嘉鸣
U000896,611233691,生效,众和恒富理财集团有限公司,经代业务,永明经代,持牌经纪,臻略财富,臻略财富,臻略财富,香港永明金融有限公司,储蓄,万年青·星河尊享保险计划II,5,年缴,人民币,50000,57000,57000,250000,0,NONPI,,46062,46065,46065,46090,白博文,JJ7007,王嘉鸣
Y000064,8201179218,生效,盈富理财顾问有限公司,代理人业务,天领业务,天领机构,天领成都,成都经代,姚净琳,中国人寿保险（海外）股份有限公司（澳门）,储蓄,裕饶传承储蓄保险计划III,5,预缴,港币,1000000,1000000,1000000,5000000,1,NONPI,,46062,46065,46067,46083,,,盈富助理
U000899,611233693,取消投保,众和恒富理财集团有限公司,经代业务,永明经代,持牌经纪,企鹅保险,企鹅保险,企鹅保险,香港永明金融有限公司,储蓄,万年青·星河尊享保险计划II,5,年缴,美金,50000,390000,390000,250000,0,PI,,46065,46065,46066,,姜通,JK6768,林小莎
U000886,611227397,生效,众和恒富理财集团有限公司,经代业务,同行经代,持牌经纪,唯思,唯思财富顾问,唯思财富顾问,香港永明金融有限公司,储蓄,万年青·星河尊享保险计划II,5,预缴,美金,20000,156000,156000,100000,0,NONPI,,46058,46066,46066,46087,战略合作,JH9602,余文茜
D002148,611222991,生效,怡泰财富管理有限公司,经代业务,BK业务,银行网点,平安银行,平安银行,平安香港分行钟丽丽,香港永明金融有限公司,储蓄,万年青·卓金保险计划II,5,预缴,美金,344000,2683200,2683200,1720000,0,PI,21%,46065,46066,46066,46085,,JF2281,赖晔敏
U000898,611227378,生效,众和恒富理财集团有限公司,经代业务,永明经代,持牌经纪,企鹅保险,企鹅保险,企鹅保险,香港永明金融有限公司,储蓄,万年青·星河尊享保险计划II,2,年缴,美金,100000,780000,780000,200000,0,NONPI,,46065,46066,46066,46080,姜通,JH9602,余文茜
U000891,611224929,生效,众和恒富理财集团有限公司,经代业务,永明经代,持牌经纪,企鹅保险,企鹅保险,企鹅保险,香港永明金融有限公司,储蓄,万年青·星河尊享保险计划II,5,年缴,美金,50000,390000,390000,250000,0,NONPI,,46062,46067,46077,46080,姜通,JK7517,王杰辉
U000846,611224934,生效,众和恒富理财集团有限公司,经代业务,永明经代,持牌经纪,堡盛国际,堡盛国际,堡盛国际,香港永明金融有限公司,储蓄,万年青·星河尊享保险计划II,5,年缴,美金,13000,101400,101400,65000,0,NONPI,,46034,46073,46077,46080,姜通,JK7517,王杰辉
J001295,602069353,生效,九富保险服务有限公司,经代业务,永明经代,持牌经纪,万森保险,万森保险,万森保险,香港永明金融有限公司,储蓄,万年青·星河尊享保险计划II,2,预缴,人民币,350000,399000,399000,700000,0,NONPI,,46059,46073,46083,46111,高瑶,JJ5633,陈昊锴
U000893,611224932,生效,众和恒富理财集团有限公司,KA业务,ICLUB业务,异业机构转介,个人转介,廖小凤,廖小凤,香港永明金融有限公司,储蓄,万年青·星河传承保险计划II,5,预缴,美金,12000,93600,93600,60000,0,NONPI,,46062,46073,46077,46084,,JK7517,王杰辉
U000894,611233602,生效,众和恒富理财集团有限公司,KA业务,ICLUB业务,异业机构转介,个人转介,廖小凤,廖小凤,香港永明金融有限公司,重疾,万家康卓越保,25,年缴,美金,2000.01,15600.08,15600.08,,0,NONPI,,46062,46073,46077,46083,,JK7517,王杰辉
U000892,611224933,取消投保,众和恒富理财集团有限公司,经代业务,永明经代,持牌经纪,企鹅保险,企鹅保险,企鹅保险,香港永明金融有限公司,储蓄,万年青·星河尊享保险计划II,2,预缴,美金,150000,1170000,1170000,300000,0,PI,,46062,46073,46080,,姜通,JK7517,王杰辉
J10000869,602069349,生效,九富保险服务有限公司,代理人业务,成事家办,IYB分公司,杨帆,杨帆,张艳忠,香港永明金融有限公司,储蓄,万年青·星河尊享保险计划II,5,预缴,美金,50000,390000,390000,,0,NONPI,,46059,46073,46083,46086,,JJ5633,陈昊锴
D002144,611222983,生效,怡泰财富管理有限公司,经代业务,BK业务,银行网点,民生银行,民生银行,民生北京分行,香港永明金融有限公司,储蓄,万年青·卓金保险计划II,5,预缴,美金,50000,390000,390000,250000,0,NONPI,59%,46062,46073,46079,46084,,IA6464,连亮晴
J10000950,602069351,生效,九富保险服务有限公司,代理人业务,天领业务,天领机构,天领成都,成都经代,宋微,香港永明金融有限公司,储蓄,万年青·星河尊享保险计划II,5,年缴,美金,30000,234000,234000,,0,NONPI,10%,46069,46073,46083,46111,,JJ5633,陈昊锴
J001301,602069348,生效,九富保险服务有限公司,经代业务,永明经代,持牌经纪,紫荆保险,紫荆保险,紫荆保险,香港永明金融有限公司,储蓄,万年青·星河尊享保险计划II,2,年缴,美金,75000,585000,585000,150000,0,NONPI,,46061,46073,46083,46108,,JJ5633,陈昊锴
J001300,602069356,生效,九富保险服务有限公司,经代业务,同行经代,持牌经纪,天誉国际,云通国际,云通国际,香港永明金融有限公司,储蓄,万年青·星河尊享保险计划II,2,年缴,人民币,530000,604200,604200,1060000,0,NONPI,6%,46061,46074,46083,46091,姜通,JJ5633,陈昊锴
U000902,611227361,生效,众和恒富理财集团有限公司,经代业务,永明经代,持牌经纪,企鹅保险,企鹅保险,企鹅保险,香港永明金融有限公司,储蓄,万年青·星河尊享保险计划II,2,预缴,美金,50000,390000,390000,100000,0,NONPI,,46073,46074,46078,46126,姜通,JK6768,林小莎
J001313,602069352,生效,九富保险服务有限公司,经代业务,永明经代,持牌经纪,紫荆保险,紫荆保险,紫荆保险,香港永明金融有限公司,储蓄,万年青·星河尊享保险计划II,2,年缴,人民币,500000,570000,570000,1000000,0,NONPI,,46065,46074,46083,46093,,JJ5633,陈昊锴
J10000986,602069524,生效,九富保险服务有限公司,代理人业务,天领业务,天领机构,天领重庆,重庆经代,王璐洁,香港永明金融有限公司,储蓄,万年青·星河尊享保险计划II,5,预缴,美金,15000,117000,117000,75000,0,NONPI,,46066,46076,46083,46087,,JL5879,李咏媱
J10000959,602069361,生效,九富保险服务有限公司,代理人业务,天领业务,天领机构,天领重庆,重庆经代,王璐洁,香港永明金融有限公司,储蓄,万年青·星河尊享保险计划II,5,预缴,美金,25000,195000,195000,125000,0,NONPI,,46066,46076,46083,46085,,JJ5633,陈昊锴
J10000968,602069665,生效,九富保险服务有限公司,代理人业务,天领业务,天领机构,天领重庆,重庆经代,王璐洁,香港永明金融有限公司,储蓄,万年青·星河尊享保险计划II,5,年缴,美金,20000,156000,156000,100000,0,NONPI,,46066,46076,46076,46080,,JJ8674,许家乐
J10000662,602069360,生效,九富保险服务有限公司,代理人业务,天领业务,天领机构,天领成都,成都经代,钱语滋,香港永明金融有限公司,储蓄,万年青·星河尊享保险计划II,5,年缴,美金,20000,156000,156000,100000,0,NONPI,,46069,46076,46083,46093,,JJ5633,陈昊锴
J001299,602069522,生效,九富保险服务有限公司,经代业务,永明经代,持牌经纪,万森保险,万森保险,万森保险,香港永明金融有限公司,储蓄,万年青·星河尊享保险计划II,2,年缴,美金,15000,117000,117000,30000,0,NONPI,,46060,46076,46083,46087,高瑶,JL5879,李咏媱
J001324,602069525,生效,九富保险服务有限公司,经代业务,同行经代,持牌经纪,唯思,同智顾问,同智顾问,香港永明金融有限公司,储蓄,万年青·星河尊享保险计划II,2,预缴,美金,40000,312000,312000,80000,0,NONPI,,46073,46076,46083,46111,战略合作,JL5879,李咏媱
U000901,611233639,生效,众和恒富理财集团有限公司,经代业务,永明经代,持牌经纪,企鹅保险,企鹅保险,企鹅保险,香港永明金融有限公司,储蓄,万年青·星河尊享保险计划II,2,年缴,人民币,400000,456000,456000,800000,0,NONPI,,46067,46077,46078,46092,姜通,JK6768,林小莎
U000900,611233633,生效,众和恒富理财集团有限公司,经代业务,永明经代,持牌经纪,企鹅保险,企鹅保险,企鹅保险,香港永明金融有限公司,储蓄,万年青·星河尊享保险计划II,5,预缴,美金,3000,23400,23400,15000,0,NONPI,,46066,46077,46078,46091,姜通,JK6768,林小莎
U000904,611234537,生效,众和恒富理财集团有限公司,经代业务,永明经代,持牌经纪,企鹅保险,企鹅保险,企鹅保险,香港永明金融有限公司,储蓄,万年青·星河尊享保险计划II,5,年缴,人民币,210000,239400,239400,1050000,0,NONPI,,46077,46077,46079,46080,姜通,JK6768,林小莎
J001307,602069523,生效,九富保险服务有限公司,经代业务,永明经代,持牌经纪,紫荆保险,紫荆保险,紫荆保险,香港永明金融有限公司,储蓄,万年青·星河尊享保险计划II,2,预缴,美金,25000,195000,195000,50000,0,NONPI,,46063,46078,46083,46087,,JL5879,李咏媱
J001329,602069443,生效,九富保险服务有限公司,经代业务,永明经代,持牌经纪,万森保险,万森保险,万森保险,香港永明金融有限公司,储蓄,万年青·星河尊享保险计划II,5,年缴,美金,20000,156000,156000,100000,0,NONPI,,46076,46078,46078,46092,高瑶,JL2755,唐婧瑶
J10001121,602069357,取消投保,九富保险服务有限公司,代理人业务,天领业务,天领贴牌,台州,台州,台州,香港永明金融有限公司,储蓄,万年青·星河尊享保险计划II,5,年缴,美金,20000,156000,156000,100000,0,NONPI,,46091,46078,46084,,,JJ5633,陈昊锴
J001334,602069444,生效,九富保险服务有限公司,经代业务,同行经代,持牌经纪,唯思,同智顾问,同智顾问,香港永明金融有限公司,储蓄,万年青·星河尊享保险计划II,2,预缴,人民币,140000,159600,159600,280000,0,NONPI,,46077,46078,46079,46113,战略合作,JL2755,唐婧瑶
J001323,602069445,生效,九富保险服务有限公司,经代业务,永明经代,持牌经纪,紫荆保险,紫荆保险,紫荆保险,香港永明金融有限公司,储蓄,万年青·星河尊享保险计划II,5,年缴,美金,30000,234000,234000,150000,0,NONPI,,46073,46078,46078,46085,,JL2755,唐婧瑶
J10000878,602069362,取消投保,九富保险服务有限公司,代理人业务,天领业务,天领贴牌,台州,台州,台州,香港永明金融有限公司,储蓄,万年青·星河传承保险计划II,5,年缴,美金,10000,78000,78000,50000,0,NONPI,,46066,46078,46083,,,JJ5633,陈昊锴
J10000914,602069359,取消投保,九富保险服务有限公司,代理人业务,天领业务,天领贴牌,台州,台州,台州,香港永明金融有限公司,储蓄,万年青·星河传承保险计划II,5,年缴,美金,30000,234000,234000,150000,0,NONPI,,46066,46078,46083,,,JJ5633,陈昊锴
J10000932,602069526,生效,九富保险服务有限公司,代理人业务,天领业务,天领贴牌,宁波贴牌,宁波,宁波,香港永明金融有限公司,储蓄,万年青·星河尊享保险计划II,5,年缴,美金,10000,78000,78000,50000,0,NONPI,,46077,46078,46083,46113,,JL5879,李咏媱
J10000923,602069527,取消投保,九富保险服务有限公司,代理人业务,天领业务,天领贴牌,宁波贴牌,宁波,宁波,香港永明金融有限公司,储蓄,万年青·星河尊享保险计划II,5,年缴,美金,10000,78000,78000,50000,0,NONPI,,46077,46078,46083,,,JL5879,李咏媱
J10001148,602069358,取消投保,九富保险服务有限公司,代理人业务,天领业务,天领贴牌,台州,台州,台州,香港永明金融有限公司,储蓄,万年青·星河尊享保险计划II,5,年缴,美金,10000,78000,78000,50000,0,NONPI,,46091,46078,46084,,,JJ5633,陈昊锴
J10001130,602069529,取消投保,九富保险服务有限公司,代理人业务,天领业务,天领贴牌,宁波贴牌,宁波,宁波,香港永明金融有限公司,储蓄,万年青·星河尊享保险计划II,5,年缴,美金,10000,78000,78000,50000,0,NONPI,,46079,46078,46083,,,JL5879,李咏媱
J10001094,602069530,取消投保,九富保险服务有限公司,代理人业务,天领业务,天领贴牌,宁波贴牌,宁波,宁波,香港永明金融有限公司,储蓄,万年青·星河尊享保险计划II,5,年缴,美金,20000,156000,156000,100000,0,NONPI,,46079,46078,46083,,,JL5879,李咏媱
J001312,602069449,生效,九富保险服务有限公司,经代业务,永明经代,持牌经纪,紫荆保险,紫荆保险,紫荆保险,香港永明金融有限公司,储蓄,万年青·星河尊享保险计划II,5,年缴,美金,30000,234000,234000,150000,0,NONPI,,46064,46079,46083,46098,,JL2755,唐婧瑶
J001311,602069448,生效,九富保险服务有限公司,经代业务,永明经代,持牌经纪,紫荆保险,紫荆保险,紫荆保险,香港永明金融有限公司,储蓄,万年青·星河尊享保险计划II,5,年缴,美金,30000,234000,234000,150000,0,NONPI,,46064,46079,46083,46086,,JL2755,唐婧瑶
J001314,602069528,退保,九富保险服务有限公司,经代业务,同行经代,持牌经纪,天誉国际,云通国际,云通国际,香港永明金融有限公司,储蓄,万年青·星河尊享保险计划II,2,预缴,美金,75000,585000,585000,150000,0,NONPI,6%,46065,46079,46083,46094,姜通,JL5879,李咏媱
U000907,611233601,生效,众和恒富理财集团有限公司,经代业务,永明经代,持牌经纪,堡盛国际,堡盛国际,堡盛国际,香港永明金融有限公司,储蓄,万年青·星河尊享保险计划II,2,预缴,美金,35000,273000,273000,70000,0,NONPI,,46078,46080,46080,46090,姜通,JK7517,王杰辉
J001327,602069447,生效,九富保险服务有限公司,经代业务,同行经代,持牌经纪,天誉国际,云通国际,云通国际,香港永明金融有限公司,储蓄,万年青·星河尊享保险计划II,2,预缴,美金,50000,390000,390000,100000,0,NONPI,6%,46074,46080,46083,46112,姜通,JL2755,唐婧瑶
TY000004,1.0004E+11,生效,天誉国际财富管理有限公司,经代业务,同行经代,持牌经纪,天誉国际(MGA),迪岸香港科技有限公司,迪岸香港科技有限公司,立桥人寿保险有限公司,万用寿险,智选储蓄保（20年保障期）,1,整付,美金,700000,5460000,546000,,0,NONPI,,46077,46080,46080,46112,姜通,JL6752,王晶晶
TY000003,1.0004E+11,生效,天誉国际财富管理有限公司,经代业务,同行经代,持牌经纪,天誉国际(MGA),迪岸香港科技有限公司,迪岸香港科技有限公司,立桥人寿保险有限公司,万用寿险,智选储蓄保（20年保障期）,1,整付,美金,250000,1950000,195000,,0,NONPI,,46077,46080,46080,46099,姜通,JL6752,王晶晶
TY000002,1.0004E+11,生效,天誉国际财富管理有限公司,经代业务,同行经代,持牌经纪,天誉国际(MGA),迪岸香港科技有限公司,迪岸香港科技有限公司,立桥人寿保险有限公司,万用寿险,智选储蓄保（20年保障期）,1,整付,美金,250000,1950000,195000,,0,NONPI,,46077,46080,46080,46099,姜通,JL6752,王晶晶
J10000995,602069446,生效,九富保险服务有限公司,代理人业务,天领业务,天领机构,天领重庆,重庆经代,向君君,香港永明金融有限公司,储蓄,万年青·星河传承保险计划II,5,年缴,美金,30000,234000,234000,150000,0,NONPI,,46072,46080,46083,46091,,JL2755,唐婧瑶
Y000066,8201183523,生效,盈富理财顾问有限公司,代理人业务,天领业务,天领机构,天领成都,成都经代,张维,中国人寿保险（海外）股份有限公司（澳门）,储蓄,裕饶传承储蓄保险计划III,5,预缴,港币,1000000,1000000,1000000,5000000,1,NONPI,,46062,46080,46082,46098,,,盈富助理
Y000065,8201183556,生效,盈富理财顾问有限公司,代理人业务,天领业务,天领机构,天领成都,成都经代,张维,中国人寿保险（海外）股份有限公司（澳门）,储蓄,裕饶传承储蓄保险计划III,5,预缴,港币,1000000,1000000,1000000,5000000,1,NONPI,,46062,46080,46082,46098,,,盈富助理
U000906,611227392,生效,众和恒富理财集团有限公司,经代业务,永明经代,持牌经纪,中天家办,中天家办,中天家办,香港永明金融有限公司,储蓄,万年青·星河尊享保险计划II,5,年缴,美金,50000,390000,390000,250000,0,NONPI,,46077,46081,46083,46091,白博文,JH9602,余文茜
U000908,611227391,生效,众和恒富理财集团有限公司,经代业务,永明经代,持牌经纪,中天家办,中天家办,中天家办,香港永明金融有限公司,人寿,永延保障计划,20,年缴,美金,2770.5,21609.9,21609.9,150000,0,NONPI,,46077,46081,46083,46091,白博文,JH9602,余文茜
U000914,611227387,生效,众和恒富理财集团有限公司,经代业务,永明经代,持牌经纪,企鹅保险,企鹅保险,企鹅保险,香港永明金融有限公司,储蓄,万年青·星河尊享保险计划II,5,年缴,美金,3000,23400,23400,15000,0,NONPI,,46080,46081,46083,46086,姜通,JH9602,余文茜
U000915,611227386,生效,众和恒富理财集团有限公司,经代业务,永明经代,持牌经纪,企鹅保险,企鹅保险,企鹅保险,香港永明金融有限公司,储蓄,万年青·星河尊享保险计划II,5,年缴,美金,3000,23400,23400,15000,0,NONPI,,46080,46081,46083,46086,姜通,JH9602,余文茜
U000913,611227385,生效,众和恒富理财集团有限公司,经代业务,永明经代,持牌经纪,企鹅保险,企鹅保险,企鹅保险,香港永明金融有限公司,储蓄,万年青·星河尊享保险计划II,5,年缴,美金,3000,23400,23400,15000,0,NONPI,,46080,46081,46083,46086,姜通,JH9602,余文茜
D002125,611232110,生效,怡泰财富管理有限公司,经代业务,BK业务,银行网点,平安银行,平安银行,平安香港分行高凯,香港永明金融有限公司,储蓄,永誉传承储蓄计划,1,整付,美金,1000000,7800000,780000,1000000,1,NONPI,2.50%,46045,46082,46084,46126,,JH6936,余迪慷
U000912,611233636,取消投保,众和恒富理财集团有限公司,经代业务,永明经代,持牌经纪,中天家办,中天家办,中天家办,香港永明金融有限公司,储蓄,万年青·星河尊享保险计划II,5,预缴,美金,30000,234000,234000,150000,0,NONPI,10%,46080,46083,46083,,白博文,JK6768,林小莎
J001325,602069532,生效,九富保险服务有限公司,经代业务,同行经代,持牌经纪,天誉国际,云通国际,云通国际,香港永明金融有限公司,储蓄,万年青·星河尊享保险计划II,2,年缴,美金,100000,780000,780000,200000,0,NONPI,8%,46073,46083,46083,46100,姜通,JL5879,李咏媱
U000918,611227338,生效,众和恒富理财集团有限公司,经代业务,永明经代,持牌经纪,紫荆保险,紫荆保险,紫荆保险,香港永明金融有限公司,储蓄,万年青·星河尊享保险计划II,2,预缴,美金,25000,195000,195000,50000,0,NONPI,,46081,46083,46083,46100,,JK6768,林小莎
J001340,602069450,取消投保,九富保险服务有限公司,经代业务,同行经代,持牌经纪,唯思,同智顾问,同智顾问,香港永明金融有限公司,储蓄,万年青·星河尊享保险计划II,5,年缴,美金,40000,312000,312000,200000,0,NONPI,,46082,46083,46083,,战略合作,JL2755,唐婧瑶
U000910,611233630,生效,众和恒富理财集团有限公司,KA业务,合伙转介业务,同行机构转介,德约,德约,王彦,香港永明金融有限公司,储蓄,万年青·星河尊享保险计划II,5,预缴,人民币,70000,79800,79800,350000,0,NONPI,,46079,46083,46083,46098,,JK6768,林小莎
TY000006,1.0004E+11,生效,天誉国际财富管理有限公司,经代业务,同行经代,持牌经纪,天誉国际(MGA),迪岸香港科技有限公司,迪岸香港科技有限公司,立桥人寿保险有限公司,万用寿险,智选储蓄保（20年保障期）,1,整付,美金,12500,97500,9750,,0,NONPI,1.50%,46083,46085,46083,46099,姜通,JL6752,王晶晶
TY000005,1.0004E+11,生效,天誉国际财富管理有限公司,经代业务,同行经代,持牌经纪,天誉国际(MGA),迪岸香港科技有限公司,迪岸香港科技有限公司,立桥人寿保险有限公司,万用寿险,智选储蓄保（20年保障期）,1,整付,美金,108000,842400,84240,,0,NONPI,1.50%,46083,46085,46083,46104,姜通,JL6752,王晶晶
U000905,611233632,取消投保,众和恒富理财集团有限公司,经代业务,永明经代,持牌经纪,企鹅保险,企鹅保险,企鹅保险,香港永明金融有限公司,储蓄,万年青·星河尊享保险计划II,2,预缴,美金,20000,156000,156000,40000,0,NONPI,,46077,46086,46086,,姜通,JK6768,林小莎
D002152,611222992,生效,怡泰财富管理有限公司,经代业务,BK业务,银行网点,民生银行,民生银行,民生上海分行,香港永明金融有限公司,储蓄,万年青·卓金保险计划II,5,年缴,美金,50000,390000,390000,250000,0,PI,21%,46084,46086,46092,46111,,JF2281,赖晔敏
D002150,611222989,生效,怡泰财富管理有限公司,经代业务,BK业务,银行网点,民生银行,民生银行,民生广州分行,香港永明金融有限公司,储蓄,万年青·卓金保险计划II,5,年缴,美金,50000,390000,390000,250000,0,PI,21%,46083,46086,46087,46097,,JF2281,赖晔敏
D002151,611222987,生效,怡泰财富管理有限公司,经代业务,BK业务,银行网点,民生银行,民生银行,民生广州分行,香港永明金融有限公司,储蓄,万年青·卓金保险计划II,5,年缴,美金,50000,390000,390000,250000,0,PI,21%,46083,46086,46087,46092,,JF2281,赖晔敏
J001346,602069451,退保,九富保险服务有限公司,经代业务,同行经代,持牌经纪,天誉国际,云通国际,云通国际,香港永明金融有限公司,储蓄,万年青·星河传承保险计划II,2,预缴,美金,30000,234000,234000,60000,0,NONPI,4%,46085,46086,46087,46112,姜通,JL2755,唐婧瑶
U000911,611233600,生效,众和恒富理财集团有限公司,经代业务,永明经代,持牌经纪,紫荆保险,紫荆保险,紫荆保险,香港永明金融有限公司,储蓄,万年青·星河尊享保险计划II,5,年缴,美金,50000,390000,390000,250000,0,NONPI,,46080,46087,46087,46093,,JK7517,王杰辉
J10001004,602069355,生效,九富保险服务有限公司,代理人业务,天领业务,天领机构,天领重庆,重庆经代,邹宇轩,香港永明金融有限公司,储蓄,万年青·星河尊享保险计划II,5,年缴,美金,10000,78000,78000,50000,0,NONPI,,46084,46087,46087,46093,,JJ5633,陈昊锴
U000916,611233650,生效,众和恒富理财集团有限公司,经代业务,永明经代,持牌经纪,紫荆保险,紫荆保险,紫荆保险,香港永明金融有限公司,储蓄,万年青·星河尊享保险计划II,2,预缴,美金,35000,273000,273000,70000,0,NONPI,,46081,46088,46090,46093,,JF7523,吕静文
FF10001112,1.0004E+11,取消投保,怡泰财富管理有限公司,代理人业务,天领业务,天领贴牌,章立,NGA,王琤,立桥人寿保险有限公司,储蓄,智选储蓄保（20年保障期）,1,整付,美金,50000,390000,39000,50000,0,NONPI,,46087,46088,46088,,,JH6936,余迪慷
FF10001103,1.0004E+11,取消投保,怡泰财富管理有限公司,代理人业务,天领业务,天领贴牌,章立,NGA,王琤,立桥人寿保险有限公司,储蓄,智选储蓄保（20年保障期）,1,整付,美金,50000,390000,39000,50000,0,NONPI,,46087,46088,46088,,,JH6936,余迪慷
J001347,602069531,生效,九富保险服务有限公司,经代业务,同行经代,持牌经纪,天誉国际,云通国际,云通国际,香港永明金融有限公司,储蓄,万年青·星河尊享保险计划II,2,年缴,美金,30000,234000,234000,60000,0,NONPI,4%,46085,46088,46091,46127,姜通,JL5879,李咏媱
J001344,602069533,生效,九富保险服务有限公司,经代业务,同行经代,持牌经纪,唯思,同智顾问,同智顾问,香港永明金融有限公司,储蓄,万年青·星河尊享保险计划II,2,年缴,美金,20000,156000,156000,40000,0,NONPI,,46083,46088,46091,46126,战略合作,JL5879,李咏媱
TY000008,506-1103148,退保,天誉国际财富管理有限公司,经代业务,同行经代,持牌经纪,天誉国际(MGA),迪岸香港科技有限公司,迪岸香港科技有限公司,香港安盛保险有限公司,储蓄,盛利II储蓄保险-至尊,5,年缴,美金,29000,226200,226200,145000,0,NONPI,,46084,46089,46089,46099,姜通,JL6752,王晶晶
U000922,611233604,退保,众和恒富理财集团有限公司,经代业务,永明经代,持牌经纪,堡盛国际,堡盛国际,堡盛国际,香港永明金融有限公司,储蓄,万年青·星河尊享保险计划II,5,年缴,美金,30000,234000,234000,150000,0,NONPI,,46085,46090,46090,46099,姜通,JK7517,王杰辉
J001335,602069452,生效,九富保险服务有限公司,经代业务,永明经代,持牌经纪,万森保险,万森保险,万森保险,香港永明金融有限公司,储蓄,万年青·星河尊享保险计划II,2,预缴,美金,100000,780000,780000,200000,0,PI,,46078,46090,46090,46100,高瑶,JL2755,唐婧瑶
J001331,602069297,生效,九富保险服务有限公司,经代业务,永明经代,持牌经纪,万森保险,万森保险,万森保险,香港永明金融有限公司,储蓄,万年青·星河尊享保险计划II,2,预缴,美金,300000,2340000,2340000,600000,0,PI,,46077,46090,46091,46126,高瑶,JF7605,林思思
D002153,611222990,生效,怡泰财富管理有限公司,经代业务,BK业务,银行网点,民生银行,民生银行,民生南京分行,香港永明金融有限公司,储蓄,万年青·卓金保险计划II,5,年缴,美金,100000,780000,780000,500000,0,PI,21%,46086,46090,46090,46092,,JF2281,赖晔敏
J001338,602069453,生效,九富保险服务有限公司,经代业务,永明经代,持牌经纪,万森保险,万森保险,万森保险,香港永明金融有限公司,储蓄,万年青·星河尊享保险计划II,5,年缴,美金,15000,117000,117000,75000,0,NONPI,,46080,46090,46091,46098,高瑶,JL2755,唐婧瑶
TY000007,506-1103049,生效,天誉国际财富管理有限公司,经代业务,同行经代,持牌经纪,天誉国际(MGA),迪岸香港科技有限公司,迪岸香港科技有限公司,香港安盛保险有限公司,储蓄,盛利II储蓄保险-至尊,5,年缴,美金,50000,390000,390000,250000,0,NONPI,,46083,46090,46090,46098,姜通,JL6752,王晶晶
J001342,602069534,生效,九富保险服务有限公司,经代业务,同行经代,持牌经纪,天誉国际,云通国际,云通国际,香港永明金融有限公司,储蓄,万年青·星河尊享保险计划II,2,年缴,美金,25000,195000,195000,50000,0,NONPI,,46083,46090,46091,46094,姜通,JL5879,李咏媱
J001341,602069454,生效,九富保险服务有限公司,经代业务,永明经代,持牌经纪,万森保险,万森保险,万森保险,香港永明金融有限公司,储蓄,万年青·星河尊享保险计划II,5,年缴,美金,15000,117000,117000,75000,0,NONPI,,46083,46090,46091,46094,高瑶,JL2755,唐婧瑶
J001343,602069455,生效,九富保险服务有限公司,经代业务,永明经代,持牌经纪,万森保险,万森保险,万森保险,香港永明金融有限公司,储蓄,万年青·星河尊享保险计划II,5,年缴,美金,15000,117000,117000,75000,0,NONPI,,46083,46090,46091,46094,高瑶,JL2755,唐婧瑶
J001355,602069302,生效,九富保险服务有限公司,经代业务,永明经代,持牌经纪,紫荆保险,紫荆保险,紫荆保险,香港永明金融有限公司,储蓄,万年青·星河尊享保险计划II,5,年缴,美金,10000,78000,78000,50000,0,NONPI,,46091,46091,46091,46122,,JF7605,林思思
J001351,602069456,生效,九富保险服务有限公司,经代业务,永明经代,持牌经纪,紫荆保险,紫荆保险,紫荆保险,香港永明金融有限公司,储蓄,万年青·星河尊享保险计划II,5,年缴,美金,30000,234000,234000,150000,0,NONPI,,46090,46091,46091,46111,,JL2755,唐婧瑶
J001339,602069535,生效,九富保险服务有限公司,经代业务,同行经代,持牌经纪,唯思,同智顾问,同智顾问,香港永明金融有限公司,储蓄,万年青·星河尊享保险计划II,2,预缴,美金,50000,390000,390000,100000,0,PI,6%,46080,46091,46091,46108,战略合作,JL5879,李咏媱
U000923,611227337,生效,众和恒富理财集团有限公司,经代业务,永明经代,持牌经纪,堡盛国际,堡盛国际,堡盛国际,香港永明金融有限公司,储蓄,万年青·星河尊享保险计划II,2,预缴,美金,30000,234000,234000,60000,0,NONPI,,46086,46091,46093,46099,姜通,JK6768,林小莎
U000931,611233837,生效,众和恒富理财集团有限公司,经代业务,永明经代,持牌经纪,堡盛国际,堡盛国际,堡盛国际,香港永明金融有限公司,储蓄,万年青·星河尊享保险计划II,2,年缴,美金,50000,390000,390000,100000,0,NONPI,6%,46088,46091,46093,46135,姜通,JK6768,林小莎
TY000010,92917455,取消投保,天誉国际财富管理有限公司,经代业务,同行经代,持牌经纪,天誉国际(MGA),迪岸香港科技有限公司,迪岸香港科技有限公司,万通保险国际有限公司,储蓄,富饶万家储蓄保险计划,5,年缴,美金,10000,78000,78000,50000,0,NONPI,,46091,46092,46092,,姜通,JL6752,王晶晶
U000932,611233635,生效,众和恒富理财集团有限公司,经代业务,永明经代,持牌经纪,企鹅保险,企鹅保险,企鹅保险,香港永明金融有限公司,储蓄,万年青·星河尊享保险计划II,5,年缴,美金,10000,78000,78000,50000,0,NONPI,,46090,46093,46093,46098,姜通,JK6768,林小莎
D002160,611222993,生效,怡泰财富管理有限公司,经代业务,BK业务,银行网点,民生银行,民生银行,民生广州分行,香港永明金融有限公司,储蓄,永誉传承储蓄计划,1,整付,美金,1500000,11700000,1170000,1500000,0,NONPI,3.50%,46090,46093,46094,46099,,JF2281,赖晔敏
J001350,602069458,生效,九富保险服务有限公司,经代业务,同行经代,持牌经纪,天誉国际,云通国际,云通国际,香港永明金融有限公司,储蓄,万年青·星河尊享保险计划II,2,预缴,美金,50000,390000,390000,100000,0,NONPI,6%,46090,46093,46093,46113,姜通,JL2755,唐婧瑶
U000930,611233605,生效,众和恒富理财集团有限公司,经代业务,永明经代,持牌经纪,企鹅保险,企鹅保险,企鹅保险,香港永明金融有限公司,储蓄,万年青·星河尊享保险计划II,2,年缴,人民币,250000,285000,285000,500000,0,NONPI,,46087,46093,46097,46111,姜通,JK7517,王杰辉
TY000009,92907214,生效,天誉国际财富管理有限公司,经代业务,同行经代,持牌经纪,天誉国际(MGA),迪岸香港科技有限公司,迪岸香港科技有限公司,万通保险国际有限公司,储蓄,富饶万家储蓄保险计划,5,年缴,美金,10000,78000,78000,50000,0,NONPI,,46090,46093,46093,46111,姜通,JL6752,王晶晶
U000927,611233631,生效,众和恒富理财集团有限公司,经代业务,永明经代,持牌经纪,企鹅保险,企鹅保险,企鹅保险,香港永明金融有限公司,储蓄,万年青·星河尊享保险计划II,2,年缴,人民币,170000,193800,193800,340000,0,NONPI,,46087,46093,46094,46101,姜通,JK6768,林小莎
U000928,611233638,生效,众和恒富理财集团有限公司,经代业务,永明经代,持牌经纪,企鹅保险,企鹅保险,企鹅保险,香港永明金融有限公司,储蓄,万年青·星河尊享保险计划II,2,年缴,人民币,170000,193800,193800,340000,0,NONPI,,46087,46093,46094,46126,姜通,JK6768,林小莎
U000929,611233637,生效,众和恒富理财集团有限公司,经代业务,永明经代,持牌经纪,企鹅保险,企鹅保险,企鹅保险,香港永明金融有限公司,储蓄,万年青·星河尊享保险计划II,2,年缴,人民币,170000,193800,193800,340000,0,NONPI,,46087,46093,46094,46111,姜通,JK6768,林小莎
J001353,602069536,生效,九富保险服务有限公司,经代业务,永明经代,持牌经纪,紫荆保险,紫荆保险,紫荆保险,香港永明金融有限公司,储蓄,万年青·星河尊享保险计划II,5,年缴,美金,30000,234000,234000,150000,0,NONPI,,46090,46094,46097,46111,,JL5879,李咏媱
J001330,602069480,生效,九富保险服务有限公司,经代业务,永明经代,持牌经纪,万森保险,万森保险,万森保险,香港永明金融有限公司,储蓄,万年青·星河尊享保险计划II,2,预缴,美金,25000,195000,195000,50000,0,NONPI,,46077,46094,46094,46111,高瑶,JF7605,林思思
U000941,611233603,生效,众和恒富理财集团有限公司,经代业务,永明经代,持牌经纪,企鹅保险,企鹅保险,企鹅保险,香港永明金融有限公司,储蓄,万年青·星河尊享保险计划II,5,年缴,美金,30000,234000,234000,150000,0,NONPI,,46092,46094,46097,46121,姜通,JK7517,王杰辉
U000951,611233606,生效,众和恒富理财集团有限公司,经代业务,永明经代,持牌经纪,企鹅保险,企鹅保险,企鹅保险,香港永明金融有限公司,储蓄,万年青·星河尊享保险计划II,5,年缴,美金,10000,78000,78000,50000,0,NONPI,,46094,46094,46097,46111,姜通,JK7517,王杰辉
J001363,602069354,生效,九富保险服务有限公司,代理人业务,天领业务,天领机构,天领深圳,大湾区,黄莹,香港永明金融有限公司,储蓄,万年青·星河传承保险计划II,5,年缴,美金,100000,780000,780000,500000,0,NONPI,20%,46092,46094,46097,46134,,JJ5633,陈昊锴
U000943,A000004962,生效,众和恒富理财集团有限公司,KA业务,合伙转介业务,同行个人转介,个人转介,蔡兆青,蔡兆青,中国太平洋保险（香港）有限公司,年金,颐养天年延期年金计划（终身）,10,年缴,美金,7700.5,60063.9,60063.9,77005,0,NONPI,,46092,46094,46094,46098,,JK7517,王杰辉
U000944,A000004968,生效,众和恒富理财集团有限公司,KA业务,合伙转介业务,同行个人转介,个人转介,蔡兆青,蔡兆青,中国太平洋保险（香港）有限公司,年金,颐养天年延期年金计划（终身）,10,年缴,美金,7803.3,60865.74,60865.74,78033,0,NONPI,,46092,46094,46094,46099,,JK7517,王杰辉
U000924,611233643,生效,众和恒富理财集团有限公司,经代业务,永明经代,持牌经纪,企鹅保险,企鹅保险,企鹅保险,香港永明金融有限公司,储蓄,万年青·星河尊享保险计划II,5,年缴,美金,4000,31200,31200,20000,0,NONPI,,46086,46095,46098,46111,姜通,JK6768,林小莎
U000934,611233649,生效,众和恒富理财集团有限公司,经代业务,永明经代,持牌经纪,企鹅保险,企鹅保险,企鹅保险,香港永明金融有限公司,储蓄,万年青·星河尊享保险计划II,5,年缴,人民币,21000,23940,23940,105000,0,NONPI,,46091,46095,46098,46111,姜通,JK6768,林小莎
U000946,611233652,生效,众和恒富理财集团有限公司,经代业务,永明经代,持牌经纪,企鹅保险,企鹅保险,企鹅保险,香港永明金融有限公司,储蓄,万年青·星河尊享保险计划II,5,预缴,美金,50000,390000,390000,250000,0,NONPI,,46092,46095,46098,46132,姜通,JK6768,林小莎
U000947,611233640,生效,众和恒富理财集团有限公司,经代业务,永明经代,持牌经纪,企鹅保险,企鹅保险,企鹅保险,香港永明金融有限公司,储蓄,万年青·星河尊享保险计划II,5,预缴,美金,20000,156000,156000,100000,0,NONPI,,46092,46095,46098,46129,姜通,JK6768,林小莎
U000938,611233608,生效,众和恒富理财集团有限公司,经代业务,永明经代,持牌经纪,堡盛国际,堡盛国际,堡盛国际,香港永明金融有限公司,储蓄,万年青·星河尊享保险计划II,2,年缴,人民币,350000,399000,399000,700000,0,NONPI,,46091,46097,46098,46111,姜通,JK7517,王杰辉
J001364,602069477,生效,九富保险服务有限公司,经代业务,同行经代,持牌经纪,唯思,同智顾问,同智顾问,香港永明金融有限公司,储蓄,万年青·星河尊享保险计划II,5,年缴,美金,15000,117000,117000,75000,0,NONPI,,46092,46097,46098,46111,战略合作,JF7605,林思思
U000936,611227273,取消投保,众和恒富理财集团有限公司,经代业务,永明经代,持牌经纪,堡盛国际,堡盛国际,堡盛国际,香港永明金融有限公司,储蓄,万年青·星河尊享保险计划II,5,预缴,美金,30000,234000,234000,150000,0,NONPI,,46091,46097,46098,,姜通,,王馨悦
D002161,611222889,生效,怡泰财富管理有限公司,经代业务,BK业务,银行网点,平安银行,平安银行,平安香港分行高凯,香港永明金融有限公司,储蓄,永誉传承储蓄计划,1,整付,美金,4000000,31200000,3120000,4000000,1,NONPI,2.50%,46092,46097,46099,46168,,JH6936,余迪慷
D002166,611222837,生效,怡泰财富管理有限公司,经代业务,BK业务,银行网点,民生银行,民生银行,民生北京分行,香港永明金融有限公司,储蓄,万年青·卓金保险计划II,5,预缴,美金,100000,780000,780000,500000,0,PI,21%,46097,46097,46098,46122,,JF2281,赖晔敏
D002164,611231862,取消投保,怡泰财富管理有限公司,经代业务,BK业务,银行网点,民生银行,民生银行,民生北京分行,香港永明金融有限公司,储蓄,万年青·卓金保险计划II,5,年缴,美金,100000,780000,780000,500000,0,PI,21%,46094,46097,46098,,,JF2281,赖晔敏
D002165,611231861,生效,怡泰财富管理有限公司,经代业务,BK业务,银行网点,民生银行,民生银行,民生北京分行,香港永明金融有限公司,储蓄,万年青·卓金保险计划II,5,预缴,美金,50000,390000,390000,250000,0,PI,21%,46094,46097,46098,46114,,JF2281,赖晔敏
J001362,602069486,生效,九富保险服务有限公司,经代业务,永明经代,持牌经纪,紫荆保险,紫荆保险,紫荆保险,香港永明金融有限公司,储蓄,万年青·星河尊享保险计划II,2,年缴,美金,100000,780000,780000,200000,0,NONPI,,46092,46097,46099,46114,,JF7605,林思思
J001367,602069537,生效,九富保险服务有限公司,经代业务,永明经代,持牌经纪,万森保险,万森保险,万森保险,香港永明金融有限公司,储蓄,万年青·星河尊享保险计划II,2,年缴,美金,50000,390000,390000,100000,0,NONPI,,46093,46097,46098,46111,高瑶,JL5879,李咏媱
J10001238,602069401,生效,九富保险服务有限公司,代理人业务,天领业务,天领机构,天领重庆,重庆经代,陈元龙,香港永明金融有限公司,储蓄,万年青·星河尊享保险计划II,2,预缴,美金,20000,156000,156000,,0,NONPI,,46095,46097,46098,46111,,JJ5633,陈昊锴
U000952,611233661,生效,众和恒富理财集团有限公司,经代业务,同行经代,持牌经纪,天誉国际,迪岸香港科技有限公司,迪岸香港科技有限公司,香港永明金融有限公司,储蓄,万年青·星河尊享保险计划II,5,年缴,美金,12000,93600,93600,60000,0,NONPI,,46094,46097,46098,46113,姜通,JK6768,林小莎
U000953,611233663,生效,众和恒富理财集团有限公司,经代业务,同行经代,持牌经纪,天誉国际,迪岸香港科技有限公司,迪岸香港科技有限公司,香港永明金融有限公司,重疾,万家康尊尚保,20,年缴,美金,1894.5,14777.1,14777.1,90000,0,NONPI,,46094,46097,46104,46126,姜通,JK6768,林小莎
U000950,611233660,生效,众和恒富理财集团有限公司,经代业务,同行经代,持牌经纪,天誉国际,迪岸香港科技有限公司,迪岸香港科技有限公司,香港永明金融有限公司,重疾,万家康尊尚保,20,年缴,美金,1681.2,13113.36,13113.36,90000,0,NONPI,,46094,46097,46104,46126,姜通,JK6768,林小莎
D10001220,506-1108105,生效,怡泰财富管理有限公司,代理人业务,天领业务,天领机构,天领重庆,重庆经代,卢诗敔,香港安盛保险有限公司,医疗,安盛智尊守慧医疗保障,1,年缴,港币,18167,18167,18167,,0,NONPI,,46093,46098,46098,46111,,JF2281,赖晔敏
J001359,602069492,生效,九富保险服务有限公司,经代业务,永明经代,持牌经纪,紫荆保险,紫荆保险,紫荆保险,香港永明金融有限公司,储蓄,万年青·星河尊享保险计划II,2,年缴,美金,50000,390000,390000,100000,0,NONPI,,46091,46098,46099,46111,,JF7605,林思思
J001358,602069489,生效,九富保险服务有限公司,经代业务,永明经代,持牌经纪,紫荆保险,紫荆保险,紫荆保险,香港永明金融有限公司,储蓄,万年青·星河尊享保险计划II,2,年缴,美金,50000,390000,390000,100000,0,NONPI,,46091,46098,46099,46111,,JF7605,林思思
U000955,611233609,生效,众和恒富理财集团有限公司,KA业务,合伙转介业务,同行机构转介,德约,德约,成冲,香港永明金融有限公司,储蓄,万年青·星河尊享保险计划II,5,年缴,美金,30000,234000,234000,150000,0,NONPI,,46094,46098,46099,46132,,JK7517,王杰辉
U000960,611233611,生效,众和恒富理财集团有限公司,经代业务,永明经代,持牌经纪,企鹅保险,企鹅保险,企鹅保险,香港永明金融有限公司,储蓄,万年青·星河尊享保险计划II,2,年缴,美金,15000,117000,117000,30000,0,NONPI,,46098,46098,46099,46111,姜通,JK7517,王杰辉
U000959,611233614,退保,众和恒富理财集团有限公司,经代业务,永明经代,持牌经纪,堡盛国际,堡盛国际,堡盛国际,香港永明金融有限公司,储蓄,万年青·星河尊享保险计划II,5,年缴,人民币,100000,114000,114000,500000,0,NONPI,,46097,46099,46099,46133,姜通,JK7517,王杰辉
J001383,602069459,生效,九富保险服务有限公司,经代业务,永明经代,持牌经纪,德方集团,德方集团,德方集团,香港永明金融有限公司,储蓄,万年青·星河传承保险计划II,5,预缴,美金,100000,780000,780000,500000,0,NONPI,,46098,46099,46099,46113,,JL2755,唐婧瑶
FF000091,3821660488,生效,富强天一财富管理有限公司,KA业务,合伙转介业务,持牌转介,总部职能,总部职能,邝淑娴,中银人寿保险有限公司,年金,中银人寿延期年金计划(终身),10,年缴,港币,20016.89,20016.89,20016.89,200168.9,0,NONPI,,46094,46099,46100,46111,,IA4822,邝淑娴
J10001346,602069647,生效,九富保险服务有限公司,代理人业务,天领业务,天领贴牌,宁波贴牌,宁波,宁波,香港永明金融有限公司,储蓄,万年青·星河传承保险计划II,5,预缴,美金,235000,1833000,1833000,1175000,0,PI,,46098,46099,46112,46122,,JJ5633,陈昊锴
J001378,602069520,生效,九富保险服务有限公司,经代业务,同行经代,持牌经纪,天誉国际,云通国际,云通国际,香港永明金融有限公司,储蓄,万年青·星河尊享保险计划II,2,预缴,美金,50000,390000,390000,100000,0,NONPI,6%,46097,46100,46100,46129,姜通,JL5879,李咏媱
D002157,611222994,生效,怡泰财富管理有限公司,经代业务,BK业务,银行网点,平安银行,平安银行,平安香港分行许菁,香港永明金融有限公司,储蓄,永誉传承储蓄计划,1,整付,美金,500000,3900000,390000,500000,1,NONPI,2.50%,46086,46100,46101,46175,,JF2281,赖晔敏
J10000977,602069391,生效,九富保险服务有限公司,代理人业务,天领业务,天领机构,天领重庆,重庆经代,王璐洁,香港永明金融有限公司,储蓄,万年青·星河尊享保险计划II,5,年缴,美金,30000,234000,234000,150000,0,NONPI,,46066,46100,46112,46111,,JJ5633,陈昊锴
J001361,602069460,生效,九富保险服务有限公司,经代业务,永明经代,持牌经纪,紫荆保险,紫荆保险,紫荆保险,香港永明金融有限公司,储蓄,万年青·星河尊享保险计划II,5,预缴,美金,10000,78000,78000,50000,0,NONPI,,46091,46101,46106,46122,,JL2755,唐婧瑶
U000921,611233656,生效,众和恒富理财集团有限公司,经代业务,永明经代,持牌经纪,堡盛国际,堡盛国际,堡盛国际,香港永明金融有限公司,储蓄,万年青·星河尊享保险计划II,2,预缴,美金,50000,390000,390000,100000,0,NONPI,6%,46084,46101,46104,46129,姜通,JK6768,林小莎
U000935,611233651,生效,众和恒富理财集团有限公司,经代业务,同行经代,持牌经纪,唯思,唯思财富顾问,唯思财富顾问,香港永明金融有限公司,储蓄,万年青·星河尊享保险计划II,2,预缴,美金,50000,390000,390000,100000,0,NONPI,,46091,46101,46104,46122,战略合作,JK6768,林小莎
J001384,301135088,生效,九富保险服务有限公司,经代业务,永明经代,持牌经纪,万森保险,万森保险,万森保险,香港永明金融有限公司,医疗,永明港称心医疗保,61,年缴,港币,5340,5340,5340,,0,NONPI,,46098,46101,46107,46155,高瑶,JF7605,林思思
J001366,602069462,生效,九富保险服务有限公司,经代业务,永明经代,持牌经纪,紫荆保险,紫荆保险,紫荆保险,香港永明金融有限公司,储蓄,万年青·星河尊享保险计划II,5,年缴,美金,15000,117000,117000,75000,0,NONPI,,46093,46101,46106,46111,,JL2755,唐婧瑶
U000956,611233655,生效,众和恒富理财集团有限公司,经代业务,永明经代,持牌经纪,堡盛国际,堡盛国际,堡盛国际,香港永明金融有限公司,储蓄,万年青·星河尊享保险计划II,2,年缴,美金,72000,561600,561600,144000,0,NONPI,,46095,46101,46104,46113,姜通,JK6768,林小莎
U000933,611233695,生效,众和恒富理财集团有限公司,KA业务,合伙转介业务,异业机构转介,明德长青,明德长青（香港）投资有限公司,李赛,香港永明金融有限公司,储蓄,万年青·星河尊享保险计划II,5,年缴,美金,50000,390000,390000,250000,0,NONPI,,46090,46101,46104,46113,,JJ7007,王嘉鸣
U000958,611233610,生效,众和恒富理财集团有限公司,经代业务,永明经代,持牌经纪,堡盛国际,堡盛国际,堡盛国际,香港永明金融有限公司,储蓄,万年青·星河尊享保险计划II,2,年缴,美金,100000,780000,780000,200000,0,NONPI,8%,46097,46101,46104,46125,姜通,JK7517,王杰辉
U000964,611233800,生效,众和恒富理财集团有限公司,经代业务,同行经代,持牌经纪,唯思,世承财富,世承财富,香港永明金融有限公司,储蓄,万年青·星河传承保险计划II,2,年缴,美金,50000,390000,390000,100000,0,NONPI,,46099,46101,46104,46113,战略合作,JF7523,吕静文
J10001157,602069652,生效,九富保险服务有限公司,代理人业务,天领业务,天领机构,天领成都,成都经代,张维,香港永明金融有限公司,储蓄,万年青·星河尊享保险计划II,2,预缴,美金,30000,234000,234000,60000,0,NONPI,,46101,46101,46112,46122,,JJ5633,陈昊锴
J001388,602069538,生效,九富保险服务有限公司,经代业务,永明经代,持牌经纪,紫荆保险,紫荆保险,紫荆保险,香港永明金融有限公司,储蓄,万年青·星河尊享保险计划II,2,年缴,美金,45000,351000,351000,90000,0,NONPI,,46099,46101,46112,46121,,JL5879,李咏媱
U000962,611233613,生效,众和恒富理财集团有限公司,经代业务,永明经代,持牌经纪,企鹅保险,企鹅保险,企鹅保险,香港永明金融有限公司,储蓄,万年青·星河尊享保险计划II,5,年缴,美金,10000,78000,78000,50000,0,NONPI,,46099,46101,46104,46112,姜通,JK7517,王杰辉
J001375,602069463,取消投保,九富保险服务有限公司,经代业务,同行经代,持牌经纪,天誉国际,云通国际,云通国际,香港永明金融有限公司,储蓄,万年青·星河尊享保险计划II,2,年缴,美金,30000,234000,234000,60000,0,NONPI,6%,46095,46101,46106,,姜通,JL2755,唐婧瑶
J001386,602069498,生效,九富保险服务有限公司,经代业务,同行经代,持牌经纪,唯思,同智顾问,同智顾问,香港永明金融有限公司,储蓄,万年青·星河尊享保险计划II,2,预缴,美金,25000,195000,195000,50000,0,NONPI,,46099,46101,46107,46114,战略合作,JF7605,林思思
J001365,602069465,生效,九富保险服务有限公司,经代业务,同行经代,持牌经纪,天誉国际,云通国际,云通国际,香港永明金融有限公司,储蓄,万年青·星河尊享保险计划II,2,预缴,美金,50000,390000,390000,100000,0,NONPI,6%,46092,46101,46106,46114,姜通,JL2755,唐婧瑶
U000965,611233612,生效,众和恒富理财集团有限公司,经代业务,永明经代,持牌经纪,堡盛国际,堡盛国际,堡盛国际,香港永明金融有限公司,储蓄,万年青·星河尊享保险计划II,2,预缴,美金,30000,234000,234000,60000,0,NONPI,,46099,46102,46104,46129,姜通,JK7517,王杰辉
J001389,602069466,生效,九富保险服务有限公司,经代业务,永明经代,持牌经纪,万森保险,万森保险,万森保险,香港永明金融有限公司,储蓄,万年青·星河尊享保险计划II,5,年缴,美金,20000,156000,156000,100000,0,NONPI,,46099,46102,46106,46121,高瑶,JL2755,唐婧瑶
U000967,611233617,生效,众和恒富理财集团有限公司,经代业务,同行经代,持牌经纪,唯思,唯思财富顾问,唯思财富顾问,香港永明金融有限公司,储蓄,万年青·星河传承保险计划II,5,预缴,美金,3000,23400,23400,15000,0,NONPI,,46100,46102,46104,46111,战略合作,JK7517,王杰辉
J10001031,602069663,生效,九富保险服务有限公司,代理人业务,天领业务,天领机构,天领重庆,重庆经代,程琦,香港永明金融有限公司,重疾,万家康尊尚保,20,年缴,美金,3830,29874,29874,,0,NONPI,,46086,46102,46112,46142,,JJ5633,陈昊锴
J10001076,602069664,生效,九富保险服务有限公司,代理人业务,天领业务,天领机构,天领重庆,重庆经代,程琦,香港永明金融有限公司,重疾,万家康尊尚保,20,年缴,美金,2835,22113,22113,100000,0,NONPI,,46086,46102,46112,46160,,JJ5633,陈昊锴
J001373,602069468,取消投保,九富保险服务有限公司,经代业务,永明经代,持牌经纪,万城保险,万城保险,万城保险,香港永明金融有限公司,储蓄,万年青·星河尊享保险计划II,5,年缴,美金,200000,1560000,1560000,1000000,0,PI,20%,46094,46102,46111,,姜通,JL2755,唐婧瑶
J001393,602069467,生效,九富保险服务有限公司,经代业务,同行经代,持牌经纪,天誉国际,云通国际,云通国际,香港永明金融有限公司,储蓄,万年青·星河尊享保险计划II,2,预缴,美金,50000,390000,390000,100000,0,NONPI,6%,46100,46102,46111,46140,姜通,JL2755,唐婧瑶
J001392,602069469,生效,九富保险服务有限公司,经代业务,同行经代,持牌经纪,天誉国际,云通国际,云通国际,香港永明金融有限公司,储蓄,万年青·星河尊享保险计划II,2,预缴,美金,50000,390000,390000,100000,0,NONPI,6%,46100,46102,46111,46140,姜通,JL2755,唐婧瑶
J001372,602069599,生效,九富保险服务有限公司,经代业务,永明经代,持牌经纪,万森保险,万森保险,万森保险,香港永明金融有限公司,储蓄,万年青·星河尊享保险计划II,2,年缴,美金,50000,390000,390000,100000,0,NONPI,,46093,46104,46112,46114,高瑶,JL5879,李咏媱
J001371,602069568,生效,九富保险服务有限公司,经代业务,永明经代,持牌经纪,万森保险,万森保险,万森保险,香港永明金融有限公司,储蓄,万年青·星河尊享保险计划II,2,年缴,人民币,250000,285000,285000,500000,0,NONPI,,46093,46104,46112,46121,高瑶,JL5879,李咏媱
J001379,602069495,生效,九富保险服务有限公司,经代业务,永明经代,持牌经纪,万森保险,万森保险,万森保险,香港永明金融有限公司,储蓄,万年青·星河尊享保险计划II,5,年缴,美金,5000,39000,39000,25000,0,NONPI,,46097,46104,46107,46134,高瑶,JF7605,林思思
J001370,602069562,生效,九富保险服务有限公司,经代业务,永明经代,持牌经纪,万森保险,万森保险,万森保险,香港永明金融有限公司,储蓄,万年青·星河尊享保险计划II,2,年缴,人民币,105000,119700,119700,210000,0,NONPI,,46093,46104,46112,46125,高瑶,JL5879,李咏媱
J001368,602069501,生效,九富保险服务有限公司,经代业务,永明经代,持牌经纪,万森保险,万森保险,万森保险,香港永明金融有限公司,储蓄,万年青·星河尊享保险计划II,2,年缴,人民币,700000,798000,798000,1400000,0,NONPI,,46093,46104,46107,46125,高瑶,JF7605,林思思
FF10001247,1.00041E+11,生效,富强天一财富管理有限公司,代理人业务,天领业务,天领机构,天领成都,成都经代,张琦,立桥人寿保险有限公司,储蓄,智选储蓄保（20年保障期）,1,整付,美金,50000,390000,39000,50000,0,NONPI,,46098,46104,46104,46148,,JF2281,赖晔敏
J001377,602069478,生效,九富保险服务有限公司,经代业务,永明经代,持牌经纪,万城保险,万城保险,万城保险,香港永明金融有限公司,储蓄,万年青·星河尊享保险计划II,2,年缴,美金,150000,1170000,1170000,300000,0,PI,8%,46097,46104,46107,46120,姜通,JF7605,林思思
J001398,602069564,生效,九富保险服务有限公司,经代业务,同行经代,持牌经纪,天誉国际,云通国际,云通国际,香港永明金融有限公司,储蓄,万年青·星河尊享保险计划II,2,预缴,美金,100000,780000,780000,200000,0,NONPI,8%,46101,46104,46107,46141,姜通,JL5879,李咏媱
J001397,602069504,退保,九富保险服务有限公司,经代业务,同行经代,持牌经纪,唯思,同智顾问,同智顾问,香港永明金融有限公司,重疾,万家康尊尚保,15,年缴,美金,6474,50497.2,50497.2,150000,0,NONPI,,46101,46104,46107,46132,战略合作,JF7605,林思思
U000942,611233654,生效,众和恒富理财集团有限公司,经代业务,永明经代,持牌经纪,中天家办,中天家办,中天家办,香港永明金融有限公司,储蓄,万年青·星河尊享保险计划II,5,年缴,人民币,500000,570000,570000,2500000,0,NONPI,15%,46092,46104,46104,46132,白博文,JK6768,林小莎
J001395,602069539,生效,九富保险服务有限公司,经代业务,永明经代,持牌经纪,万森保险,万森保险,万森保险,香港永明金融有限公司,储蓄,万年青·星河尊享保险计划II,5,年缴,美金,50000,390000,390000,250000,0,NONPI,,46101,46104,46112,46153,高瑶,JL5879,李咏媱
J001403,602069507,生效,九富保险服务有限公司,KA业务,合伙转介业务,同行机构转介,懿丰家族,懿丰家族,Henry,香港永明金融有限公司,储蓄,万年青·星河传承保险计划II,5,预缴,美金,125000,975000,975000,625000,0,NONPI,100%,46104,46105,46107,46136,,JF7605,林思思
J001394,602069510,生效,九富保险服务有限公司,经代业务,永明经代,持牌经纪,紫荆保险,紫荆保险,紫荆保险,香港永明金融有限公司,储蓄,万年青·星河尊享保险计划II,5,年缴,美金,50000,390000,390000,250000,0,NONPI,15%,46101,46105,46112,46129,,JL5879,李咏媱
J10001427,602069671,生效,九富保险服务有限公司,代理人业务,天领业务,天领机构,天领重庆,重庆经代,邹宇轩,香港永明金融有限公司,储蓄,万年青·星河传承保险计划II,5,年缴,美金,5000,39000,39000,25000,0,NONPI,,46104,46105,46112,46125,,JJ5633,陈昊锴
U000961,611233698,生效,众和恒富理财集团有限公司,KA业务,合伙转介业务,异业机构转介,虹霖贸易,虹霖香港贸易有限公司,虹霖香港贸易有限公司,香港永明金融有限公司,储蓄,万年青·星河尊享保险计划II,5,年缴,美金,10000,78000,78000,50000,0,NONPI,,46099,46105,46106,46113,,JJ7007,王嘉鸣
J001376,602069484,生效,九富保险服务有限公司,经代业务,永明经代,持牌经纪,紫荆保险,紫荆保险,紫荆保险,香港永明金融有限公司,储蓄,万年青·星河尊享保险计划II,2,预缴,美金,250000,1950000,1950000,500000,0,NONPI,8%,46097,46105,46112,46128,,JL5879,李咏媱
J001433,602069641,生效,九富保险服务有限公司,代理人业务,天领业务,天领贴牌,宁波贴牌,宁波,宁波,香港永明金融有限公司,储蓄,万年青·星河尊享保险计划II,5,年缴,美金,10000,78000,78000,50000,0,NONPI,,46107,46105,46112,46135,,JJ5633,陈昊锴
J001391,0,取消投保,九富保险服务有限公司,代理人业务,天领业务,天领贴牌,宁波贴牌,宁波,宁波,香港永明金融有限公司,储蓄,万年青·星河尊享保险计划II,5,预缴,美金,20000,156000,156000,100000,0,NONPI,,46100,46105,46107,,,JJ5633,陈昊锴
J001414,602069481,生效,九富保险服务有限公司,经代业务,同行经代,持牌经纪,天誉国际,云通国际,云通国际,香港永明金融有限公司,储蓄,万年青·星河尊享保险计划II,2,年缴,人民币,400000,456000,456000,800000,0,NONPI,6%,46105,46105,46107,46136,姜通,JF7605,林思思
J001390,602069513,生效,九富保险服务有限公司,经代业务,同行经代,持牌经纪,天誉国际,云通国际,云通国际,香港永明金融有限公司,储蓄,万年青·星河尊享保险计划II,2,预缴,美金,100000,780000,780000,200000,0,NONPI,6%,46100,46105,46112,46142,姜通,JL5879,李咏媱
TY000012,506-1114491,生效,天誉国际财富管理有限公司,经代业务,同行经代,持牌经纪,天誉国际(MGA),迪岸香港科技有限公司,迪岸香港科技有限公司,香港安盛保险有限公司,储蓄,盛利II储蓄保险-至尊,5,年缴,美金,45000,351000,351000,225000,0,NONPI,,46097,46105,46105,46120,姜通,JL6752,王晶晶
J10001472,602069674,取消投保,九富保险服务有限公司,代理人业务,天领业务,天领贴牌,宁波贴牌,宁波,宁波,香港永明金融有限公司,储蓄,万年青·星河尊享保险计划II,5,年缴,美金,10000,78000,78000,50000,0,NONPI,,46104,46105,46112,,,JJ5633,陈昊锴
J10001463,602069670,生效,九富保险服务有限公司,代理人业务,天领业务,天领贴牌,宁波贴牌,宁波,宁波,香港永明金融有限公司,储蓄,万年青·星河尊享保险计划II,5,年缴,美金,10000,78000,78000,50000,0,NONPI,,46104,46105,46112,46142,,JJ5633,陈昊锴
J001425,602069470,取消投保,九富保险服务有限公司,经代业务,同行经代,持牌经纪,唯思,同智顾问,同智顾问,香港永明金融有限公司,储蓄,万年青·星河尊享保险计划II,2,年缴,加元,18000,105300,105300,,0,NONPI,,46106,46106,46111,,战略合作,JL2755,唐婧瑶
U000948,611233659,生效,众和恒富理财集团有限公司,经代业务,永明经代,持牌经纪,堡盛国际,堡盛国际,堡盛国际,香港永明金融有限公司,储蓄,万年青·星河尊享保险计划II,2,年缴,美金,75000,585000,585000,150000,0,NONPI,,46092,46106,46106,46135,姜通,JK6768,林小莎
J001430,602069668,生效,九富保险服务有限公司,代理人业务,天领业务,天领贴牌,苏州贴牌,苏州,舒俊然,香港永明金融有限公司,储蓄,万年青·星河尊享保险计划II,5,年缴,美金,20000,156000,156000,100000,0,NONPI,,46106,46106,46112,46125,,JJ5633,陈昊锴
J001422,602069472,生效,九富保险服务有限公司,经代业务,同行经代,持牌经纪,唯思,同智顾问,同智顾问,香港永明金融有限公司,储蓄,万年青·星河尊享保险计划II,5,预缴,美金,24000,187200,187200,120000,0,NONPI,,46105,46106,46111,46134,战略合作,JL2755,唐婧瑶
D002178,2260009837,生效,怡泰财富管理有限公司,KA业务,合伙转介业务,持牌转介,总部职能,总部职能,袁林,安达人寿保险有限公司,储蓄,Gold富税延期年金计划,5,年缴,美金,8718,68000.4,68000.4,43590,0,NONPI,,46105,46106,46107,46112,,JF2281,赖晔敏
TY000015,92907905,生效,天誉国际财富管理有限公司,经代业务,同行经代,持牌经纪,天誉国际(MGA),迪岸香港科技有限公司,迪岸香港科技有限公司,万通保险国际有限公司,储蓄,富饶万家储蓄保险计划,2,预缴,美金,25000,195000,195000,50000,0,NONPI,,46105,46107,46108,46150,姜通,JL6752,王晶晶
J001423,602069473,生效,九富保险服务有限公司,经代业务,永明经代,持牌经纪,万森保险,万森保险,万森保险,香港永明金融有限公司,储蓄,万年青·星河尊享保险计划II,2,预缴,美金,100000,780000,780000,200000,0,NONPI,,46105,46107,46111,46125,高瑶,JL2755,唐婧瑶
J10001229,602069541,生效,九富保险服务有限公司,代理人业务,成事家办,IYB分公司,杨洪美,杨洪美,赵浩丽,香港永明金融有限公司,储蓄,万年青·星河尊享保险计划II,5,年缴,美金,30000,234000,234000,,0,NONPI,,46093,46107,46112,46122,,JL5879,李咏媱
TY000016,506-1112347,生效,天誉国际财富管理有限公司,经代业务,同行经代,持牌经纪,天誉国际(MGA),盈丰资本财富管理（香港）有限公司,盈丰资本财富管理（香港）有限公司,香港安盛保险有限公司,储蓄,盛利II储蓄保险-至尊,5,年缴,美金,50000,390000,390000,250000,0,PI,,46106,46107,46108,46126,姜通,JL6752,王晶晶
J001404,602069475,生效,九富保险服务有限公司,经代业务,永明经代,持牌经纪,紫荆保险,紫荆保险,紫荆保险,香港永明金融有限公司,储蓄,万年青·星河尊享保险计划II,5,年缴,人民币,21000,23940,23940,105000,0,NONPI,,46104,46107,46111,46129,,JL2755,唐婧瑶
J001400,602069540,生效,九富保险服务有限公司,经代业务,同行经代,持牌经纪,天誉国际,盈丰资本财富管理（香港）有限公司,盈丰资本财富管理（香港）有限公司,香港永明金融有限公司,储蓄,万年青·星河尊享保险计划II,2,年缴,人民币,500000,570000,570000,1000000,0,NONPI,6%,46101,46107,46112,46129,姜通,JL5879,李咏媱
J001418,602069461,取消投保,九富保险服务有限公司,经代业务,同行经代,持牌经纪,唯思,同智顾问,同智顾问,香港永明金融有限公司,储蓄,万年青·星河尊享保险计划II,2,年缴,美金,150000,1170000,1170000,300000,0,NONPI,8%,46105,46107,46111,,战略合作,JL2755,唐婧瑶
J001419,602069567,生效,九富保险服务有限公司,经代业务,同行经代,持牌经纪,唯思,同智顾问,同智顾问,香港永明金融有限公司,储蓄,万年青·星河尊享保险计划II,2,预缴,美金,250000,1950000,1950000,,0,PI,8%,46105,46107,46112,46150,战略合作,JL5879,李咏媱
D002163,611232105,生效,怡泰财富管理有限公司,经代业务,BK业务,银行网点,民生银行,民生银行,民生上海分行张江支行,香港永明金融有限公司,储蓄,万年青·卓金保险计划II,5,预缴,美金,100000,780000,780000,,0,PI,21%,46093,46107,46107,46142,,JH6936,余迪慷
J001431,602069594,取消投保,九富保险服务有限公司,经代业务,永明经代,持牌经纪,紫荆保险,紫荆保险,紫荆保险,香港永明金融有限公司,储蓄,万年青·星河尊享保险计划II,2,预缴,美金,150000,1170000,1170000,300000,0,NONPI,,46106,46107,46112,,,JL5879,李咏媱
J001432,602069476,生效,九富保险服务有限公司,代理人业务,天领业务,天领机构,天领深圳,大湾区,黄莹,香港永明金融有限公司,储蓄,万年青·星河传承保险计划II,5,年缴,美金,150000,1170000,1170000,750000,0,NONPI,20%,46106,46107,46111,46133,,JL2755,唐婧瑶
U000925,611233607,生效,众和恒富理财集团有限公司,经代业务,同行经代,持牌经纪,唯思,唯思财富顾问,唯思财富顾问,香港永明金融有限公司,储蓄,万年青·星河尊享保险计划II,2,预缴,美金,25000,195000,195000,50000,0,NONPI,,46086,46107,46108,46111,战略合作,JK7517,王杰辉
U000957,611233620,生效,众和恒富理财集团有限公司,经代业务,永明经代,持牌经纪,堡盛国际,堡盛国际,堡盛国际,香港永明金融有限公司,储蓄,万年青·星河尊享保险计划II,2,年缴,人民币,250000,285000,285000,500000,0,NONPI,,46096,46107,46108,46122,姜通,JK7517,王杰辉
FF000093,1.00041E+11,生效,富强天一财富管理有限公司,代理人业务,天领业务,天领机构,天领深圳,大湾区,黄莹,立桥人寿保险有限公司,储蓄,智选储蓄保（20年保障期）,1,整付,美金,100000,780000,78000,100000,0,NONPI,,46106,46107,46107,46113,,JF2281,赖晔敏
U000975,611233616,生效,众和恒富理财集团有限公司,经代业务,永明经代,持牌经纪,企鹅保险,企鹅保险,企鹅保险,香港永明金融有限公司,储蓄,万年青·星河尊享保险计划II,2,年缴,人民币,300000,342000,342000,600000,0,NONPI,,46106,46108,46108,46113,姜通,JK7517,王杰辉
J001374,602069474,生效,九富保险服务有限公司,经代业务,同行经代,持牌经纪,唯思,同智顾问,同智顾问,香港永明金融有限公司,储蓄,万年青·星河尊享保险计划II,5,预缴,美金,50000,390000,390000,250000,0,PI,,46094,46108,46111,46120,战略合作,JL2755,唐婧瑶
J001424,602069543,生效,九富保险服务有限公司,经代业务,永明经代,持牌经纪,紫荆保险,紫荆保险,紫荆保险,香港永明金融有限公司,储蓄,万年青·星河尊享保险计划II,5,年缴,美金,15000,117000,117000,75000,0,NONPI,,46105,46108,46112,46129,,JL5879,李咏媱
J10001418,602069673,生效,九富保险服务有限公司,代理人业务,天领业务,天领贴牌,武汉贴牌,武汉贴牌,刘颜,香港永明金融有限公司,储蓄,万年青·星河尊享保险计划II,5,年缴,美金,20000,156000,156000,100000,0,NONPI,,46104,46108,46112,46127,,JJ5633,陈昊锴
J001401,602068691,生效,九富保险服务有限公司,经代业务,永明经代,持牌经纪,万森保险,万森保险,万森保险,香港永明金融有限公司,储蓄,万年青·星河尊享保险计划II,5,年缴,美金,50000,390000,390000,250000,0,NONPI,,46103,46108,46111,46128,高瑶,JL2755,唐婧瑶
J001402,602069464,生效,九富保险服务有限公司,经代业务,永明经代,持牌经纪,万森保险,万森保险,万森保险,香港永明金融有限公司,储蓄,万年青·星河尊享保险计划II,2,年缴,美金,15000,117000,117000,30000,0,NONPI,,46104,46108,46111,46128,高瑶,JL2755,唐婧瑶
U000979,611233622,生效,众和恒富理财集团有限公司,经代业务,永明经代,持牌经纪,中天家办,中天家办,中天家办,香港永明金融有限公司,储蓄,万年青·星河尊享保险计划II,5,年缴,美金,50000,390000,390000,250000,0,NONPI,15%,46107,46108,46108,46136,白博文,JK7517,王杰辉
D002170,611231860,生效,怡泰财富管理有限公司,经代业务,BK业务,银行网点,民生银行,民生银行,民生上海分行,香港永明金融有限公司,储蓄,万年青·卓金保险计划II,5,年缴,美金,100000,780000,780000,500000,0,PI,21%,46099,46108,46111,46134,,JF2281,赖晔敏
J001417,602068692,生效,九富保险服务有限公司,经代业务,同行经代,持牌经纪,唯思,同智顾问,同智顾问,香港永明金融有限公司,储蓄,万年青·星河尊享保险计划II,5,预缴,美金,10000,78000,78000,50000,0,NONPI,,46105,46108,46111,46114,战略合作,JL2755,唐婧瑶
D002175,611232104,生效,怡泰财富管理有限公司,经代业务,BK业务,银行网点,民生银行,民生银行,民生重庆分行,香港永明金融有限公司,储蓄,万年青·卓金保险计划II,5,预缴,美金,50000,390000,390000,250000,0,PI,21%,46101,46108,46109,46125,,JH6936,余迪慷
U000966,611233619,生效,众和恒富理财集团有限公司,经代业务,永明经代,持牌经纪,堡盛国际,堡盛国际,堡盛国际,香港永明金融有限公司,储蓄,万年青·星河尊享保险计划II,5,预缴,美金,10000,78000,78000,50000,0,NONPI,,46099,46108,46111,46132,姜通,JK7517,王杰辉
U000981,611233702,生效,众和恒富理财集团有限公司,经代业务,永明经代,持牌经纪,中天家办,中天家办,中天家办,香港永明金融有限公司,储蓄,万年青·星河尊享保险计划II,5,年缴,美金,15000,117000,117000,75000,0,NONPI,,46107,46109,46111,46125,白博文,JJ7007,王嘉鸣
J10001535,602069675,取消投保,九富保险服务有限公司,代理人业务,成事家办,IYB分公司,杨璐熙,杨璐熙,郭敏,香港永明金融有限公司,储蓄,万年青·星河尊享保险计划II,2,预缴,美金,25000,195000,195000,,0,NONPI,,46108,46109,46112,46153,,JJ5633,陈昊锴
U000976,611233701,生效,众和恒富理财集团有限公司,经代业务,永明经代,持牌经纪,企鹅保险,企鹅保险,企鹅保险,香港永明金融有限公司,储蓄,万年青·星河尊享保险计划II,5,预缴,美金,10000,78000,78000,50000,0,NONPI,,46106,46109,46111,46114,姜通,JJ7007,王嘉鸣
J10001409,602069667,生效,九富保险服务有限公司,代理人业务,天领业务,天领机构,天领重庆,重庆经代,雷蕾,香港永明金融有限公司,储蓄,万年青·星河尊享保险计划II,2,预缴,美金,150000,1170000,1170000,,0,NONPI,,46104,46109,46112,46136,,JJ5633,陈昊锴
J001426,602069676,生效,九富保险服务有限公司,经代业务,永明经代,持牌经纪,紫荆保险,紫荆保险,紫荆保险,香港永明金融有限公司,储蓄,万年青·星河尊享保险计划II,2,预缴,美金,50000,390000,390000,100000,0,NONPI,,46106,46109,46112,46140,,JJ5633,陈昊锴
U000983,611227393,生效,众和恒富理财集团有限公司,经代业务,同行经代,持牌经纪,天誉国际,盈丰资本财富管理（香港）有限公司,盈丰资本财富管理（香港）有限公司,香港永明金融有限公司,储蓄,万年青·星河传承保险计划II,2,年缴,人民币,200000,228000,228000,,0,NONPI,,46108,46109,46111,46142,姜通,JF7523,吕静文
J001440,602069546,生效,九富保险服务有限公司,经代业务,同行经代,持牌经纪,天誉国际,云通国际,云通国际,香港永明金融有限公司,储蓄,万年青·星河传承保险计划II,2,预缴,美金,100000,780000,780000,200000,0,NONPI,8%,46109,46109,46112,46134,姜通,JL5879,李咏媱
J001441,602069547,生效,九富保险服务有限公司,经代业务,同行经代,持牌经纪,天誉国际,云通国际,云通国际,香港永明金融有限公司,储蓄,万年青·星河尊享保险计划II,2,预缴,美金,50000,390000,390000,100000,0,NONPI,6%,46109,46109,46112,46121,姜通,JL5879,李咏媱
J10001508,602069672,生效,九富保险服务有限公司,代理人业务,成事家办,IYB分公司,杨帆,杨帆,曲景宾,香港永明金融有限公司,储蓄,万年青·星河尊享保险计划II,5,预缴,美金,10000,78000,78000,50000,0,NONPI,,46107,46109,46112,46134,,JJ5633,陈昊锴
U000984,611227396,生效,众和恒富理财集团有限公司,经代业务,同行经代,持牌经纪,天誉国际,盈丰资本财富管理（香港）有限公司,盈丰资本财富管理（香港）有限公司,香港永明金融有限公司,储蓄,万年青·星河尊享保险计划II,5,年缴,美金,40000,312000,312000,200000,0,NONPI,,46108,46109,46111,46129,姜通,JF7523,吕静文
U000970,611233703,生效,众和恒富理财集团有限公司,KA业务,合伙转介业务,异业机构转介,明德长青,明德长青（香港）投资有限公司,何嘉琪,香港永明金融有限公司,储蓄,万年青·星河尊享保险计划II,5,年缴,美金,10000,78000,78000,50000,0,NONPI,,46105,46109,46111,46125,,JJ7007,王嘉鸣
J001420,602069677,生效,九富保险服务有限公司,经代业务,永明经代,持牌经纪,紫荆保险,紫荆保险,紫荆保险,香港永明金融有限公司,储蓄,万年青·星河尊享保险计划II,2,预缴,美金,25000,195000,195000,50000,0,NONPI,,46105,46109,46112,46142,,JJ5633,陈昊锴
TY000018,506-1115621,取消投保,天誉国际财富管理有限公司,经代业务,同行经代,持牌经纪,天誉国际(MGA),盈丰资本财富管理（香港）有限公司,盈丰资本财富管理（香港）有限公司,香港安盛保险有限公司,储蓄,盛利II储蓄保险-至尊,5,预缴,美金,17000,132600,132600,85000,0,NONPI,,46107,46109,46112,,姜通,JL6752,王晶晶
D002183,611232114,生效,怡泰财富管理有限公司,经代业务,同行经代,持牌资管,利泰丰,利泰丰管理有限公司,黄子峰,香港永明金融有限公司,储蓄,万年青·卓金保险计划II,5,年缴,美金,60000,468000,468000,300000,0,NONPI,20%,46107,46109,46111,46127,,JH6936,余迪慷
D002184,611232115,生效,怡泰财富管理有限公司,经代业务,同行经代,持牌资管,利泰丰,利泰丰管理有限公司,黄子峰,香港永明金融有限公司,重疾,万家康尊尚保,15,年缴,美金,1868.9,14577.42,14577.42,110000,0,NONPI,,46107,46109,46120,46135,,JH6936,余迪慷
U000980,611233699,生效,众和恒富理财集团有限公司,经代业务,同行经代,持牌经纪,天誉国际,盈丰资本财富管理（香港）有限公司,盈丰资本财富管理（香港）有限公司,香港永明金融有限公司,储蓄,万年青·星河传承保险计划II,5,预缴,美金,17000,132600,132600,85000,0,NONPI,,46107,46109,46111,46126,姜通,JJ7007,王嘉鸣
D002173,611232107,生效,怡泰财富管理有限公司,经代业务,BK业务,银行网点,平安银行,平安银行,平安香港分行朱慧娟,香港永明金融有限公司,储蓄,永誉传承储蓄计划,1,整付,美金,1000000,7800000,780000,1000000,1,NONPI,2.50%,46100,46110,46111,46150,,JH6936,余迪慷
Y000067,8201197056,生效,盈富理财顾问有限公司,KA业务,ICLUB业务,异业机构转介,保险师,保险师,保险师,中国人寿保险（海外）股份有限公司（澳门）,储蓄,裕饶传承储蓄保险计划III,5,预缴,港币,1800000,1800000,1800000,9000000,1,NONPI,,46108,46111,46171,46170,,,盈富助理
U000974,611233658,退保,众和恒富理财集团有限公司,经代业务,同行经代,持牌经纪,唯思,世承财富,世承财富,香港永明金融有限公司,储蓄,万年青·星河传承保险计划II,2,预缴,美金,40000,312000,312000,80000,0,NONPI,,46106,46111,46111,46140,战略合作,JK6768,林小莎
Y000069,8201197080,生效,盈富理财顾问有限公司,代理人业务,天领业务,天领贴牌,广西贴牌,广西贴牌,李大雷,中国人寿保险（海外）股份有限公司（澳门）,储蓄,裕饶传承储蓄保险计划III,5,预缴,港币,1000000,1000000,1000000,5000000,1,NONPI,,46108,46111,46113,46122,,,盈富助理
U000940,611233615,生效,众和恒富理财集团有限公司,经代业务,永明经代,持牌经纪,堡盛国际,堡盛国际,堡盛国际,香港永明金融有限公司,储蓄,万年青·星河尊享保险计划II,2,预缴,美金,50000,390000,390000,100000,0,NONPI,,46092,46111,46111,46128,姜通,JK7517,王杰辉
J001387,602068693,生效,九富保险服务有限公司,经代业务,永明经代,持牌经纪,紫荆保险,紫荆保险,紫荆保险,香港永明金融有限公司,储蓄,万年青·星河尊享保险计划II,2,年缴,人民币,250000,285000,285000,500000,0,NONPI,,46099,46111,46111,46127,,JL2755,唐婧瑶
U000972,611233618,生效,众和恒富理财集团有限公司,经代业务,永明经代,持牌经纪,企鹅保险,企鹅保险,企鹅保险,香港永明金融有限公司,储蓄,万年青·星河传承保险计划II,5,年缴,人民币,210000,239400,239400,1050000,0,NONPI,,46106,46111,46111,46122,姜通,JK7517,王杰辉
U000985,611234531,生效,众和恒富理财集团有限公司,经代业务,同行经代,持牌经纪,天誉国际,盈丰资本财富管理（香港）有限公司,盈丰资本财富管理（香港）有限公司,香港永明金融有限公司,储蓄,万年青·星河尊享保险计划II,5,年缴,人民币,21000,23940,23940,105000,0,NONPI,,46111,46111,46111,46127,姜通,JK6768,林小莎
D002182,611231863,生效,怡泰财富管理有限公司,经代业务,BK业务,银行网点,民生银行,民生银行,民生上海分行,香港永明金融有限公司,储蓄,万年青·卓金保险计划II,5,年缴,美金,50000,390000,390000,250000,0,NONPI,59%,46106,46111,46112,46121,,JF2281,赖晔敏
J10001490,602068694,生效,九富保险服务有限公司,代理人业务,天领业务,天领机构,天领成都,成都经代,许林,香港永明金融有限公司,储蓄,万年青·星河尊享保险计划II,2,年缴,美金,15000,117000,117000,30000,0,NONPI,,46107,46111,46111,46114,,JL2755,唐婧瑶
J001438,602068695,生效,九富保险服务有限公司,经代业务,永明经代,持牌经纪,紫荆保险,紫荆保险,紫荆保险,香港永明金融有限公司,储蓄,万年青·星河尊享保险计划II,5,年缴,美金,10000,78000,78000,50000,0,NONPI,,46108,46111,46111,46121,,JL2755,唐婧瑶
U000978,611233621,生效,众和恒富理财集团有限公司,经代业务,永明经代,持牌经纪,企鹅保险,企鹅保险,企鹅保险,香港永明金融有限公司,储蓄,万年青·星河尊享保险计划II,5,年缴,人民币,600000,684000,684000,3000000,0,NONPI,,46107,46111,46111,46128,姜通,JK7517,王杰辉
J10001553,602068696,生效,九富保险服务有限公司,代理人业务,天领业务,天领机构,天领重庆,重庆经代,田苗,香港永明金融有限公司,储蓄,万年青·星河传承保险计划II,5,预缴,美金,20000,156000,156000,100000,0,NONPI,,46110,46111,46111,46125,,JL2755,唐婧瑶
U000973,611233657,取消投保,众和恒富理财集团有限公司,经代业务,同行经代,持牌经纪,唯思,唯思财富顾问,唯思财富顾问,香港永明金融有限公司,储蓄,万年青·星河尊享保险计划II,2,年缴,美金,70000,546000,546000,140000,0,NONPI,,46106,46111,46111,,战略合作,JK6768,林小莎
U000939,611233623,生效,众和恒富理财集团有限公司,经代业务,同行经代,持牌经纪,唯思,唯思财富顾问,唯思财富顾问,香港永明金融有限公司,储蓄,万年青·星河尊享保险计划II,5,年缴,港币,80000,80000,80000,400000,0,NONPI,,46092,46111,46111,46122,战略合作,JK7517,王杰辉
U000971,611237470,生效,众和恒富理财集团有限公司,经代业务,同行经代,持牌经纪,天誉国际,迪岸香港科技有限公司,迪岸香港科技有限公司,香港永明金融有限公司,储蓄,万年青·星河尊享保险计划II,5,年缴,美金,50000,390000,390000,250000,0,PI,10%,46106,46112,46112,46147,姜通,JK6768,林小莎
J10001400,602069679,生效,九富保险服务有限公司,代理人业务,天领业务,天领机构,天领成都,成都经代,姚净琳,香港永明金融有限公司,重疾,万家康卓越保,20,年缴,美金,1396,10888.8,10888.8,100000,0,NONPI,,46104,46112,46112,46128,,JJ5633,陈昊锴
J10001319,602069680,生效,九富保险服务有限公司,代理人业务,天领业务,天领机构,天领成都,成都经代,姚净琳,香港永明金融有限公司,储蓄,万年青·星河尊享保险计划II,5,年缴,美金,20000,156000,156000,100000,0,NONPI,,46104,46112,46112,46127,,JJ5633,陈昊锴
J10001391,602069678,生效,九富保险服务有限公司,代理人业务,天领业务,天领机构,天领成都,成都经代,姚净琳,香港永明金融有限公司,重疾,万家康卓越保,20,年缴,美金,1549,12082.2,12082.2,100000,0,NONPI,,46104,46112,46112,46128,,JJ5633,陈昊锴
U000977,611237471,生效,众和恒富理财集团有限公司,经代业务,永明经代,持牌经纪,企鹅保险,企鹅保险,企鹅保险,香港永明金融有限公司,储蓄,万年青·星河尊享保险计划II,5,年缴,加元,40000,234000,234000,200000,0,NONPI,,46106,46112,46112,46127,姜通,JK6768,林小莎
TY000017,506-1116082,生效,天誉国际财富管理有限公司,经代业务,同行经代,持牌经纪,天誉国际(MGA),迪岸香港科技有限公司,迪岸香港科技有限公司,香港安盛保险有限公司,储蓄,盛利II储蓄保险-至尊,5,年缴,美金,20000,156000,156000,100000,0,PI,,46106,46112,46114,46157,姜通,JL6752,王晶晶
J001449,602069490,生效,九富保险服务有限公司,经代业务,同行经代,持牌经纪,天誉国际,云通国际,云通国际,香港永明金融有限公司,储蓄,万年青·星河尊享保险计划II,5,预缴,美金,50000,390000,390000,250000,0,NONPI,15%,46111,46112,46112,46153,姜通,JF7605,林思思
J10001454,602069669,生效,九富保险服务有限公司,代理人业务,天领业务,天领机构,天领重庆,重庆经代,邹文佳,香港永明金融有限公司,储蓄,万年青·星河尊享保险计划II,5,预缴,美金,300000,2340000,2340000,,0,NONPI,20%,46104,46112,46112,46142,,JJ5633,陈昊锴
TY000021,1.00041E+11,生效,天誉国际财富管理有限公司,经代业务,同行经代,持牌经纪,天誉国际(MGA),迪岸香港科技有限公司,迪岸香港科技有限公司,立桥人寿保险有限公司,万用寿险,智选储蓄保（20年保障期）,1,整付,美金,50000,390000,39000,,0,NONPI,,46111,46112,46112,46149,姜通,JL6752,王晶晶
D002186,611231865,生效,怡泰财富管理有限公司,经代业务,BK业务,银行网点,民生银行,民生银行,民生重庆分行,香港永明金融有限公司,储蓄,万年青·卓金保险计划II,5,年缴,美金,100000,780000,780000,500000,0,PI,21%,46109,46112,46112,46134,,JF2281,赖晔敏
U000982,611237472,生效,众和恒富理财集团有限公司,经代业务,永明经代,持牌经纪,堡盛国际,堡盛国际,堡盛国际,香港永明金融有限公司,储蓄,万年青·星河尊享保险计划II,2,年缴,人民币,500000,570000,570000,1000000,0,NONPI,,46108,46112,46112,46127,姜通,JK6768,林小莎
J001454,602069493,取消投保,九富保险服务有限公司,经代业务,永明经代,持牌经纪,紫荆保险,紫荆保险,紫荆保险,香港永明金融有限公司,储蓄,万年青·星河尊享保险计划II,5,年缴,美金,100000,780000,780000,,0,PI,20%,46112,46112,46112,,,JF7605,林思思
U000988,611233626,生效,众和恒富理财集团有限公司,经代业务,永明经代,持牌经纪,堡盛国际,堡盛国际,堡盛国际,香港永明金融有限公司,储蓄,万年青·星河尊享保险计划II,2,预缴,人民币,250000,285000,285000,500000,0,NONPI,,46111,46112,46112,46142,姜通,JK7517,王杰辉
U000987,611237473,生效,众和恒富理财集团有限公司,经代业务,永明经代,持牌经纪,中天家办,中天家办,中天家办,香港永明金融有限公司,储蓄,万年青·星河尊享保险计划II,5,年缴,美金,30000,234000,234000,150000,0,NONPI,,46111,46112,46112,46121,白博文,JK6768,林小莎
J001450,602068697,生效,九富保险服务有限公司,经代业务,同行经代,持牌经纪,天誉国际,云通国际,云通国际,香港永明金融有限公司,储蓄,万年青·星河尊享保险计划II,5,年缴,美金,50000,390000,390000,250000,0,NONPI,15%,46111,46112,46112,46134,姜通,JL2755,唐婧瑶
D10001364,505-9495118,生效,怡泰财富管理有限公司,代理人业务,天领业务,天领机构,天领成都,成都经代,姚净琳,香港安盛保险有限公司,储蓄,盛利II储蓄保险-至尊,5,年缴,美金,20000,156000,156000,100000,0,NONPI,,46097,46112,46112,46135,,JH6936,余迪慷
U000989,611233625,生效,众和恒富理财集团有限公司,经代业务,同行经代,持牌经纪,天誉国际,盈丰资本财富管理（香港）有限公司,盈丰资本财富管理（香港）有限公司,香港永明金融有限公司,储蓄,万年青·星河尊享保险计划II,2,预缴,美金,50000,390000,390000,100000,0,NONPI,,46112,46113,46120,46126,姜通,JK7517,王杰辉
D002172,611221226,生效,怡泰财富管理有限公司,经代业务,BK业务,银行网点,民生银行,民生银行,民生南京分行,香港永明金融有限公司,储蓄,万年青·卓金保险计划II,5,年缴,美金,50000,390000,390000,250000,0,PI,21%,46099,46114,46120,46129,,JH6936,余迪慷
D002171,611221225,生效,怡泰财富管理有限公司,经代业务,BK业务,银行网点,民生银行,民生银行,民生南京分行,香港永明金融有限公司,储蓄,万年青·卓金保险计划II,5,年缴,美金,50000,390000,390000,250000,0,PI,21%,46099,46114,46120,46133,,JH6936,余迪慷
J10001589,602069682,生效,九富保险服务有限公司,代理人业务,天领业务,天领机构,天领重庆,重庆经代,何佳伟,香港永明金融有限公司,储蓄,万年青·星河尊享保险计划II,5,年缴,美金,20000,156000,156000,100000,0,NONPI,,46111,46114,46114,46140,,JJ5633,陈昊锴
J10001598,602069681,生效,九富保险服务有限公司,代理人业务,天领业务,天领机构,天领重庆,重庆经代,何佳伟,香港永明金融有限公司,储蓄,万年青·星河尊享保险计划II,5,年缴,美金,10000,78000,78000,50000,0,NONPI,,46113,46114,46114,46142,,JJ5633,陈昊锴
J001453,602068698,生效,九富保险服务有限公司,经代业务,永明经代,持牌经纪,紫荆保险,紫荆保险,紫荆保险,香港永明金融有限公司,储蓄,万年青·星河传承保险计划II,5,年缴,美金,10000,78000,78000,50000,0,NONPI,,46112,46114,46114,46126,,JL2755,唐婧瑶
J001427,602069549,生效,九富保险服务有限公司,经代业务,同行经代,持牌经纪,天誉国际,云通国际,云通国际,香港永明金融有限公司,储蓄,万年青·星河尊享保险计划II,5,年缴,美金,50000,390000,390000,250000,0,NONPI,15%,46106,46114,46114,46218,姜通,JL5879,李咏媱
J10001616,602068699,生效,九富保险服务有限公司,代理人业务,天领业务,天领机构,天领深圳,大湾区,靳亚萌,香港永明金融有限公司,储蓄,万年青·星河尊享保险计划II,5,预缴,美金,100000,780000,780000,500000,0,NONPI,20%,46111,46117,46120,46139,,JL2755,唐婧瑶
J10001634,602068700,生效,九富保险服务有限公司,代理人业务,天领业务,天领机构,天领重庆,重庆经代,安妮,香港永明金融有限公司,储蓄,万年青·星河传承保险计划II,5,预缴,美金,70000,546000,546000,350000,0,NONPI,100%,46113,46120,46121,46141,,JL2755,唐婧瑶
U000991,611233624,生效,众和恒富理财集团有限公司,经代业务,永明经代,持牌经纪,企鹅保险,企鹅保险,企鹅保险,香港永明金融有限公司,储蓄,万年青·星河尊享保险计划II,2,年缴,人民币,900000,1026000,1026000,1800000,0,NONPI,8%,46119,46121,46122,46139,姜通,JK7517,王杰辉
J001460,602069561,生效,九富保险服务有限公司,经代业务,永明经代,持牌经纪,钜诚保险,钜诚保险,钜诚保险,香港永明金融有限公司,储蓄,万年青·星河尊享保险计划II,5,年缴,美金,20000,156000,156000,100000,0,NONPI,,46118,46121,46115,46160,高瑶,JL5879,李咏媱
J001429,602069566,生效,九富保险服务有限公司,经代业务,永明经代,持牌经纪,万森保险,万森保险,万森保险,香港永明金融有限公司,储蓄,万年青·星河尊享保险计划II,5,年缴,美金,80000,624000,624000,400000,0,NONPI,,46106,46121,46115,46135,高瑶,JL5879,李咏媱
J001428,602069563,生效,九富保险服务有限公司,经代业务,永明经代,持牌经纪,万森保险,万森保险,万森保险,香港永明金融有限公司,储蓄,万年青·星河尊享保险计划II,5,年缴,美金,80000,624000,624000,400000,0,NONPI,,46106,46121,46115,46135,高瑶,JL5879,李咏媱
TY000022,506-1116801,生效,天誉国际财富管理有限公司,经代业务,同行经代,持牌经纪,天誉国际(MGA),盈丰资本财富管理（香港）有限公司,盈丰资本财富管理（香港）有限公司,香港安盛保险有限公司,储蓄,盛利II储蓄保险-至尊,5,预缴,美金,10000,78000,78000,50000,0,NONPI,,46113,46121,46122,46141,姜通,JH9602,余文茜
J001444,602069595,生效,九富保险服务有限公司,经代业务,永明经代,持牌经纪,万森保险,万森保险,万森保险,香港永明金融有限公司,储蓄,万年青·星河尊享保险计划II,2,年缴,人民币,105000,119700,119700,210000,0,NONPI,,46111,46121,46115,46128,高瑶,JL5879,李咏媱
J10001742,602068701,生效,九富保险服务有限公司,代理人业务,成事家办,IYB分公司,杨璐熙,杨璐熙,汤家俊,香港永明金融有限公司,储蓄,万年青·星河尊享保险计划II,5,年缴,美金,17000,132600,132600,85000,0,NONPI,,46119,46121,46121,46127,,JL2755,唐婧瑶
TY000023,1.00042E+11,生效,天誉国际财富管理有限公司,经代业务,同行经代,持牌经纪,天誉国际(MGA),迪岸香港科技有限公司,迪岸香港科技有限公司,立桥人寿保险有限公司,万用寿险,智选储蓄保（20年保障期）,1,整付,美金,25000,195000,19500,,0,NONPI,,46120,46121,46121,46135,姜通,JH9602,余文茜
J001471,602069496,生效,九富保险服务有限公司,经代业务,永明经代,持牌经纪,紫荆保险,紫荆保险,紫荆保险,香港永明金融有限公司,储蓄,万年青·星河尊享保险计划II,2,预缴,美金,180000,1404000,1404000,360000,0,NONPI,8%,46121,46122,46126,46141,,JF7605,林思思
J001472,602068702,生效,九富保险服务有限公司,经代业务,同行经代,持牌经纪,唯思,同智顾问,同智顾问,香港永明金融有限公司,储蓄,万年青·星河尊享保险计划II,2,预缴,美金,35000,273000,273000,70000,0,NONPI,,46121,46122,46122,46183,战略合作,JL2755,唐婧瑶
D002187,611232109,生效,怡泰财富管理有限公司,经代业务,BK业务,银行网点,民生银行,民生银行,民生深圳分行,香港永明金融有限公司,储蓄,万年青·卓金保险计划II,5,年缴,美金,20000,156000,156000,100000,0,NONPI,20%,46120,46122,46125,46129,,JH6936,余迪慷
TY000026,1.00042E+11,生效,天誉国际财富管理有限公司,经代业务,同行经代,持牌经纪,天誉国际(MGA),迪岸香港科技有限公司,迪岸香港科技有限公司,立桥人寿保险有限公司,万用寿险,智选储蓄保（20年保障期）,1,整付,美金,50000,390000,39000,,0,NONPI,,46122,46123,46123,46133,姜通,JH9602,余文茜
J001469,602069300,取消投保,九富保险服务有限公司,经代业务,同行经代,持牌经纪,唯思,同智顾问,同智顾问,香港永明金融有限公司,储蓄,万年青·星河传承保险计划II,2,年缴,美金,40000,312000,312000,80000,0,NONPI,,46121,46123,46127,,战略合作,JF7605,林思思
PI101331,506-1119151,生效,天誉国际财富管理有限公司,经代业务,同行经代,持牌经纪,天誉国际(MGA),迪岸香港科技有限公司,迪岸香港科技有限公司,香港安盛保险有限公司,储蓄,盛利II储蓄保险-至尊,5,年缴,美金,15000,117000,117000,75000,0,NONPI,,46122,46123,46125,46147,姜通,JH9602,余文茜
PI101322,506-1119144,生效,天誉国际财富管理有限公司,经代业务,同行经代,持牌经纪,天誉国际(MGA),迪岸香港科技有限公司,迪岸香港科技有限公司,香港安盛保险有限公司,储蓄,盛利II储蓄保险-至尊,2,年缴,美金,37500,292500,292500,75000,0,NONPI,,46122,46123,46125,46149,姜通,JH9602,余文茜
J001476,602069499,生效,九富保险服务有限公司,经代业务,同行经代,持牌经纪,天誉国际,云通国际,云通国际,香港永明金融有限公司,储蓄,万年青·星河尊享保险计划II,5,年缴,美金,15000,117000,117000,75000,0,NONPI,,46122,46123,46127,46150,姜通,JF7605,林思思
J001474,602069308,生效,九富保险服务有限公司,KA业务,合伙转介业务,持牌转介,总部职能,总部职能,林思思,香港永明金融有限公司,重疾,万家康卓越保,25,年缴,美金,1911,14905.8,14905.8,100000,0,NONPI,,46122,46123,46127,46146,,JF7605,林思思
J10001760,602068703,生效,九富保险服务有限公司,代理人业务,成事家办,IYB分公司,刘微,刘微,徐敬,香港永明金融有限公司,储蓄,万年青·星河尊享保险计划II,2,预缴,美金,30000,234000,234000,60000,0,NONPI,,46122,46125,46125,46129,,JL2755,唐婧瑶
J001463,602068705,生效,九富保险服务有限公司,经代业务,同行经代,持牌经纪,唯思,同智顾问,同智顾问,香港永明金融有限公司,储蓄,万年青·星河尊享保险计划II,2,年缴,美金,38000,296400,296400,,0,NONPI,,46120,46125,46125,46142,战略合作,JL2755,唐婧瑶
U000993,611233629,生效,众和恒富理财集团有限公司,经代业务,同行经代,持牌经纪,唯思,唯思财富顾问,唯思财富顾问,香港永明金融有限公司,重疾,万家康卓越保,20,年缴,美金,1918.5,14964.3,14964.3,150000,0,NONPI,,46120,46125,46127,46129,战略合作,JK7517,王杰辉
U001000,611233832,生效,众和恒富理财集团有限公司,经代业务,永明经代,持牌经纪,堡盛国际,堡盛国际,堡盛国际,香港永明金融有限公司,储蓄,万年青·星河尊享保险计划II,5,年缴,美金,30000,234000,234000,150000,0,NONPI,,46124,46125,46125,46141,姜通,JF7523,吕静文
U000996,611233628,生效,众和恒富理财集团有限公司,经代业务,同行经代,持牌经纪,唯思,唯思财富顾问,唯思财富顾问,香港永明金融有限公司,储蓄,万年青·星河尊享保险计划II,2,预缴,美金,15000,117000,117000,30000,0,NONPI,,46121,46125,46125,46133,战略合作,JK7517,王杰辉
U000998,611233833,生效,众和恒富理财集团有限公司,经代业务,永明经代,持牌经纪,万城保险,万城保险,万城保险,香港永明金融有限公司,储蓄,万年青·星河尊享保险计划II,5,年缴,美金,8500,66300,66300,42500,0,NONPI,,46123,46125,46125,46153,姜通,JF7523,吕静文
J001486,602069559,生效,九富保险服务有限公司,代理人业务,天领业务,天领机构,天领深圳,大湾区,黄莹,香港永明金融有限公司,储蓄,万年青·星河尊享保险计划II,5,预缴,美金,100000,780000,780000,500000,0,NONPI,20%,46125,46125,46127,46160,,JL5879,李咏媱
J10001886,602069558,取消投保,九富保险服务有限公司,代理人业务,天领业务,天领机构,天领深圳,大湾区,黄莹,香港永明金融有限公司,储蓄,万年青·星河尊享保险计划II,5,预缴,美金,60000,468000,468000,300000,0,NONPI,15%,46125,46125,46127,,,JL5879,李咏媱
J10001859,602068706,生效,九富保险服务有限公司,代理人业务,天领业务,天领贴牌,宁波贴牌,宁波,宁波,香港永明金融有限公司,储蓄,万年青·星河尊享保险计划II,5,预缴,美金,50000,390000,390000,250000,0,NONPI,,46125,46125,46125,46150,,JL2755,唐婧瑶
J001468,602068704,生效,九富保险服务有限公司,经代业务,同行经代,持牌经纪,唯思,同智顾问,同智顾问,香港永明金融有限公司,储蓄,万年青·星河尊享保险计划II,2,预缴,美金,55000,429000,429000,110000,0,NONPI,,46121,46126,46126,46136,战略合作,JL2755,唐婧瑶
U000990,611227395,生效,众和恒富理财集团有限公司,经代业务,永明经代,持牌经纪,万城保险,万城保险,杏仁规划,香港永明金融有限公司,储蓄,万年青·星河尊享保险计划II,5,年缴,人民币,100000,114000,114000,500000,0,NONPI,,46113,46126,46126,46135,姜通,JK6768,林小莎
D10001895,1.00042E+11,生效,怡泰财富管理有限公司,代理人业务,天领业务,天领机构,天领重庆,重庆经代,徐雪,立桥人寿保险有限公司,储蓄,智选储蓄保（20年保障期）,1,整付,美金,50000,390000,39000,50000,0,NONPI,,46125,46126,46126,46143,,JH6936,余迪慷
J001485,602068708,生效,九富保险服务有限公司,经代业务,同行经代,持牌经纪,唯思,同智顾问,同智顾问,香港永明金融有限公司,储蓄,万年青·星河尊享保险计划II,2,预缴,美金,100000,780000,780000,200000,0,PI,,46125,46127,46127,46135,战略合作,JL2755,唐婧瑶
J10001958,602068711,拒保,九富保险服务有限公司,代理人业务,成事家办,IYB分公司,刘微,刘微,杨国良,香港永明金融有限公司,人寿,永延保障计划,20,年缴,美金,1523,11879.4,11879.4,100000,0,NONPI,,46126,46127,46129,,,JL2755,唐婧瑶
J10001868,602069686,生效,九富保险服务有限公司,代理人业务,天领业务,天领机构,天领重庆,重庆经代,周蕊,香港永明金融有限公司,储蓄,万年青·星河尊享保险计划II,2,年缴,美金,20000,156000,156000,40000,0,NONPI,,46125,46127,46128,46133,,JJ5633,陈昊锴
J10001913,602069685,取消投保,九富保险服务有限公司,代理人业务,天领业务,天领贴牌,广西贴牌,广西贴牌,韦志明,香港永明金融有限公司,储蓄,万年青·星河尊享保险计划II,5,年缴,美金,5000,39000,39000,25000,0,NONPI,,46126,46127,46128,,,JJ5633,陈昊锴
PI101394,506-1120084,生效,天誉国际财富管理有限公司,经代业务,同行经代,持牌经纪,天誉国际(MGA),宏安证券有限公司,宏安证券有限公司,香港安盛保险有限公司,储蓄,盛利II储蓄保险-至尊,2,年缴,美金,80000,624000,624000,160000,0,NONPI,,46126,46127,46127,46161,姜通,JL6752,王晶晶
PI101385,506-1120050,生效,天誉国际财富管理有限公司,经代业务,同行经代,持牌经纪,天誉国际(MGA),宏安证券有限公司,宏安证券有限公司,香港安盛保险有限公司,储蓄,盛利II储蓄保险-至尊,2,年缴,美金,80000,624000,624000,160000,0,NONPI,,46126,46127,46127,46161,姜通,JL6752,王晶晶
PI101277,506-1120076,取消投保,天誉国际财富管理有限公司,经代业务,同行经代,持牌经纪,天誉国际(MGA),迪岸香港科技有限公司,迪岸香港科技有限公司,香港安盛保险有限公司,储蓄,盛利II储蓄保险-至尊,2,预缴,美金,10000,78000,78000,20000,0,NONPI,,46120,46127,46127,,姜通,JH9602,余文茜
J10001976,602069666,生效,九富保险服务有限公司,代理人业务,天领业务,天领机构,天领深圳,大湾区,林港丰,香港永明金融有限公司,储蓄,万年青·星河传承保险计划II,5,预缴,美金,52500,409500,409500,,0,NONPI,100%,46127,46127,46142,46149,,JJ5633,陈昊锴
U001001,611233664,生效,众和恒富理财集团有限公司,经代业务,永明经代,持牌经纪,企鹅保险,企鹅保险,企鹅保险,香港永明金融有限公司,储蓄,万年青·星河尊享保险计划II,2,预缴,美金,37500,292500,292500,75000,0,NONPI,,46125,46128,46133,46147,姜通,JK6768,林小莎
J001478,602069548,生效,九富保险服务有限公司,经代业务,永明经代,持牌经纪,万森保险,万森保险,万森保险,香港永明金融有限公司,储蓄,万年青·星河尊享保险计划II,2,年缴,人民币,850000,969000,969000,1700000,0,PI,,46122,46128,46130,46160,高瑶,JL5879,李咏媱
J10001805,602069689,生效,九富保险服务有限公司,代理人业务,天领业务,天领机构,天领重庆,重庆经代,黄涵,香港永明金融有限公司,储蓄,万年青·星河尊享保险计划II,5,预缴,美金,10000,78000,78000,,0,NONPI,,46128,46128,46128,46142,,JJ5633,陈昊锴
D002188,611232111,生效,怡泰财富管理有限公司,经代业务,BK业务,银行网点,平安银行,平安银行,平安香港分行徐艳,香港永明金融有限公司,储蓄,永誉传承储蓄计划,1,整付,美金,3000000,23400000,2340000,3000000,1,NONPI,3.50%,46121,46128,46128,46153,,JH6936,余迪慷
J001494,602068709,生效,九富保险服务有限公司,经代业务,同行经代,持牌经纪,唯思,同智顾问,同智顾问,香港永明金融有限公司,储蓄,万年青·星河尊享保险计划II,5,年缴,美金,20000,156000,156000,100000,0,NONPI,,46127,46128,46128,46136,战略合作,JL2755,唐婧瑶
J001462,602069544,生效,九富保险服务有限公司,经代业务,永明经代,持牌经纪,万森保险,万森保险,万森保险,香港永明金融有限公司,储蓄,万年青·星河尊享保险计划II,5,年缴,人民币,100000,114000,114000,500000,0,NONPI,,46119,46128,46130,46141,高瑶,JL5879,李咏媱
U001002,611233834,生效,众和恒富理财集团有限公司,经代业务,永明经代,持牌经纪,万城保险,万城保险,万城保险,香港永明金融有限公司,储蓄,万年青·星河尊享保险计划II,2,预缴,美金,25000,195000,195000,50000,0,NONPI,,46125,46129,46129,46139,姜通,JF7523,吕静文
D002191,611232113,生效,怡泰财富管理有限公司,经代业务,BK业务,银行网点,民生银行,民生银行,民生上海分行,香港永明金融有限公司,储蓄,万年青·卓金保险计划II,5,年缴,美金,100000,780000,780000,500000,0,PI,21%,46121,46129,46132,46142,,JH6936,余迪慷
D002190,611232112,生效,怡泰财富管理有限公司,经代业务,BK业务,银行网点,民生银行,民生银行,民生上海分行,香港永明金融有限公司,储蓄,万年青·卓金保险计划II,5,年缴,美金,100000,780000,780000,500000,0,PI,21%,46121,46129,46132,46149,,JH6936,余迪慷
D002189,611231866,生效,怡泰财富管理有限公司,经代业务,BK业务,银行网点,民生银行,民生银行,民生上海分行,香港永明金融有限公司,储蓄,万年青·卓金保险计划II,5,年缴,美金,50000,390000,390000,,0,PI,21%,46121,46129,46129,46136,,JF2281,赖晔敏
J001470,602069592,生效,九富保险服务有限公司,经代业务,永明经代,持牌经纪,万森保险,万森保险,万森保险,香港永明金融有限公司,储蓄,万年青·星河尊享保险计划II,5,预缴,美金,50000,390000,390000,250000,0,NONPI,15%,46121,46129,46131,46209,高瑶,JL5879,李咏媱
J001493,602069560,生效,九富保险服务有限公司,经代业务,同行经代,持牌经纪,唯思,同智顾问,同智顾问,香港永明金融有限公司,储蓄,万年青·星河尊享保险计划II,5,年缴,美金,30000,234000,234000,150000,0,NONPI,,46126,46129,46131,46141,战略合作,JL5879,李咏媱
TY000032,506-1120431,生效,天誉国际财富管理有限公司,经代业务,同行经代,持牌经纪,天誉国际(MGA),宏安证券有限公司,宏安证券有限公司,香港安盛保险有限公司,储蓄,盛利II储蓄保险-至尊,2,预缴,美金,73320,571896,571896,146640,0,NONPI,,46126,46129,46132,46139,姜通,JH9602,余文茜
U001007,611233835,取消投保,众和恒富理财集团有限公司,KA业务,合伙转介业务,持牌转介,总部职能,总部职能,王钟轶,香港永明金融有限公司,储蓄,万年青·星河尊享保险计划II,5,预缴,美金,13496.6,105273.48,105273.48,67483,0,NONPI,,46128,46129,46140,,,JF7523,吕静文
U000997,988530286,生效,众和恒富理财集团有限公司,KA业务,合伙转介业务,持牌转介,总部职能,总部职能,王钟轶,香港永明金融有限公司,医疗,永明满心医疗保,54,年缴,港币,15186,15186,15186,,0,NONPI,,46122,46129,46140,46168,,JF7523,吕静文
J001481,602069596,生效,九富保险服务有限公司,经代业务,同行经代,持牌经纪,天誉国际,宏安证券有限公司,宏安证券有限公司,香港永明金融有限公司,储蓄,万年青·星河尊享保险计划II,2,预缴,美金,40000,312000,312000,80000,0,NONPI,,46125,46129,46131,46157,姜通,JL5879,李咏媱
J001500,602069572,取消投保,九富保险服务有限公司,经代业务,永明经代,持牌经纪,紫荆保险,紫荆保险,紫荆保险,香港永明金融有限公司,储蓄,万年青·星河尊享保险计划II,2,预缴,人民币,200000,228000,228000,400000,0,NONPI,,46128,46130,46132,46142,,JL5879,李咏媱
J001479,602069550,生效,九富保险服务有限公司,经代业务,永明经代,持牌经纪,紫荆保险,紫荆保险,紫荆保险,香港永明金融有限公司,储蓄,万年青·星河尊享保险计划II,5,年缴,美金,20000,156000,156000,100000,0,NONPI,,46123,46130,46132,46140,,JL5879,李咏媱
J001480,602069551,生效,九富保险服务有限公司,经代业务,永明经代,持牌经纪,紫荆保险,紫荆保险,紫荆保险,香港永明金融有限公司,储蓄,万年青·星河尊享保险计划II,2,年缴,美金,30000,234000,234000,60000,0,NONPI,,46123,46130,46132,46136,,JL5879,李咏媱
J001507,602068710,生效,九富保险服务有限公司,经代业务,同行经代,持牌经纪,唯思,同智顾问,同智顾问,香港永明金融有限公司,重疾,万家康卓越保,20,年缴,美金,1692,13197.6,13197.6,150000,0,NONPI,,46129,46130,46130,46154,战略合作,JL2755,唐婧瑶
J001508,0,取消投保,九富保险服务有限公司,经代业务,同行经代,持牌经纪,唯思,同智顾问,同智顾问,香港永明金融有限公司,储蓄,万年青·星河尊享保险计划II,5,年缴,美金,30000,234000,234000,150000,0,NONPI,,46129,46130,46132,,战略合作,JL2755,唐婧瑶
J10001832,602069553,生效,九富保险服务有限公司,代理人业务,天领业务,天领机构,天领重庆,重庆经代,卢诗敔,香港永明金融有限公司,重疾,万家康尊尚保,20,年缴,美金,1178.8,9194.64,9194.64,70000,0,NONPI,,46125,46130,46132,46139,,JL5879,李咏媱
J10001796,602069552,生效,九富保险服务有限公司,代理人业务,天领业务,天领机构,天领重庆,重庆经代,卢诗敔,香港永明金融有限公司,重疾,万家康尊尚保,20,年缴,美金,1080.8,8430.24,8430.24,70000,0,NONPI,,46125,46130,46132,46136,,JL5879,李咏媱
D002202,611232054,取消投保,怡泰财富管理有限公司,经代业务,BK业务,银行网点,民生银行,民生银行,民生郑州分行,香港永明金融有限公司,储蓄,万年青·卓金保险计划II,5,年缴,美金,30000,234000,234000,150000,0,NONPI,,46131,46132,46146,,,JH6936,余迪慷
D002193,611231867,生效,怡泰财富管理有限公司,经代业务,BK业务,银行网点,民生银行,民生银行,民生南京分行,香港永明金融有限公司,储蓄,万年青·卓金保险计划II,5,年缴,美金,50000,390000,390000,250000,0,PI,21%,46122,46132,46132,46149,,JF2281,赖晔敏
J001490,602069570,生效,九富保险服务有限公司,经代业务,永明经代,持牌经纪,万森保险,万森保险,万森保险,香港永明金融有限公司,储蓄,万年青·星河尊享保险计划II,2,年缴,美金,75000,585000,585000,150000,0,NONPI,,46126,46132,46134,46160,高瑶,JL5879,李咏媱
D002192,611232053,生效,怡泰财富管理有限公司,经代业务,BK业务,银行网点,民生银行,民生银行,民生南京分行,香港永明金融有限公司,储蓄,万年青·卓金保险计划II,5,年缴,美金,50000,390000,390000,250000,0,PI,21%,46122,46132,46134,46136,,IA6464,连亮晴
U001005,611233627,退保,众和恒富理财集团有限公司,经代业务,同行经代,持牌经纪,天誉国际,宏安证券有限公司,宏安证券有限公司,香港永明金融有限公司,储蓄,万年青·星河尊享保险计划II,5,年缴,人民币,400000,456000,456000,2000000,0,NONPI,,46128,46132,46134,46140,姜通,JK7517,王杰辉
L000124,711000018,生效,利泰丰财富管理有限公司,代理人业务,天领业务,天领机构,天领重庆,重庆经代,李衡,香港永明金融有限公司,万用寿险,永尚指数型万用寿险,1,整付,美金,3500000,27300000,2730000,,0,NONPI,,46132,46132,46139,46140,,,黄子峰
L000123,711000013,生效,利泰丰财富管理有限公司,代理人业务,天领业务,天领机构,天领重庆,重庆经代,李衡,香港永明金融有限公司,万用寿险,永尚指数型万用寿险,1,整付,美金,1000000,7800000,780000,,0,NONPI,,46132,46132,46139,46140,,,黄子峰
J10001517,602069688,生效,九富保险服务有限公司,代理人业务,天领业务,天领机构,天领重庆,重庆经代,舒钰雯,香港永明金融有限公司,储蓄,万年青·星河尊享保险计划II,2,预缴,美金,36500,284700,284700,73000,0,NONPI,,46111,46132,46134,46141,,JJ5633,陈昊锴
Y000070,8201202618,生效,盈富理财顾问有限公司,代理人业务,天领业务,天领机构,天领重庆,重庆经代,程琦,中国人寿保险（海外）股份有限公司（澳门）,储蓄,裕饶传承储蓄保险计划III,5,预缴,港币,1000000,1000000,1000000,5000000,1,NONPI,,46128,46133,46135,46140,,,盈富助理
U001010,611233671,生效,众和恒富理财集团有限公司,经代业务,永明经代,持牌经纪,万城保险,万城保险,杏仁规划,香港永明金融有限公司,储蓄,万年青·星河尊享保险计划II,2,预缴,美金,75000,585000,585000,150000,0,NONPI,,46132,46133,46133,46136,姜通,JK6768,林小莎
U101700,602069557,生效,九富保险服务有限公司,经代业务,同行经代,持牌经纪,天誉国际,宏安证券有限公司,宏安证券有限公司,香港永明金融有限公司,储蓄,万年青·星河尊享保险计划II,2,年缴,人民币,350000,399000,399000,700000,0,NONPI,6%,46130,46133,46135,46154,姜通,JL5879,李咏媱
PI101673,506-1121397,生效,天誉国际财富管理有限公司,经代业务,同行经代,持牌经纪,天誉国际(MGA),宏安证券有限公司,宏安证券有限公司,香港安盛保险有限公司,储蓄,盛利II储蓄保险-至尊,5,年缴,人民币,100000,114000,114000,500000,0,NONPI,,46132,46133,46134,46148,姜通,JH9602,余文茜
U001006,611233668,生效,众和恒富理财集团有限公司,经代业务,永明经代,持牌经纪,中天家办,中天家办,中天家办,香港永明金融有限公司,储蓄,万年青·星河尊享保险计划II,2,预缴,美金,150000,1170000,1170000,300000,0,NONPI,,46128,46133,46133,46142,白博文,JK6768,林小莎
J001562,602069556（1）,生效,九富保险服务有限公司,经代业务,同行经代,持牌经纪,唯思,同智顾问,同智顾问,香港永明金融有限公司,医疗,身故还原保障,20,年缴,美金,273,2129.4,2129.4,,0,NONPI,,46129,46133,46135,46183,战略合作,JL5879,李咏媱
J001561,602069555（1）,生效,九富保险服务有限公司,经代业务,同行经代,持牌经纪,唯思,同智顾问,同智顾问,香港永明金融有限公司,医疗,身故还原保障,20,年缴,美金,273,2129.4,2129.4,,0,NONPI,,46129,46133,46135,46164,战略合作,JL5879,李咏媱
J001502,602068713,取消投保,九富保险服务有限公司,经代业务,同行经代,持牌经纪,唯思,同智顾问,同智顾问,香港永明金融有限公司,人寿,永延保障计划,20,年缴,美金,6250,48750,48750,500000,0,NONPI,,46129,46133,46135,,战略合作,JL2755,唐婧瑶
J001501,602068712,生效,九富保险服务有限公司,经代业务,同行经代,持牌经纪,唯思,同智顾问,同智顾问,香港永明金融有限公司,储蓄,万年青·星河尊享保险计划II,5,预缴,美金,20000,156000,156000,100000,0,NONPI,,46129,46133,46135,46147,战略合作,JL2755,唐婧瑶
J001505,602069556,生效,九富保险服务有限公司,经代业务,同行经代,持牌经纪,唯思,同智顾问,同智顾问,香港永明金融有限公司,重疾,万家康尊尚保,20,年缴,美金,1364,10639.2,10639.2,100000,0,NONPI,,46129,46133,46135,46183,战略合作,JL5879,李咏媱
J001504,602069555,生效,九富保险服务有限公司,经代业务,同行经代,持牌经纪,唯思,同智顾问,同智顾问,香港永明金融有限公司,重疾,万家康尊尚保,20,年缴,美金,1364,10639.2,10639.2,100000,0,NONPI,,46129,46133,46135,46164,战略合作,JL5879,李咏媱
J001506,602069554,生效,九富保险服务有限公司,经代业务,同行经代,持牌经纪,唯思,同智顾问,同智顾问,香港永明金融有限公司,人寿,永延保障计划,20,年缴,美金,6880,53664,53664,500000,0,NONPI,,46129,46133,46135,46191,战略合作,JL5879,李咏媱
PI101637,1.00042E+11,生效,天誉国际财富管理有限公司,经代业务,同行经代,持牌经纪,天誉国际(MGA),宏安证券有限公司,宏安证券有限公司,立桥人寿保险有限公司,储蓄,智选储蓄保（20年保障期）,1,整付,美金,110000,858000,85800,110000,0,NONPI,,46129,46133,46133,46147,姜通,JH9602,余文茜
PI101646,1.00042E+11,生效,天誉国际财富管理有限公司,经代业务,同行经代,持牌经纪,天誉国际(MGA),宏安证券有限公司,宏安证券有限公司,立桥人寿保险有限公司,储蓄,智选储蓄保（20年保障期）,1,整付,美金,50000,390000,39000,50000,0,NONPI,,46129,46133,46133,46153,姜通,JH9602,余文茜
U001008,611233667,生效,众和恒富理财集团有限公司,经代业务,永明经代,持牌经纪,富仕德,富仕德,富仕德,香港永明金融有限公司,储蓄,万年青·星河尊享保险计划II,2,年缴,人民币,400000,456000,456000,800000,0,NONPI,,46129,46133,46134,46183,,JF7523,吕静文
J001510,602069573,生效,九富保险服务有限公司,经代业务,永明经代,持牌经纪,万森保险,万森保险,万森保险,香港永明金融有限公司,储蓄,万年青·星河尊享保险计划II,5,年缴,人民币,25000,28500,28500,125000,0,NONPI,,46132,46133,46135,46142,高瑶,JL5879,李咏媱
D002201,611231868,生效,怡泰财富管理有限公司,经代业务,BK业务,银行网点,平安银行,平安银行,平安香港分行徐艳,香港永明金融有限公司,储蓄,万年青·卓金保险计划II,2,年缴,美金,50000,390000,390000,100000,0,PI,8%,46129,46134,46140,46171,,IA6464,连亮晴
U10001922,1.00042E+11,生效,怡泰财富管理有限公司,代理人业务,成事家办,IYB分公司,刘微,刘微,虞瑾,立桥人寿保险有限公司,储蓄,智选储蓄保（20年保障期）,1,整付,美金,250000,1950000,195000,250000,0,NONPI,,46125,46134,46134,46148,,JH6936,余迪慷
J101727,611233680,取消投保,众和恒富理财集团有限公司,经代业务,同行经代,持牌经纪,天誉国际,宏安证券有限公司,宏安证券有限公司,香港永明金融有限公司,储蓄,万年青·星河尊享保险计划II,5,预缴,美金,120000,936000,936000,600000,0,PI,20%,46130,46134,46134,,姜通,JK7517,王杰辉
J10001985,602068715,生效,九富保险服务有限公司,代理人业务,成事家办,IYB分公司,杨洪美,杨洪美,于萍,香港永明金融有限公司,储蓄,万年青·星河尊享保险计划II,5,预缴,美金,30000,234000,234000,150000,0,NONPI,,46127,46134,46135,46157,,JL2755,唐婧瑶
W10001904,505-9523091,生效,怡泰财富管理有限公司,代理人业务,成事家办,IYB分公司,刘微,刘微,虞瑾,香港安盛保险有限公司,储蓄,盛利II储蓄保险-至尊,2,年缴,美金,100000,780000,780000,200000,0,NONPI,,46125,46134,46134,46142,,JH6936,余迪慷
PI101682,506-1171897,生效,天誉国际财富管理有限公司,经代业务,同行经代,持牌经纪,天誉国际(MGA),宏安证券有限公司,宏安证券有限公司,香港安盛保险有限公司,储蓄,盛利II储蓄保险-至尊,2,预缴,美金,100000,780000,780000,,0,PI,,46132,46134,46134,46141,姜通,JH9602,余文茜
J001512,602068716,生效,九富保险服务有限公司,经代业务,同行经代,持牌经纪,唯思,同智顾问,同智顾问,香港永明金融有限公司,储蓄,万年青·星河传承保险计划II,5,年缴,美金,20000,156000,156000,100000,0,NONPI,,46132,46134,46135,46142,战略合作,JL2755,唐婧瑶
J001458,602068717,生效,九富保险服务有限公司,经代业务,永明经代,持牌经纪,万森保险,万森保险,万森保险,香港永明金融有限公司,储蓄,万年青·星河尊享保险计划II,2,年缴,美金,25000,195000,195000,50000,0,NONPI,,46115,46134,46135,46155,高瑶,JL2755,唐婧瑶
J101871,611233674,生效,众和恒富理财集团有限公司,经代业务,同行经代,持牌经纪,天誉国际,盈丰资本财富管理（香港）有限公司,盈丰资本财富管理（香港）有限公司,香港永明金融有限公司,储蓄,万年青·星河尊享保险计划II,5,预缴,美金,50000,390000,390000,250000,0,PI,15%,46134,46135,46140,46157,姜通,JK6768,林小莎
J001521,602068718,生效,九富保险服务有限公司,经代业务,同行经代,持牌经纪,唯思,同智顾问,同智顾问,香港永明金融有限公司,储蓄,万年青·星河尊享保险计划II,2,年缴,美金,75000,585000,585000,150000,0,NONPI,,46133,46135,46135,46170,战略合作,JL2755,唐婧瑶
PI101925,1.00042E+11,生效,天誉国际财富管理有限公司,经代业务,同行经代,持牌经纪,天誉国际(MGA),宏安证券有限公司,宏安证券有限公司,立桥人寿保险有限公司,储蓄,智选储蓄保（20年保障期）,1,整付,美金,12500,97500,9750,12500,0,NONPI,,46134,46135,46135,46156,姜通,JH9602,余文茜
PI101898,506-1174990,取消投保,天誉国际财富管理有限公司,经代业务,同行经代,持牌经纪,天誉国际(MGA),宏安证券有限公司,宏安证券有限公司,香港安盛保险有限公司,储蓄,盛利II储蓄保险-至尊,2,预缴,美金,55400,432120,432120,110800,0,NONPI,,46134,46135,46136,,姜通,JH9602,余文茜
J10002093,602069687,生效,九富保险服务有限公司,代理人业务,天领业务,天领贴牌,台州,台州,台州,香港永明金融有限公司,储蓄,万年青·星河传承保险计划II,5,年缴,美金,10000,78000,78000,50000,0,NONPI,,46134,46135,46142,46141,,JJ5633,陈昊锴
U000992,8123496671,生效,众和恒富理财集团有限公司,代理人业务,成事家办,IYB分公司,杨璐熙,杨璐熙,姜丽梅,中国人寿保险（海外）股份有限公司（香港）,储蓄,傲珑盛世储蓄保险计划,5,年缴,人民币,200000,228000,228000,1000000,0,NONPI,,46120,46135,46148,46164,,JK6768,林小莎
PI101880,506-1174982,生效,天誉国际财富管理有限公司,经代业务,同行经代,持牌经纪,天誉国际(MGA),宏安证券有限公司,宏安证券有限公司,香港安盛保险有限公司,储蓄,盛利II储蓄保险-至尊,2,预缴,美金,73000,569400,569400,146000,0,NONPI,,46134,46135,46136,46176,姜通,JH9602,余文茜
U000986,611233670,生效,众和恒富理财集团有限公司,KA业务,ICLUB业务,异业机构转介,个人转介,廖小凤,廖小凤,香港永明金融有限公司,重疾,万家康卓越保,25,年缴,美金,2412,18813.6,18813.6,150000,0,NONPI,,46111,46136,46140,46155,,JF7523,吕静文
PI101862,1.00043E+11,生效,天誉国际财富管理有限公司,经代业务,同行经代,持牌经纪,天誉国际(MGA),宏安证券有限公司,宏安证券有限公司,立桥人寿保险有限公司,储蓄,智选储蓄保（20年保障期）,1,整付,美金,30000,234000,23400,30000,0,NONPI,,46134,46136,46136,46154,姜通,JH9602,余文茜
J001514,602069502,生效,九富保险服务有限公司,经代业务,永明经代,持牌经纪,紫荆保险,紫荆保险,紫荆保险,香港永明金融有限公司,储蓄,万年青·星河尊享保险计划II,2,预缴,美金,250000,1950000,1950000,500000,0,NONPI,,46133,46136,46136,46160,,JF7605,林思思
D10002003,1.00042E+11,取消投保,怡泰财富管理有限公司,代理人业务,天领业务,天领贴牌,厦门贴牌,厦门荣富,龚荣富,立桥人寿保险有限公司,储蓄,智选储蓄保（20年保障期）,1,整付,美金,15000,117000,11700,15000,0,NONPI,,46127,46136,46136,,,JH6936,余迪慷
J10002039,602069692,生效,九富保险服务有限公司,代理人业务,天领业务,天领贴牌,厦门贴牌,厦门荣富,龚荣富,香港永明金融有限公司,储蓄,万年青·星河尊享保险计划II,5,年缴,美金,10000,78000,78000,50000,0,NONPI,,46134,46136,46142,46141,,JJ5633,陈昊锴
D10002012,1.00042E+11,生效,怡泰财富管理有限公司,代理人业务,天领业务,天领贴牌,厦门贴牌,厦门荣富,龚荣富,立桥人寿保险有限公司,储蓄,智选储蓄保（20年保障期）,1,整付,美金,50000,390000,39000,50000,0,NONPI,,46127,46136,46136,46153,,JH6936,余迪慷
D10002048,1.00042E+11,生效,怡泰财富管理有限公司,代理人业务,天领业务,天领贴牌,厦门贴牌,厦门荣富,龚荣富,立桥人寿保险有限公司,储蓄,智选储蓄保（20年保障期）,1,整付,美金,50000,390000,39000,50000,0,NONPI,,46127,46136,46136,46153,,JH6936,余迪慷
FU000021,8123489537,生效,泰溢国际有限公司,代理人业务,天领业务,天领贴牌,厦门贴牌,厦门荣富,龚荣富,中国人寿保险（海外）股份有限公司（香港）,储蓄,丰盛连年储蓄保险计划,5,年缴,美金,10000,78000,78000,50000,0,NONPI,,46132,46136,46136,46150,,JJ9569,杜咏婷
U001013,611233677,生效,众和恒富理财集团有限公司,经代业务,永明经代,持牌经纪,中天家办,中天家办,中天家办,香港永明金融有限公司,储蓄,万年青·星河尊享保险计划II,5,预缴,美金,50000,390000,390000,250000,0,PI,,46133,46136,46140,46149,白博文,JK6768,林小莎
U001039,611233836（1）,取消投保,众和恒富理财集团有限公司,经代业务,同行经代,持牌经纪,唯思,唯思财富顾问,唯思财富顾问,香港永明金融有限公司,医疗,综合意外保障（职业类别1）,36,年缴,美金,675,5265,5265,,0,NONPI,,46136,46136,46153,,战略合作,JF7523,吕静文
U001023,611233836,取消投保,众和恒富理财集团有限公司,经代业务,同行经代,持牌经纪,唯思,唯思财富顾问,唯思财富顾问,香港永明金融有限公司,重疾,万家康卓越保,15,年缴,美金,5109,39850.2,39850.2,,0,NONPI,,46136,46136,46153,,战略合作,JF7523,吕静文
J10002183,602069695,生效,九富保险服务有限公司,代理人业务,天领业务,天领机构,天领重庆,重庆经代,姚晖,香港永明金融有限公司,储蓄,万年青·星河尊享保险计划II,5,年缴,美金,3000,23400,23400,15000,0,NONPI,,46136,46137,46142,46147,,JJ5633,陈昊锴
D101889,611232117,生效,怡泰财富管理有限公司,经代业务,BK业务,银行网点,民生银行,民生银行,民生香港分行梁驹团队,香港永明金融有限公司,储蓄,永誉传承储蓄计划,1,整付,美金,1000000,7800000,780000,1000000,1,NONPI,3.50%,46134,46137,46140,46209,,JH6936,余迪慷
J10002192,602069690,生效,九富保险服务有限公司,代理人业务,天领业务,天领机构,天领重庆,重庆经代,姚晖,香港永明金融有限公司,储蓄,万年青·星河尊享保险计划II,5,年缴,美金,10000,78000,78000,50000,0,NONPI,,46136,46137,46142,46147,,JJ5633,陈昊锴
J001534,602069694,生效,九富保险服务有限公司,经代业务,永明经代,持牌经纪,万森保险,万森保险,万森保险,香港永明金融有限公司,储蓄,万年青·星河尊享保险计划II,5,预缴,美金,32000,249600,249600,160000,0,NONPI,,46136,46137,46142,46160,高瑶,JJ5633,陈昊锴
D10002381,1.00042E+11,生效,怡泰财富管理有限公司,代理人业务,天领业务,天领贴牌,厦门贴牌,厦门荣富,龚荣富,立桥人寿保险有限公司,储蓄,智选储蓄保（20年保障期）,1,整付,美金,50000,390000,39000,50000,0,NONPI,,46137,46137,46137,46148,,JH6936,余迪慷
J10002129,602069691,生效,九富保险服务有限公司,代理人业务,天领业务,天领贴牌,广西贴牌,广西贴牌,吕红,香港永明金融有限公司,储蓄,万年青·星河尊享保险计划II,5,预缴,美金,10000,78000,78000,50000,0,NONPI,,46133,46137,46142,46156,,JJ5633,陈昊锴
J001530,602069693,生效,九富保险服务有限公司,经代业务,永明经代,持牌经纪,紫荆保险,紫荆保险,紫荆保险,香港永明金融有限公司,储蓄,万年青·星河尊享保险计划II,5,预缴,美金,20000,156000,156000,100000,0,NONPI,,46135,46137,46146,46195,,JJ5633,陈昊锴
PI102078,1.00043E+11,生效,天誉国际财富管理有限公司,经代业务,同行经代,持牌经纪,天誉国际(MGA),宏安证券有限公司,宏安证券有限公司,立桥人寿保险有限公司,储蓄,智选储蓄保（20年保障期）,1,整付,美金,106383,829787.4,82978.74,106383,0,NONPI,,46138,46139,46139,46156,姜通,JL6752,王晶晶
J10002111,602069698,生效,九富保险服务有限公司,代理人业务,天领业务,天领机构,天领重庆,重庆经代,王华,香港永明金融有限公司,储蓄,万年青·星河尊享保险计划II,2,年缴,人民币,140000,159600,159600,280000,0,NONPI,,46139,46139,46141,46162,,JJ5633,陈昊锴
J10002120,602069697,生效,九富保险服务有限公司,代理人业务,天领业务,天领机构,天领重庆,重庆经代,王华,香港永明金融有限公司,储蓄,万年青·星河尊享保险计划II,2,年缴,人民币,140000,159600,159600,280000,0,NONPI,,46139,46139,46141,46162,,JJ5633,陈昊锴
U102069,611233838,生效,众和恒富理财集团有限公司,经代业务,同行经代,持牌经纪,天誉国际,宏安证券有限公司,宏安证券有限公司,香港永明金融有限公司,储蓄,万年青·星河传承保险计划II,2,预缴,美金,700000,5460000,5460000,1400000,0,PI,8%,46136,46139,46141,46154,姜通,JF7523,吕静文
D101808,611232124,生效,怡泰财富管理有限公司,经代业务,BK业务,银行网点,民生银行,民生银行,民生昆明分行,香港永明金融有限公司,储蓄,万年青·卓金保险计划II,5,预缴,美金,20000,156000,156000,100000,0,NONPI,20%,46133,46139,46141,46154,,JH6936,余迪慷
J001513,602069571,生效,九富保险服务有限公司,经代业务,同行经代,持牌经纪,唯思,同智顾问,同智顾问,香港永明金融有限公司,储蓄,万年青·星河尊享保险计划II,5,年缴,美金,20000,156000,156000,100000,0,NONPI,,46132,46139,46141,46154,战略合作,JL5879,李咏媱
U001022,611233666,生效,众和恒富理财集团有限公司,经代业务,永明经代,持牌经纪,万城保险,万城保险,杏仁规划,香港永明金融有限公司,储蓄,万年青·星河尊享保险计划II,2,预缴,美金,100000,780000,780000,200000,0,NONPI,8%,46136,46139,46140,46195,姜通,JK6768,林小莎
D102024,611232118,生效,怡泰财富管理有限公司,经代业务,BK业务,银行网点,民生银行,民生银行,民生南京分行,香港永明金融有限公司,储蓄,万年青·卓金保险计划II,5,预缴,美金,50000,390000,390000,250000,0,PI,59%,46136,46139,46141,46156,,JH6936,余迪慷
J001531,602068720,生效,九富保险服务有限公司,经代业务,同行经代,持牌经纪,唯思,同智顾问,同智顾问,香港永明金融有限公司,储蓄,万年青·星河尊享保险计划II,2,预缴,美金,35000,273000,273000,70000,0,NONPI,,46135,46139,46142,46171,战略合作,JL2755,唐婧瑶
J001532,602068719,生效,九富保险服务有限公司,经代业务,同行经代,持牌经纪,唯思,同智顾问,同智顾问,香港永明金融有限公司,储蓄,万年青·星河尊享保险计划II,2,预缴,美金,35000,273000,273000,70000,0,NONPI,,46135,46139,46142,46176,战略合作,JL2755,唐婧瑶
Y000071,8201204256,生效,盈富理财顾问有限公司,经代业务,同行经代,持牌经纪,天誉国际,迪岸香港科技有限公司,迪岸香港科技有限公司,中国人寿保险（海外）股份有限公司（澳门）,储蓄,裕饶传承储蓄保险计划III,5,预缴,港币,2000000,2000000,2000000,10000000,1,NONPI,10%,46135,46139,46141,46154,姜通,,盈富助理
PI101844,506-1174354,生效,天誉国际财富管理有限公司,经代业务,同行经代,持牌经纪,天誉国际(MGA),宏安证券有限公司,宏安证券有限公司,香港安盛保险有限公司,储蓄,盛利II储蓄保险-至尊,2,预缴,美金,200000,1560000,1560000,400000,0,NONPI,,46134,46139,46140,46168,姜通,JH9602,余文茜
J001519,602069574,生效,九富保险服务有限公司,经代业务,永明经代,持牌经纪,裕承资产,裕承资产,裕承资产,香港永明金融有限公司,储蓄,万年青·星河尊享保险计划II,5,年缴,美金,20000,156000,156000,100000,0,NONPI,,46133,46139,46141,46160,白博文,JL5879,李咏媱
J10001769,602069696,生效,九富保险服务有限公司,代理人业务,天领业务,天领贴牌,武汉贴牌,武汉贴牌,王露,香港永明金融有限公司,储蓄,万年青·星河尊享保险计划II,5,预缴,美金,30000,234000,234000,150000,0,NONPI,,46125,46139,46135,46160,,JJ5633,陈昊锴
U001020,611233788,生效,众和恒富理财集团有限公司,经代业务,永明经代,持牌经纪,万城保险,万城保险,杏仁规划,香港永明金融有限公司,储蓄,万年青·星河尊享保险计划II,2,预缴,美金,93500,729300,729300,187000,0,NONPI,6%,46136,46139,46140,46176,姜通,JK6768,林小莎
J10002255,602069701,生效,九富保险服务有限公司,代理人业务,天领业务,天领贴牌,广西贴牌,广西贴牌,唐艳,香港永明金融有限公司,储蓄,万年青·星河尊享保险计划II,5,年缴,美金,50000,390000,390000,250000,0,NONPI,,46135,46140,46142,46160,,JJ5633,陈昊锴
U102132,602069575,生效,九富保险服务有限公司,经代业务,同行经代,持牌经纪,天誉国际,宏安证券有限公司,宏安证券有限公司,香港永明金融有限公司,储蓄,万年青·星河尊享保险计划II,5,年缴,美金,10000,78000,78000,50000,0,NONPI,,46139,46140,46142,46147,姜通,JL5879,李咏媱
U102177,1.00042E+11,生效,天誉国际财富管理有限公司,经代业务,同行经代,持牌经纪,天誉国际(MGA),宏安证券有限公司,宏安证券有限公司,立桥人寿保险有限公司,储蓄,智选储蓄保（20年保障期）,1,整付,美金,15000,117000,11700,15000,0,NONPI,,46139,46140,46140,46156,姜通,JL6752,王晶晶
J10002030,602069578,生效,九富保险服务有限公司,代理人业务,成事家办,IYB分公司,杨璐熙,杨璐熙,汤家俊,香港永明金融有限公司,储蓄,万年青·星河尊享保险计划II,5,年缴,美金,10000,78000,78000,50000,0,NONPI,,46132,46140,46142,46147,,JL5879,李咏媱
U102087,611233679,生效,众和恒富理财集团有限公司,经代业务,同行经代,持牌经纪,天誉国际,宏安证券有限公司,宏安证券有限公司,香港永明金融有限公司,储蓄,万年青·星河尊享保险计划II,2,年缴,人民币,172500,196650,196650,,0,NONPI,,46137,46140,46140,46149,姜通,JK7517,王杰辉
U102096,602068722,生效,九富保险服务有限公司,经代业务,同行经代,持牌经纪,天誉国际,宏安证券有限公司,宏安证券有限公司,香港永明金融有限公司,储蓄,万年青·星河尊享保险计划II,2,预缴,美金,150000,1170000,1170000,300000,0,NONPI,8%,46137,46140,46142,46171,姜通,JL2755,唐婧瑶
J001538,602068721,生效,九富保险服务有限公司,经代业务,同行经代,持牌经纪,唯思,同智顾问,同智顾问,香港永明金融有限公司,储蓄,万年青·星河传承保险计划II,5,年缴,美金,15000,117000,117000,75000,0,PI,,46139,46140,46142,46147,战略合作,JL2755,唐婧瑶
J001464,602069576,生效,九富保险服务有限公司,经代业务,同行经代,持牌经纪,唯思,同智顾问,同智顾问,香港永明金融有限公司,储蓄,万年青·星河尊享保险计划II,2,预缴,美金,20000,156000,156000,40000,0,NONPI,,46120,46140,46142,46148,战略合作,JL5879,李咏媱
U101916,602068723,生效,九富保险服务有限公司,经代业务,同行经代,持牌经纪,天誉国际,宏安证券有限公司,宏安证券有限公司,香港永明金融有限公司,储蓄,万年青·星河尊享保险计划II,2,预缴,美金,40000,312000,312000,80000,0,NONPI,,46134,46140,46142,46169,姜通,JL2755,唐婧瑶
J001541,602069579,生效,九富保险服务有限公司,KA业务,合伙转介业务,同行机构转介,懿丰家族,懿丰家族,Henry,香港永明金融有限公司,储蓄,万年青·星河传承保险计划II,5,预缴,美金,50000,390000,390000,250000,0,NONPI,100%,46139,46140,46142,46153,,JL5879,李咏媱
PI102051,506-1178512,生效,天誉国际财富管理有限公司,经代业务,同行经代,持牌经纪,天誉国际(MGA),宏安证券有限公司,宏安证券有限公司,香港安盛保险有限公司,储蓄,盛利II储蓄保险-至尊,5,年缴,美金,2000,15600,15600,10000,0,NONPI,,46139,46140,46142,46157,姜通,JL6752,王晶晶
J001497,602068724,生效,九富保险服务有限公司,经代业务,永明经代,持牌经纪,紫荆保险,紫荆保险,紫荆保险,香港永明金融有限公司,储蓄,万年青·星河尊享保险计划II,2,年缴,人民币,500000,570000,570000,1000000,0,NONPI,,46128,46141,46142,46161,,JL2755,唐婧瑶
U102105,611233676,生效,众和恒富理财集团有限公司,经代业务,同行经代,持牌经纪,天誉国际,宏安证券有限公司,宏安证券有限公司,香港永明金融有限公司,储蓄,万年青·星河尊享保险计划II,2,年缴,美金,50000,390000,390000,,0,NONPI,6%,46138,46141,46142,46154,姜通,JK6768,林小莎
U001031,611233721,生效,众和恒富理财集团有限公司,经代业务,同行经代,持牌经纪,唯思,唯思财富顾问,唯思财富顾问,香港永明金融有限公司,储蓄,万年青·星河尊享保险计划II,2,年缴,美金,30000,234000,234000,60000,0,NONPI,,46141,46144,46160,46185,战略合作,JF7523,吕静文
J10002219,602068727,生效,九富保险服务有限公司,代理人业务,成事家办,IYB分公司,杨璐熙,杨璐熙,沈柳,香港永明金融有限公司,储蓄,万年青·星河尊享保险计划II,5,年缴,美金,10000,78000,78000,50000,0,NONPI,,46136,46144,46148,46153,,JL2755,唐婧瑶
U101817,611233722,生效,众和恒富理财集团有限公司,经代业务,同行经代,持牌经纪,天誉国际,云通国际,云通国际,香港永明金融有限公司,储蓄,万年青·星河尊享保险计划II,5,年缴,人民币,21000,23940,23940,105000,0,NONPI,,46132,46144,46146,46157,姜通,JF7523,吕静文
J10002147,602068726,生效,九富保险服务有限公司,代理人业务,成事家办,IYB分公司,刘微,刘微,舒传茂,香港永明金融有限公司,储蓄,万年青·星河尊享保险计划II,5,年缴,美金,10000,78000,78000,,0,NONPI,,46133,46144,46148,46153,,JL2755,唐婧瑶
J10002138,602068725,退保,九富保险服务有限公司,代理人业务,成事家办,IYB分公司,刘微,刘微,舒传茂,香港永明金融有限公司,储蓄,万年青·星河尊享保险计划II,5,年缴,美金,30000,234000,234000,150000,0,NONPI,,46133,46144,46148,46155,,JL2755,唐婧瑶
J001548,602069305,取消投保,九富保险服务有限公司,经代业务,同行经代,持牌经纪,唯思,同智顾问,同智顾问,香港永明金融有限公司,储蓄,万年青·星河尊享保险计划II,2,预缴,美金,125000,975000,975000,250000,0,PI,,46141,46146,46146,,战略合作,JF7605,林思思
D002181,611232058,生效,怡泰财富管理有限公司,经代业务,BK业务,银行网点,民生银行,民生银行,民生香港分行梁驹团队,香港永明金融有限公司,储蓄,万年青·卓金保险计划II,5,预缴,美金,50000,390000,390000,250000,0,NONPI,59%,46106,46146,46146,46160,,JH6936,余迪慷
D002180,611232059,生效,怡泰财富管理有限公司,经代业务,BK业务,银行网点,民生银行,民生银行,民生香港分行梁驹团队,香港永明金融有限公司,储蓄,万年青·卓金保险计划II,5,预缴,美金,50000,390000,390000,250000,0,NONPI,59%,46106,46146,46146,46157,,JH6936,余迪慷
J10002363,602069590,生效,九富保险服务有限公司,代理人业务,天领业务,天领贴牌,广西贴牌,广西贴牌,马娇,香港永明金融有限公司,储蓄,万年青·星河尊享保险计划II,5,预缴,美金,10000,78000,78000,50000,0,NONPI,,46148,46146,46148,46170,,JL5879,李咏媱
J10002390,602069586,生效,九富保险服务有限公司,代理人业务,天领业务,天领贴牌,广西贴牌,广西贴牌,马娇,香港永明金融有限公司,储蓄,万年青·星河尊享保险计划II,5,预缴,美金,3000,23400,23400,15000,0,NONPI,,46141,46146,46148,46171,,JJ5633,陈昊锴
J001467,602069582,生效,九富保险服务有限公司,经代业务,永明经代,持牌经纪,紫荆保险,紫荆保险,紫荆保险,香港永明金融有限公司,储蓄,万年青·星河尊享保险计划II,2,预缴,美金,50000,390000,390000,100000,0,NONPI,,46120,46146,46148,46162,,JL5879,李咏媱
U001028,611233755,生效,众和恒富理财集团有限公司,经代业务,永明经代,持牌经纪,中天家办,中天家办,中天家办,香港永明金融有限公司,储蓄,万年青·星河尊享保险计划II,5,年缴,美金,5000,39000,39000,25000,0,NONPI,,46141,46146,46148,46150,白博文,JK6768,林小莎
J10002102,602069583,生效,九富保险服务有限公司,代理人业务,成事家办,IYB分公司,杨璐熙,杨璐熙,李绩泽,香港永明金融有限公司,储蓄,万年青·星河尊享保险计划II,2,预缴,美金,22000,171600,171600,44000,0,NONPI,,46133,46146,46148,46156,,JL5879,李咏媱
U001032,611233752,生效,众和恒富理财集团有限公司,经代业务,永明经代,持牌经纪,万城保险,万城保险,万城保险,香港永明金融有限公司,储蓄,万年青·星河尊享保险计划II,5,预缴,美金,10000,78000,78000,50000,0,NONPI,,46143,46146,46148,46195,姜通,JK6768,林小莎
U102222,611233687,生效,众和恒富理财集团有限公司,经代业务,同行经代,持牌经纪,天誉国际,宏安保险顾问有限公司,宏安保险顾问有限公司,香港永明金融有限公司,储蓄,万年青·星河尊享保险计划II,2,年缴,人民币,105000,119700,119700,210000,0,NONPI,,46145,46146,46148,46156,姜通,JK6768,林小莎
U102141,611233684,生效,众和恒富理财集团有限公司,经代业务,同行经代,持牌经纪,天誉国际,宏安证券有限公司,宏安证券有限公司,香港永明金融有限公司,储蓄,万年青·星河尊享保险计划II,5,年缴,人民币,210000,239400,239400,,0,PI,,46140,46146,46148,46153,姜通,JK6768,林小莎
J001547,602070080,生效,九富保险服务有限公司,经代业务,永明经代,持牌经纪,万森保险,万森保险,万森保险,香港永明金融有限公司,储蓄,万年青·星河传承保险计划II,2,年缴,人民币,150000,171000,171000,300000,0,NONPI,,46141,46147,46149,46160,高瑶,JL5879,李咏媱
U001030,611233683,生效,众和恒富理财集团有限公司,经代业务,永明经代,持牌经纪,万城保险,万城保险,杏仁规划,香港永明金融有限公司,储蓄,万年青·星河尊享保险计划II,2,年缴,美金,50000,390000,390000,100000,0,NONPI,,46141,46147,46149,46170,姜通,JK7517,王杰辉
U001029,611233682,生效,众和恒富理财集团有限公司,经代业务,永明经代,持牌经纪,万城保险,万城保险,杏仁规划,香港永明金融有限公司,储蓄,万年青·星河尊享保险计划II,2,年缴,美金,100000,780000,780000,200000,0,NONPI,,46141,46147,46148,46169,姜通,JK7517,王杰辉
J10002165,602068728,生效,九富保险服务有限公司,代理人业务,成事家办,IYB分公司,刘微,刘微,林婷婷,香港永明金融有限公司,储蓄,万年青·星河尊享保险计划II,2,年缴,人民币,150000,171000,171000,300000,0,NONPI,,46135,46148,46148,46170,,JL2755,唐婧瑶
J10002174,602068456,生效,九富保险服务有限公司,代理人业务,成事家办,IYB分公司,刘微,刘微,林婷婷,香港永明金融有限公司,储蓄,万年青·星河尊享保险计划II,2,年缴,人民币,105000,119700,119700,210000,0,NONPI,,46135,46148,46150,46154,,JL5879,李咏媱
D102231,611233720,生效,怡泰财富管理有限公司,经代业务,BK业务,银行网点,平安银行,平安银行,平安香港分行高原,香港永明金融有限公司,储蓄,万年青·卓金保险计划II,5,年缴,美金,50000,390000,390000,250000,0,PI,21%,46137,46148,46148,46160,,JH6936,余迪慷
J10002156,602068455,生效,九富保险服务有限公司,代理人业务,成事家办,IYB分公司,刘微,刘微,林婷婷,香港永明金融有限公司,储蓄,万年青·星河尊享保险计划II,2,年缴,人民币,105000,119700,119700,210000,0,NONPI,,46135,46148,46150,46154,,JL5879,李咏媱
Y000072,8201207520,生效,盈富理财顾问有限公司,KA业务,ICLUB业务,异业机构转介,个人转介,傅箭,傅箭,中国人寿保险（海外）股份有限公司（澳门）,储蓄,裕饶传承储蓄保险计划III,5,预缴,港币,4000000,4000000,4000000,20000000,1,NONPI,,46139,46150,46169,46164,,,盈富助理
U102312,611233686,生效,众和恒富理财集团有限公司,经代业务,同行经代,持牌经纪,唯思,唯思财富顾问,唯思财富顾问,香港永明金融有限公司,储蓄,万年青·星河尊享保险计划II,5,年缴,人民币,400000,456000,456000,2000000,0,NONPI,15%,46148,46150,46153,46164,战略合作,JK7517,王杰辉
Y000073,8201207733,生效,盈富理财顾问有限公司,经代业务,同行经代,持牌经纪,天誉国际,迪岸香港科技有限公司,迪岸香港科技有限公司,中国人寿保险（海外）股份有限公司（澳门）,储蓄,裕饶传承储蓄保险计划III,5,预缴,港币,1000000,1000000,1000000,5000000,1,NONPI,,46142,46150,46152,46162,姜通,,盈富助理
D102321,611232057,生效,怡泰财富管理有限公司,经代业务,BK业务,银行网点,平安银行,平安银行,平安香港分行徐艳,香港永明金融有限公司,储蓄,永誉传承储蓄计划,1,整付,美金,1500000,11700000,1170000,1500000,1,NONPI,2.50%,46143,46151,46154,46177,,JH6936,余迪慷
U102384,602069303,生效,九富保险服务有限公司,经代业务,同行经代,持牌经纪,天誉国际,宏安证券有限公司,宏安证券有限公司,香港永明金融有限公司,储蓄,万年青·星河尊享保险计划II,2,预缴,美金,50000,390000,390000,100000,0,NONPI,5%,46149,46153,46160,46171,姜通,JF7605,林思思
U102375,602069304,生效,九富保险服务有限公司,经代业务,同行经代,持牌经纪,天誉国际,宏安证券有限公司,宏安证券有限公司,香港永明金融有限公司,储蓄,万年青·星河尊享保险计划II,2,预缴,美金,50000,390000,390000,100000,0,NONPI,5%,46149,46153,46160,46163,姜通,JF7605,林思思
J001555,602068729,生效,九富保险服务有限公司,经代业务,永明经代,持牌经纪,紫荆保险,紫荆保险,紫荆保险,香港永明金融有限公司,储蓄,万年青·星河尊享保险计划II,2,预缴,美金,100000,780000,780000,200000,0,NONPI,8%,46148,46153,46155,46162,,JL2755,唐婧瑶
J001564,602070220,取消投保,九富保险服务有限公司,经代业务,永明经代,持牌经纪,万森保险,万森保险,万森保险,香港永明金融有限公司,年金,丰硕延期年金计划 (至100岁),5,年缴,美金,5023.19,39180.88,39180.88,25115.95,0,NONPI,,46153,46153,46155,,高瑶,JL2755,唐婧瑶
PI102546,93097135,生效,天誉国际财富管理有限公司,经代业务,同行经代,持牌经纪,天誉国际(MGA),宏安证券有限公司,宏安证券有限公司,万通保险国际有限公司,储蓄,富饶万家储蓄保险计划,2,预缴,美金,30000,234000,234000,,0,NONPI,,46149,46153,46157,46175,姜通,JL6752,王晶晶
J10002354,602070084,生效,九富保险服务有限公司,代理人业务,天领业务,天领机构,天领重庆,重庆经代,张文嘉,香港永明金融有限公司,储蓄,万年青·星河传承保险计划II,5,年缴,美金,20000,156000,156000,100000,0,NONPI,,46140,46153,46171,46157,,JJ5633,陈昊锴
U001043,611233696,生效,众和恒富理财集团有限公司,经代业务,永明经代,持牌经纪,龙腾财富,龙腾财富,龙腾财富,香港永明金融有限公司,储蓄,万年青·星河尊享保险计划II,2,年缴,人民币,150000,171000,171000,,0,NONPI,,46150,46153,46157,46162,,JJ7007,王嘉鸣
Z10002552,G685879410,生效,置富理财(香港)有限公司,代理人业务,天领业务,天领机构,天领成都,成都经代,刘丽,友邦保险（国际）有限公司,重疾,「爱伴航」保险计划2,10,年缴,美金,3410,26598,26598,100000,0,NONPI,,46150,46154,46154,46169,,JH6936,余迪慷
Z10002543,G685879601,生效,置富理财(香港)有限公司,代理人业务,天领业务,天领机构,天领成都,成都经代,刘丽,友邦保险（国际）有限公司,重疾,「爱伴航」保险计划2,10,年缴,美金,3857,30084.6,30084.6,100000,0,NONPI,,46150,46154,46155,46157,,JH6936,余迪慷
D102672,611232013,生效,怡泰财富管理有限公司,经代业务,BK业务,银行网点,民生银行,民生银行,民生广州分行,香港永明金融有限公司,储蓄,万年青·卓金保险计划II,5,年缴,美金,100000,780000,780000,500000,0,PI,21%,46152,46154,46154,46188,,JH6936,余迪慷
U102798,988530285,拒保,众和恒富理财集团有限公司,经代业务,永明经代,持牌经纪,万城保险,万城保险,万城保险,香港永明金融有限公司,医疗,永明满心医疗保,,年缴,美金,1785,13923,13923,,0,NONPI,,46154,46154,46156,,姜通,JK6768,林小莎
D002216,611231887,生效,怡泰财富管理有限公司,经代业务,同行经代,持牌资管,利泰丰,利泰丰管理有限公司,黄子峰,香港永明金融有限公司,重疾,万家康尊尚保,20,年缴,美金,2388,18626.4,18626.4,200000,0,NONPI,,46153,46154,46155,46160,,JF2281,赖晔敏
D002215,611231886,生效,怡泰财富管理有限公司,经代业务,同行经代,持牌资管,利泰丰,利泰丰管理有限公司,黄子峰,香港永明金融有限公司,重疾,万家康尊尚保,20,年缴,美金,2588,20186.4,20186.4,200000,0,NONPI,,46153,46154,46155,46160,,JF2281,赖晔敏
D002214,611231883,生效,怡泰财富管理有限公司,经代业务,同行经代,持牌资管,利泰丰,利泰丰管理有限公司,黄子峰,香港永明金融有限公司,重疾,万家康尊尚保,20,年缴,美金,7020,54756,54756,200000,0,NONPI,,46153,46154,46155,46160,,JF2281,赖晔敏
J001567,602068453,生效,九富保险服务有限公司,经代业务,永明经代,持牌经纪,万森保险,万森保险,万森保险,香港永明金融有限公司,储蓄,万年青·星河尊享保险计划II,2,预缴,美金,25000,195000,195000,50000,0,NONPI,,46153,46154,46161,46164,高瑶,JL5879,李咏媱
J102717,611233689,取消投保,众和恒富理财集团有限公司,经代业务,同行经代,持牌经纪,唯思,同智顾问,同智顾问,香港永明金融有限公司,储蓄,万年青·星河尊享保险计划II,5,年缴,人民币,210000,239400,239400,1050000,0,NONPI,,46153,46155,46155,,战略合作,JF7523,吕静文
PI102834,506-1181862,生效,天誉国际财富管理有限公司,经代业务,同行经代,持牌经纪,天誉国际(MGA),盈丰资本财富管理（香港）有限公司,盈丰资本财富管理（香港）有限公司,香港安盛保险有限公司,储蓄,盛利II储蓄保险-至尊,5,年缴,美金,20000,156000,156000,100000,0,NONPI,,46154,46155,46156,46174,姜通,JH9602,余文茜
J10002642,602070086,生效,九富保险服务有限公司,代理人业务,天领业务,天领机构,天领重庆,重庆经代,李雪颖,香港永明金融有限公司,储蓄,万年青·星河尊享保险计划II,2,年缴,美金,20000,156000,156000,40000,0,NONPI,,46151,46155,46162,46162,,JJ5633,陈昊锴
J10002741,602070087,生效,九富保险服务有限公司,代理人业务,天领业务,天领机构,天领重庆,重庆经代,乔华桦,香港永明金融有限公司,储蓄,万年青·星河传承保险计划II,5,预缴,美金,50000,390000,390000,250000,0,NONPI,100%,46153,46155,46170,46169,,JJ5633,陈昊锴
J001526,602068733,生效,九富保险服务有限公司,经代业务,永明经代,持牌经纪,紫荆保险,紫荆保险,紫荆保险,香港永明金融有限公司,储蓄,万年青·星河尊享保险计划II,5,预缴,美金,50000,390000,390000,250000,0,NONPI,15%,46135,46155,46161,46170,,JL5879,李咏媱
J10002750,602068730,生效,九富保险服务有限公司,代理人业务,天领业务,天领机构,天领重庆,重庆经代,乔华桦,香港永明金融有限公司,储蓄,万年青·星河传承保险计划II,5,年缴,美金,30000,234000,234000,150000,0,NONPI,,46153,46155,46160,46163,,JL2755,唐婧瑶
U102825,602069307,生效,九富保险服务有限公司,经代业务,永明经代,持牌经纪,万城保险,万城保险,万城保险,香港永明金融有限公司,储蓄,万年青·星河尊享保险计划II,2,预缴,人民币,3000000,3420000,3420000,6000000,0,PI,,46154,46155,46160,46213,姜通,JF7605,林思思
U001014,611233697,生效,众和恒富理财集团有限公司,经代业务,永明经代,持牌经纪,共享经纪,共享经纪,共享经纪,香港永明金融有限公司,重疾,万家康卓越保,15,年缴,美金,1448,11294.4,11294.4,100000,0,NONPI,,46133,46156,46157,46185,白博文,JJ7007,王嘉鸣
J10002417,602070085,生效,九富保险服务有限公司,代理人业务,天领业务,天领机构,天领重庆,重庆经代,杨欣,香港永明金融有限公司,储蓄,万年青·星河尊享保险计划II,5,年缴,美金,10000,78000,78000,50000,0,NONPI,,46149,46156,46168,46170,,JJ5633,陈昊锴
J10002588,602069485,生效,九富保险服务有限公司,代理人业务,天领业务,天领机构,天领重庆,重庆经代,蒲雪静,香港永明金融有限公司,重疾,万家康卓越保,20,年缴,美金,3172,24741.6,24741.6,100000,0,NONPI,,46151,46156,46161,46202,,JL5879,李咏媱
J10002471,602068731,生效,九富保险服务有限公司,代理人业务,天领业务,天领机构,天领重庆,重庆经代,刘妍,香港永明金融有限公司,储蓄,万年青·星河尊享保险计划II,5,预缴,美金,10000,78000,78000,50000,0,NONPI,,46147,46156,46156,46163,,JL2755,唐婧瑶
J10002597,602069479,生效,九富保险服务有限公司,代理人业务,天领业务,天领机构,天领重庆,重庆经代,蒲雪静,香港永明金融有限公司,重疾,万家康卓越保,20,年缴,美金,1598.16,12465.65,12465.65,50005,0,NONPI,,46151,46156,46161,46164,,JL5879,李咏媱
J10002606,602069482,生效,九富保险服务有限公司,代理人业务,天领业务,天领机构,天领重庆,重庆经代,蒲雪静,香港永明金融有限公司,储蓄,万年青·星河尊享保险计划II,5,年缴,美金,10000,78000,78000,50000,0,NONPI,,46151,46156,46161,46162,,JL5879,李咏媱
D102366,611232014,生效,怡泰财富管理有限公司,经代业务,BK业务,银行网点,民生银行,民生银行,民生重庆分行,香港永明金融有限公司,储蓄,万年青·卓金保险计划II,5,年缴,美金,50000,390000,390000,250000,0,PI,21%,46148,46156,46156,46181,,JH6936,余迪慷
U102690,611233925,生效,众和恒富理财集团有限公司,经代业务,同行经代,持牌经纪,天誉国际,宏安证券有限公司,宏安证券有限公司,香港永明金融有限公司,储蓄,万年青·星河尊享保险计划II,2,预缴,美金,25000,195000,195000,50000,0,NONPI,,46153,46156,46160,46170,姜通,JK7517,王杰辉
J001563,602068732,生效,九富保险服务有限公司,经代业务,永明经代,持牌经纪,万森保险,万森保险,万森保险,香港永明金融有限公司,储蓄,万年青·星河尊享保险计划II,5,年缴,美金,3000,23400,23400,15000,0,NONPI,,46150,46156,46156,46168,高瑶,JL2755,唐婧瑶
U103410,611233924,生效,众和恒富理财集团有限公司,经代业务,同行经代,持牌经纪,唯思,唯思财富顾问,唯思财富顾问,香港永明金融有限公司,储蓄,万年青·星河尊享保险计划II,2,预缴,美金,25000,195000,195000,50000,0,NONPI,,46157,46156,46160,46171,战略合作,JK7517,王杰辉
Y000074,8201209443,生效,盈富理财顾问有限公司,经代业务,同行经代,持牌经纪,天誉国际,迪岸香港科技有限公司,迪岸香港科技有限公司,中国人寿保险（海外）股份有限公司（澳门）,储蓄,裕饶传承储蓄保险计划III,5,预缴,港币,1600000,1600000,1600000,8000000,1,NONPI,10%,46156,46157,46174,46171,姜通,,盈富助理
U103203,611233706,生效,众和恒富理财集团有限公司,经代业务,同行经代,持牌经纪,唯思,同智顾问,同智顾问,香港永明金融有限公司,人寿,永延保障计划,12,年缴,美金,5262.5,41047.5,41047.5,250000,0,NONPI,,46156,46157,46162,46164,战略合作,JJ7007,王嘉鸣
U103194,611233705,生效,众和恒富理财集团有限公司,经代业务,同行经代,持牌经纪,唯思,同智顾问,同智顾问,香港永明金融有限公司,人寿,永延保障计划,12,年缴,美金,5513.6,43006.08,43006.08,320000,0,NONPI,,46156,46157,46162,46168,战略合作,JJ7007,王嘉鸣
J10002507,602070090,生效,九富保险服务有限公司,代理人业务,天领业务,天领机构,天领重庆,重庆经代,王栎丽,香港永明金融有限公司,储蓄,万年青·星河尊享保险计划II,5,预缴,美金,10000,78000,78000,50000,0,NONPI,,46149,46157,46171,46197,,JJ5633,陈昊锴
U102636,611233688,生效,众和恒富理财集团有限公司,经代业务,同行经代,持牌经纪,天誉国际,宏安证券有限公司,宏安证券有限公司,香港永明金融有限公司,储蓄,万年青·星河尊享保险计划II,2,年缴,人民币,500000,570000,570000,1000000,0,NONPI,,46151,46157,46160,46163,姜通,JK6768,林小莎
J10002579,988530700,生效,九富保险服务有限公司,代理人业务,天领业务,天领机构,天领成都,成都经代,吕政豪,香港永明金融有限公司,医疗,永明满心医疗保,,年缴,美金,1384,10795.2,10795.2,,0,NONPI,,46151,46157,46171,46197,,JJ5633,陈昊锴
D10002705,93091430,生效,怡泰财富管理有限公司,代理人业务,成事家办,IYB分公司,杨璐熙,杨璐熙,吕佳,万通保险国际有限公司,储蓄,富饶万家储蓄保险计划,2,预缴,美金,50000,390000,390000,100000,0,NONPI,,46153,46157,46161,46164,,JF2281,赖晔敏
U001038,611233731,生效,众和恒富理财集团有限公司,经代业务,永明经代,持牌经纪,中天家办,中天家办,中天家办,香港永明金融有限公司,重疾,万家康尊尚保,20,年缴,美金,2328,18158.4,18158.4,150000,0,NONPI,,46149,46157,46163,46196,白博文,JK6768,林小莎
U001047,611233726,生效,众和恒富理财集团有限公司,KA业务,ICLUB业务,异业机构转介,个人转介,李明霞,李明霞,香港永明金融有限公司,重疾,万家康卓越保,20,年缴,美金,1128,8798.4,8798.4,100000,0,NONPI,,46156,46157,46162,46171,,JK6768,林小莎
J10002669,602068734,生效,九富保险服务有限公司,代理人业务,成事家办,IYB分公司,刘微,刘微,方晓,香港永明金融有限公司,储蓄,万年青·星河尊享保险计划II,2,预缴,美金,30000,234000,234000,60000,0,NONPI,,46152,46157,46160,46163,,JL2755,唐婧瑶
J10002660,602068735,生效,九富保险服务有限公司,代理人业务,成事家办,IYB分公司,刘微,刘微,孟丽君,香港永明金融有限公司,储蓄,万年青·星河尊享保险计划II,2,预缴,美金,50000,390000,390000,100000,0,NONPI,,46152,46157,46174,46171,,JL2755,唐婧瑶
PI103095,506-1182456,生效,天誉国际财富管理有限公司,经代业务,同行经代,持牌经纪,天誉国际(MGA),宏安证券有限公司,宏安证券有限公司,香港安盛保险有限公司,储蓄,盛利II储蓄保险-至尊,5,年缴,港币,40000,40000,40000,,0,NONPI,,46156,46157,46160,46164,姜通,JH9602,余文茜
D103590,611232016,取消投保,怡泰财富管理有限公司,经代业务,BK业务,银行网点,平安银行,平安银行,平安香港分行王慧娟,香港永明金融有限公司,储蓄,永誉传承储蓄计划,1,整付,美金,1000000,7800000,780000,1000000,1,NONPI,2.50%,46160,46157,46181,,,JH6936,余迪慷
D103581,611232015,取消投保,怡泰财富管理有限公司,经代业务,BK业务,银行网点,平安银行,平安银行,平安香港分行王慧娟,香港永明金融有限公司,储蓄,万年青·卓金保险计划II,5,年缴,美金,50000,390000,390000,250000,0,PI,21%,46160,46157,46181,,,JH6936,余迪慷
J10002759,602069699,生效,九富保险服务有限公司,代理人业务,天领业务,天领机构,天领深圳,大湾区,黄莹,香港永明金融有限公司,储蓄,万年青·星河尊享保险计划II,5,预缴,美金,400000,3120000,3120000,2000000,0,PI,20%,46153,46157,46170,46175,,JJ5633,陈昊锴
J10002930,602070089,生效,九富保险服务有限公司,代理人业务,天领业务,天领机构,天领重庆,重庆经代,王璐洁,香港永明金融有限公司,储蓄,万年青·星河传承保险计划II,5,预缴,美金,50000,390000,390000,250000,0,NONPI,100%,46157,46157,46171,46182,,JJ5633,陈昊锴
J102618,602069306,生效,九富保险服务有限公司,经代业务,同行经代,持牌经纪,天誉国际,宏安证券有限公司,宏安证券有限公司,香港永明金融有限公司,储蓄,万年青·星河尊享保险计划II,5,年缴,美金,50000,390000,390000,250000,0,NONPI,15%,46150,46157,46170,46170,姜通,JF7605,林思思
U103365,611233672,生效,众和恒富理财集团有限公司,经代业务,同行经代,持牌经纪,天誉国际,盈丰资本财富管理（香港）有限公司,盈丰资本财富管理（香港）有限公司,香港永明金融有限公司,储蓄,万年青·星河尊享保险计划II,5,预缴,美金,30000,234000,234000,150000,0,PI,,46156,46157,46163,46169,姜通,JK6768,林小莎
J103464,602070142,生效,九富保险服务有限公司,代理人业务,天领业务,天领贴牌,宁波贴牌,宁波,宁波,香港永明金融有限公司,储蓄,万年青·星河尊享保险计划II,5,年缴,美金,50000,390000,390000,250000,0,PI,,46157,46157,46160,46163,,JL2755,唐婧瑶
U103257,602070094,生效,九富保险服务有限公司,经代业务,同行经代,持牌经纪,天誉国际,宏安证券有限公司,宏安证券有限公司,香港永明金融有限公司,储蓄,万年青·星河尊享保险计划II,2,预缴,美金,25000,195000,195000,50000,0,NONPI,,46156,46158,46171,46171,姜通,JJ5633,陈昊锴
U102960,611233728,生效,众和恒富理财集团有限公司,经代业务,同行经代,持牌经纪,天誉国际,盈丰资本财富管理（香港）有限公司,盈丰资本财富管理（香港）有限公司,香港永明金融有限公司,储蓄,万年青·星河尊享保险计划II,2,年缴,人民币,350000,399000,399000,700000,0,NONPI,6%,46155,46158,46163,46199,姜通,JK6768,林小莎
J10002615,602070093,生效,九富保险服务有限公司,代理人业务,天领业务,天领机构,天领成都,成都经代,吕政豪,香港永明金融有限公司,重疾,万家康尊尚保,25,年缴,美金,4200,32760,32760,400000,0,NONPI,,46151,46158,46171,46188,,JJ5633,陈昊锴
PI102924,506-1182399,生效,天誉国际财富管理有限公司,经代业务,同行经代,持牌经纪,天誉国际(MGA),盈丰资本财富管理（香港）有限公司,盈丰资本财富管理（香港）有限公司,香港安盛保险有限公司,储蓄,盛利II储蓄保险-至尊,2,年缴,人民币,350000,399000,399000,700000,0,NONPI,,46155,46158,46160,46176,姜通,JH9602,余文茜
PI102852,506-1182381,生效,天誉国际财富管理有限公司,经代业务,同行经代,持牌经纪,天誉国际(MGA),宏安证券有限公司,宏安证券有限公司,香港安盛保险有限公司,储蓄,盛利II储蓄保险-至尊,5,预缴,美金,15000,117000,117000,75000,0,NONPI,,46155,46158,46160,46181,姜通,JH9602,余文茜
J10002534,602070092,生效,九富保险服务有限公司,代理人业务,天领业务,天领机构,天领重庆,重庆经代,王璐洁,香港永明金融有限公司,储蓄,万年青·星河尊享保险计划II,5,年缴,美金,20000,156000,156000,100000,0,NONPI,,46149,46158,46170,46170,,JJ5633,陈昊锴
U001017,611233927,生效,众和恒富理财集团有限公司,经代业务,永明经代,持牌经纪,中天家办,中天家办,中天家办,香港永明金融有限公司,储蓄,万年青·星河尊享保险计划II,2,年缴,人民币,250000,285000,285000,500000,0,NONPI,,46148,46160,46160,46168,白博文,JK7517,王杰辉
U001018,611233928,生效,众和恒富理财集团有限公司,经代业务,永明经代,持牌经纪,中天家办,中天家办,中天家办,香港永明金融有限公司,储蓄,万年青·星河尊享保险计划II,2,年缴,人民币,250000,285000,285000,500000,0,NONPI,,46148,46160,46160,46163,白博文,JK7517,王杰辉
D102627,611232061,生效,怡泰财富管理有限公司,经代业务,BK业务,银行网点,民生银行,民生银行,民生南京分行,香港永明金融有限公司,储蓄,万年青·卓金保险计划II,5,预缴,美金,30000,234000,234000,150000,0,PI,59%,46153,46160,46162,46197,,JH6936,余迪慷
J10002678,602070143,生效,九富保险服务有限公司,代理人业务,天领业务,天领机构,天领重庆,重庆经代,陈思思,香港永明金融有限公司,储蓄,万年青·星河尊享保险计划II,5,年缴,美金,3000,23400,23400,15000,0,NONPI,,46152,46160,46160,46164,,JL2755,唐婧瑶
J10002948,3808799955,生效,怡泰财富管理有限公司,代理人业务,天领业务,天领机构,天领成都,成都经代,金磊南,宏利人寿保险（国际）有限公司,储蓄,宏挚传承保障计划,2,预缴,美金,50000,390000,390000,100000,0,NONPI,,46148,46160,46160,46168,,JF2281,赖晔敏
D10002813,3808799963,生效,怡泰财富管理有限公司,代理人业务,天领业务,天领机构,天领成都,成都经代,金磊南,宏利人寿保险（国际）有限公司,储蓄,宏挚传承保障计划,2,预缴,美金,50000,390000,390000,100000,0,NONPI,,46154,46160,46160,46178,,JF2281,赖晔敏
J10002777,602070355,生效,九富保险服务有限公司,代理人业务,天领业务,天领机构,天领成都,成都经代,肖必双,香港永明金融有限公司,储蓄,万年青·星河尊享保险计划II,5,年缴,美金,50000,390000,390000,250000,0,NONPI,,46154,46160,46161,46182,,JL5879,李咏媱
J10002768,602070354,生效,九富保险服务有限公司,代理人业务,天领业务,天领机构,天领成都,成都经代,肖必双,香港永明金融有限公司,储蓄,万年青·星河尊享保险计划II,5,年缴,美金,50000,390000,390000,250000,0,NONPI,,46154,46160,46161,46178,,JL5879,李咏媱
J10002732,602070144,生效,九富保险服务有限公司,代理人业务,成事家办,IYB分公司,杨璐熙,杨璐熙,蒲建安,香港永明金融有限公司,储蓄,万年青·星河尊享保险计划II,5,预缴,港币,120000,120000,120000,600000,0,NONPI,,46153,46160,46160,46171,,JL2755,唐婧瑶
D10002975,3808799989,生效,怡泰财富管理有限公司,代理人业务,天领业务,天领机构,天领成都,成都经代,金磊南,宏利人寿保险（国际）有限公司,储蓄,宏挚传承保障计划,2,预缴,美金,50000,390000,390000,100000,0,NONPI,,46159,46160,46161,46174,,JF2281,赖晔敏
PI103446,506-1182266,生效,天誉国际财富管理有限公司,经代业务,同行经代,持牌经纪,天誉国际(MGA),宏安证券有限公司,宏安证券有限公司,香港安盛保险有限公司,储蓄,盛利II储蓄保险-至尊,2,预缴,美金,25000,195000,195000,50000,0,NONPI,,46157,46161,46162,46178,姜通,JH9602,余文茜
U103608,611233730,生效,众和恒富理财集团有限公司,经代业务,同行经代,持牌经纪,唯思,唯思财富顾问,唯思财富顾问,香港永明金融有限公司,储蓄,万年青·星河尊享保险计划II,5,年缴,美金,12000,93600,93600,60000,0,NONPI,,46160,46161,46162,46184,战略合作,JK6768,林小莎
U103572,611233932,生效,众和恒富理财集团有限公司,经代业务,永明经代,持牌经纪,堡盛国际,堡盛国际,堡盛国际,香港永明金融有限公司,储蓄,万年青·星河尊享保险计划II,2,年缴,人民币,500000,570000,570000,1000000,0,NONPI,,46160,46161,46164,46176,姜通,JK7517,王杰辉
J001525,602070353,生效,九富保险服务有限公司,经代业务,永明经代,持牌经纪,紫荆保险,紫荆保险,紫荆保险,香港永明金融有限公司,储蓄,万年青·星河传承保险计划II,5,年缴,人民币,136000,155040,155040,680000,0,NONPI,,46135,46162,46170,46184,,JL5879,李咏媱
U103428,611233931,生效,众和恒富理财集团有限公司,经代业务,同行经代,持牌经纪,唯思,同智顾问,同智顾问,香港永明金融有限公司,储蓄,万年青·星河尊享保险计划II,5,预缴,美金,20000,156000,156000,100000,0,PI,,46157,46162,46164,46181,战略合作,JK7517,王杰辉
U103437,611233930,生效,众和恒富理财集团有限公司,经代业务,同行经代,持牌经纪,唯思,同智顾问,同智顾问,香港永明金融有限公司,重疾,万家康卓越保,10,年缴,美金,3868,30170.4,30170.4,200000,0,PI,,46157,46162,46164,46178,战略合作,JK7517,王杰辉
J10002867,602070330,生效,九富保险服务有限公司,代理人业务,天领业务,天领机构,天领重庆,重庆经代,李谷亿,香港永明金融有限公司,储蓄,万年青·星河尊享保险计划II,2,年缴,美金,35000,273000,273000,70000,0,NONPI,,46157,46162,46170,46171,,JF7605,林思思
J10002876,602070331,生效,九富保险服务有限公司,代理人业务,天领业务,天领机构,天领重庆,重庆经代,李谷亿,香港永明金融有限公司,储蓄,万年青·星河尊享保险计划II,2,年缴,美金,35000,273000,273000,70000,0,NONPI,,46157,46162,46170,46170,,JF7605,林思思
U103401,611233707,生效,众和恒富理财集团有限公司,经代业务,永明经代,持牌经纪,共享经纪,共享经纪,共享经纪,香港永明金融有限公司,储蓄,万年青·星河尊享保险计划II,5,预缴,美金,15000,117000,117000,75000,0,NONPI,,46157,46162,46162,46171,白博文,JJ7007,王嘉鸣
PI102510,506-1182746,生效,天誉国际财富管理有限公司,经代业务,同行经代,持牌经纪,天誉国际(MGA),宏安证券有限公司,宏安证券有限公司,香港安盛保险有限公司,储蓄,盛利II储蓄保险-至尊,5,年缴,美金,20000,156000,156000,100000,0,NONPI,,46149,46162,46164,46178,姜通,JH9602,余文茜
PI102528,506-1182753,生效,天誉国际财富管理有限公司,经代业务,同行经代,持牌经纪,天誉国际(MGA),宏安证券有限公司,宏安证券有限公司,香港安盛保险有限公司,储蓄,盛利II储蓄保险-至尊,5,年缴,美金,20000,156000,156000,100000,0,NONPI,,46149,46162,46164,46182,姜通,JH9602,余文茜
J103689,602070240,生效,九富保险服务有限公司,经代业务,永明经代,持牌经纪,万森保险,万森保险,万森保险,香港永明金融有限公司,储蓄,万年青·星河尊享保险计划II,5,预缴,美金,35000,273000,273000,175000,0,NONPI,,46161,46162,46168,46183,高瑶,JF7605,林思思
J103680,602070239,生效,九富保险服务有限公司,经代业务,永明经代,持牌经纪,万森保险,万森保险,万森保险,香港永明金融有限公司,储蓄,万年青·星河尊享保险计划II,5,预缴,美金,35000,273000,273000,175000,0,NONPI,,46161,46162,46168,46184,高瑶,JF7605,林思思
J10002993,602070357,生效,九富保险服务有限公司,代理人业务,天领业务,天领贴牌,广西贴牌,广西贴牌,王小梅,香港永明金融有限公司,储蓄,万年青·星河尊享保险计划II,5,预缴,美金,20000,156000,156000,100000,0,NONPI,,46160,46162,46170,46195,,JL5879,李咏媱
J10002858,602070095,生效,九富保险服务有限公司,代理人业务,天领业务,天领机构,天领重庆,重庆经代,张文嘉,香港永明金融有限公司,储蓄,万年青·星河传承保险计划II,5,年缴,美金,20000,156000,156000,100000,0,NONPI,,46156,46163,46164,46169,,JJ5633,陈昊锴
J103311,602070358,生效,九富保险服务有限公司,经代业务,永明经代,持牌经纪,紫荆保险,紫荆保险,紫荆保险,香港永明金融有限公司,储蓄,万年青·星河尊享保险计划II,2,预缴,美金,36600,285480,285480,73200,0,NONPI,,46156,46163,46171,46191,,JL5879,李咏媱
U103716,611233783,生效,众和恒富理财集团有限公司,经代业务,同行经代,持牌经纪,唯思,唯思财富顾问,唯思财富顾问,香港永明金融有限公司,储蓄,万年青·星河尊享保险计划II,2,年缴,美金,20000,156000,156000,40000,0,NONPI,,46161,46163,46163,46177,战略合作,JK6768,林小莎
J10002561,602070359,生效,九富保险服务有限公司,代理人业务,天领业务,天领机构,天领重庆,重庆经代,王涵,香港永明金融有限公司,重疾,万家康卓越保,25,年缴,美金,1267,9882.6,9882.6,50000,0,NONPI,,46150,46163,46175,46199,,JL5879,李咏媱
PI103131,506-1183090,生效,天誉国际财富管理有限公司,经代业务,同行经代,持牌经纪,天誉国际(MGA),宏安证券有限公司,宏安证券有限公司,香港安盛保险有限公司,储蓄,盛利II储蓄保险-至尊,2,年缴,美金,100000,780000,780000,,0,NONPI,,46155,46163,46164,46183,姜通,JH9602,余文茜
PI103329,505-9632793,生效,天誉国际财富管理有限公司,经代业务,同行经代,持牌经纪,天誉国际(MGA),宏安证券有限公司,宏安证券有限公司,香港安盛保险有限公司,储蓄,盛利II储蓄保险-至尊,2,预缴,美金,50000,390000,390000,100000,0,NONPI,,46156,46163,46163,46198,姜通,JL6752,王晶晶
J103293,602070360,生效,九富保险服务有限公司,经代业务,永明经代,持牌经纪,万森保险,万森保险,Booking,香港永明金融有限公司,储蓄,万年青·星河尊享保险计划II,5,年缴,美金,20000,156000,156000,100000,0,NONPI,,46156,46163,46168,46191,高瑶,JL5879,李咏媱
J103302,602070361,生效,九富保险服务有限公司,经代业务,永明经代,持牌经纪,万森保险,万森保险,Booking,香港永明金融有限公司,储蓄,万年青·星河尊享保险计划II,5,年缴,美金,20000,156000,156000,100000,0,NONPI,,46156,46163,46168,46176,高瑶,JL5879,李咏媱
PI103284,1.00043E+11,生效,天誉国际财富管理有限公司,经代业务,同行经代,持牌经纪,天誉国际(MGA),宏安证券有限公司,宏安证券有限公司,立桥人寿保险有限公司,储蓄,智选储蓄保（20年保障期）,1,整付,美金,100000,780000,78000,100000,0,NONPI,,46156,46163,46164,46189,姜通,JH9602,余文茜
J10002633,602070257,生效,九富保险服务有限公司,代理人业务,天领业务,天领机构,天领重庆,重庆经代,王涵,香港永明金融有限公司,储蓄,万年青·星河尊享保险计划II,5,年缴,美金,3000,23400,23400,15000,0,NONPI,,46151,46164,46165,46169,,JF7605,林思思
J10002624,602070096,生效,九富保险服务有限公司,代理人业务,天领业务,天领机构,天领重庆,重庆经代,王涵,香港永明金融有限公司,储蓄,万年青·星河尊享保险计划II,5,预缴,美金,20000,156000,156000,100000,0,NONPI,,46151,46164,46164,46177,,JJ5633,陈昊锴
U102780,611233791,生效,众和恒富理财集团有限公司,经代业务,永明经代,持牌经纪,堡盛国际,堡盛国际,堡盛国际,香港永明金融有限公司,储蓄,万年青·星河尊享保险计划II,2,预缴,美金,73000,569400,569400,146000,0,NONPI,,46160,46164,46168,46183,姜通,JF7523,吕静文
U104157,611233935,生效,众和恒富理财集团有限公司,经代业务,永明经代,持牌经纪,中天家办,中天家办,中天家办,香港永明金融有限公司,储蓄,万年青·星河尊享保险计划II,5,年缴,美金,20000,156000,156000,100000,0,NONPI,,46164,46164,46169,46171,白博文,JK7517,王杰辉
PI104094,506-1183595,生效,天誉国际财富管理有限公司,经代业务,同行经代,持牌经纪,天誉国际(MGA),盈丰资本财富管理（香港）有限公司,盈丰资本财富管理（香港）有限公司,香港安盛保险有限公司,储蓄,盛利II储蓄保险-至尊,2,年缴,美金,50000,390000,390000,100000,0,PI,,46163,46164,46164,46178,姜通,JH9602,余文茜
U103671,611233790,取消投保,众和恒富理财集团有限公司,经代业务,永明经代,持牌经纪,富仕德,富仕德,富仕德,香港永明金融有限公司,储蓄,万年青·星河传承保险计划II,2,年缴,人民币,350000,399000,399000,700000,0,NONPI,,46161,46164,46168,,,JF7523,吕静文
J103419,602070242,生效,九富保险服务有限公司,经代业务,永明经代,持牌经纪,紫荆保险,紫荆保险,紫荆保险,香港永明金融有限公司,储蓄,万年青·星河尊享保险计划II,5,年缴,美金,30000,234000,234000,150000,0,NONPI,,46157,46165,46169,46174,,JF7605,林思思
U102555,611233795,生效,众和恒富理财集团有限公司,经代业务,同行经代,持牌经纪,天誉国际,宏安证券有限公司,宏安证券有限公司,香港永明金融有限公司,储蓄,万年青·星河尊享保险计划II,5,年缴,美金,15000,117000,117000,75000,0,NONPI,,46150,46165,46168,46181,姜通,JF7523,吕静文
PI103644,505-9635168,生效,天誉国际财富管理有限公司,经代业务,同行经代,持牌经纪,天誉国际(MGA),宏安证券有限公司,宏安证券有限公司,香港安盛保险有限公司,储蓄,盛利II储蓄保险-至尊,5,年缴,美金,5000,39000,39000,25000,0,NONPI,,46161,46165,46169,46177,姜通,JL6752,王晶晶
J103599,602070243,生效,九富保险服务有限公司,经代业务,永明经代,持牌经纪,紫荆保险,紫荆保险,紫荆保险,香港永明金融有限公司,储蓄,万年青·星河尊享保险计划II,2,年缴,美金,25000,195000,195000,50000,0,NONPI,,46160,46165,46169,46188,,JF7605,林思思
U103707,611233796,生效,众和恒富理财集团有限公司,经代业务,永明经代,持牌经纪,富仕德,富仕德,富仕德,香港永明金融有限公司,储蓄,万年青·星河尊享保险计划II,2,年缴,人民币,400000,456000,456000,800000,0,NONPI,,46161,46165,46168,46185,,JF7523,吕静文
PI102564,505-9635242,生效,天誉国际财富管理有限公司,经代业务,同行经代,持牌经纪,天誉国际(MGA),宏安证券有限公司,宏安证券有限公司,香港安盛保险有限公司,储蓄,盛利II储蓄保险-至尊,5,年缴,美金,15000,117000,117000,75000,0,NONPI,,46150,46165,46169,46178,姜通,JL6752,王晶晶
U103770,611233797,生效,众和恒富理财集团有限公司,经代业务,同行经代,持牌经纪,天誉国际,宏安证券有限公司,宏安证券有限公司,香港永明金融有限公司,储蓄,万年青·星河尊享保险计划II,5,年缴,美金,20000,156000,156000,100000,0,NONPI,,46161,46165,46168,46177,姜通,JF7523,吕静文
U104319,611233787,取消投保,众和恒富理财集团有限公司,经代业务,同行经代,持牌经纪,唯思,唯思财富顾问,唯思财富顾问,香港永明金融有限公司,储蓄,万年青·星河尊享保险计划II,5,预缴,美金,10000,78000,78000,50000,0,NONPI,,46164,46165,46168,,战略合作,JF7523,吕静文
PI103779,1.00044E+11,生效,天誉国际财富管理有限公司,经代业务,同行经代,持牌经纪,天誉国际(MGA),宏安证券有限公司,宏安证券有限公司,立桥人寿保险有限公司,储蓄,智选储蓄保（20年保障期）,1,整付,美金,73500,573300,57330,,0,NONPI,,46161,46165,46169,46177,姜通,JL6752,王晶晶
U103725,602070246,生效,九富保险服务有限公司,经代业务,同行经代,持牌经纪,天誉国际,宏安证券有限公司,宏安证券有限公司,香港永明金融有限公司,储蓄,万年青·星河尊享保险计划II,2,年缴,美金,100000,780000,780000,200000,0,NONPI,8%,46161,46168,46170,46182,姜通,JF7605,林思思
J10002921,602070364,生效,九富保险服务有限公司,代理人业务,成事家办,IYB分公司,杨帆,杨帆,曲景宾,香港永明金融有限公司,储蓄,万年青·星河尊享保险计划II,2,预缴,人民币,350000,399000,399000,700000,0,NONPI,,46157,46168,46176,46195,,JL5879,李咏媱
U104058,611233678,生效,众和恒富理财集团有限公司,经代业务,永明经代,持牌经纪,堡盛国际,堡盛国际,堡盛国际,香港永明金融有限公司,储蓄,万年青·星河尊享保险计划II,2,预缴,美金,15000,117000,117000,30000,0,NONPI,,46163,46168,46168,46217,姜通,JK6768,林小莎
J001568,602070088,生效,九富保险服务有限公司,代理人业务,天领业务,天领机构,天领深圳,大湾区,秦媛,香港永明金融有限公司,储蓄,万年青·星河传承保险计划II,5,年缴,美金,1000000,7800000,7800000,5000000,0,NONPI,20%,46164,46168,46177,46191,,JF7605,林思思
U104481,611221134,生效,众和恒富理财集团有限公司,经代业务,同行经代,持牌经纪,天誉国际,宏安证券有限公司,宏安证券有限公司,香港永明金融有限公司,储蓄,万年青·星河尊享保险计划II,5,年缴,美金,15000,117000,117000,75000,0,NONPI,,46167,46168,46168,46195,姜通,JF7523,吕静文
D10003020,506-1185905,生效,怡泰财富管理有限公司,代理人业务,天领业务,天领机构,天领成都,成都经代,康健,香港安盛保险有限公司,储蓄,盛利II储蓄保险-至尊,2,年缴,美金,15000,117000,117000,30000,0,NONPI,,46162,46168,46168,46184,,JF2281,赖晔敏
J104130,602070383,生效,九富保险服务有限公司,经代业务,永明经代,持牌经纪,万森保险,万森保险,万森保险,香港永明金融有限公司,储蓄,万年青·星河尊享保险计划II,5,年缴,美金,30000,234000,234000,150000,0,NONPI,,46163,46168,46175,46176,高瑶,JL5879,李咏媱
U104121,611221148,生效,众和恒富理财集团有限公司,经代业务,永明经代,持牌经纪,堡盛国际,堡盛国际,堡盛国际,香港永明金融有限公司,储蓄,万年青·星河尊享保险计划II,2,预缴,美金,22000,171600,171600,44000,0,NONPI,,46163,46168,46168,46206,姜通,JK6768,林小莎
U104211,611233839,生效,众和恒富理财集团有限公司,经代业务,同行经代,持牌经纪,唯思,唯思财富顾问,唯思财富顾问,香港永明金融有限公司,储蓄,万年青·星河尊享保险计划II,2,年缴,美金,100000,780000,780000,200000,0,NONPI,8%,46164,46168,46168,46198,战略合作,JF7523,吕静文
U103734,602070363,生效,九富保险服务有限公司,经代业务,同行经代,持牌经纪,天誉国际,宏安证券有限公司,宏安证券有限公司,香港永明金融有限公司,储蓄,万年青·星河尊享保险计划II,2,年缴,人民币,204000,232560,232560,408000,0,NONPI,,46161,46168,46175,46185,姜通,JL5879,李咏媱
J104139,602070384,生效,九富保险服务有限公司,经代业务,永明经代,持牌经纪,万森保险,万森保险,万森保险,香港永明金融有限公司,重疾,万家康尊尚保,10,年缴,美金,5214,40669.2,40669.2,150000,0,NONPI,,46164,46168,46175,46174,高瑶,JL5879,李咏媱
U104103,602070147,生效,九富保险服务有限公司,经代业务,同行经代,持牌经纪,天誉国际,宏安证券有限公司,宏安证券有限公司,香港永明金融有限公司,储蓄,万年青·星河尊享保险计划II,2,年缴,人民币,105000,119700,119700,210000,0,NONPI,,46163,46168,46170,46199,姜通,JF7605,林思思
U104553,611221143,取消投保,众和恒富理财集团有限公司,经代业务,同行经代,持牌经纪,唯思,唯思财富顾问,唯思财富顾问,香港永明金融有限公司,储蓄,万年青·星河尊享保险计划II,5,年缴,美金,15000,117000,117000,75000,0,NONPI,,46167,46168,46168,,战略合作,JF7523,吕静文
J102942,602070362,生效,九富保险服务有限公司,经代业务,永明经代,持牌经纪,紫荆保险,紫荆保险,紫荆保险,香港永明金融有限公司,储蓄,万年青·星河尊享保险计划II,2,年缴,美金,37500,292500,292500,75000,0,NONPI,,46155,46168,46177,46213,,JL5879,李咏媱
J103986,611221147,生效,众和恒富理财集团有限公司,经代业务,永明经代,持牌经纪,紫荆保险,紫荆保险,紫荆保险,香港永明金融有限公司,储蓄,万年青·星河尊享保险计划II,5,年缴,美金,50000,390000,390000,250000,0,NONPI,15%,46162,46168,46169,46190,,JK6768,林小莎
J104337,602070180,生效,九富保险服务有限公司,经代业务,永明经代,持牌经纪,万森保险,万森保险,万森保险,香港永明金融有限公司,储蓄,万年青·星河尊享保险计划II,5,年缴,美金,150000,1170000,1170000,750000,0,PI,,46165,46168,46169,46190,高瑶,JF7605,林思思
D10003137,B8341826,生效,怡泰财富管理有限公司,代理人业务,天领业务,天领机构,天领重庆,重庆经代,王栎丽,微蓝保险有限公司,储蓄,GO息宝3储蓄保险计划,1,整付,美金,500000,3900000,390000,500000,0,NONPI,,46166,46168,46168,46176,,JH6936,余迪慷
D10003074,1.00044E+11,生效,怡泰财富管理有限公司,代理人业务,天领业务,天领机构,天领重庆,重庆经代,王栎丽,立桥人寿保险有限公司,储蓄,智选储蓄保（20年保障期）,1,整付,美金,500000,3900000,390000,500000,0,NONPI,,46164,46168,46168,46177,,JH6936,余迪慷
U104076,611233934,生效,众和恒富理财集团有限公司,经代业务,永明经代,持牌经纪,堡盛国际,堡盛国际,堡盛国际,香港永明金融有限公司,储蓄,万年青·星河尊享保险计划II,2,预缴,美金,40000,312000,312000,80000,0,NONPI,,46163,46169,46170,46171,姜通,JK7517,王杰辉
J103977,602070150,生效,九富保险服务有限公司,经代业务,同行经代,持牌经纪,天誉国际,宏安证券有限公司,宏安证券有限公司,香港永明金融有限公司,储蓄,万年青·星河尊享保险计划II,5,年缴,美金,50000,390000,390000,250000,0,PI,15%,46162,46169,46169,46195,姜通,JF7605,林思思
U103968,602070398,生效,九富保险服务有限公司,经代业务,同行经代,持牌经纪,天誉国际,宏安证券有限公司,宏安证券有限公司,香港永明金融有限公司,储蓄,万年青·星河尊享保险计划II,2,预缴,美金,50000,390000,390000,100000,0,NONPI,6%,46162,46169,46174,46209,姜通,JL5879,李咏媱
J104607,611233799,取消投保,众和恒富理财集团有限公司,经代业务,同行经代,持牌经纪,天誉国际,盈丰资本财富管理（香港）有限公司,盈丰资本财富管理（香港）有限公司,香港永明金融有限公司,储蓄,万年青·星河尊享保险计划II,5,年缴,美金,35000,273000,273000,175000,0,PI,10%,46167,46169,46169,46178,姜通,JK6768,林小莎
PI104004,506-1185848,生效,天誉国际财富管理有限公司,经代业务,同行经代,持牌经纪,天誉国际(MGA),宏安证券有限公司,宏安证券有限公司,香港安盛保险有限公司,储蓄,盛利II储蓄保险-至尊,2,预缴,美金,30000,234000,234000,60000,0,NONPI,,46162,46169,46170,46199,姜通,JH9602,余文茜
U104544,602070392,生效,九富保险服务有限公司,经代业务,永明经代,持牌经纪,紫荆保险,紫荆保险,紫荆保险,香港永明金融有限公司,储蓄,万年青·星河尊享保险计划II,2,预缴,人民币,250000,285000,285000,500000,0,NONPI,,46167,46169,46175,46177,,JL5879,李咏媱
U103743,602070395,生效,九富保险服务有限公司,经代业务,同行经代,持牌经纪,天誉国际,宏安证券有限公司,宏安证券有限公司,香港永明金融有限公司,储蓄,万年青·星河尊享保险计划II,2,年缴,美金,50000,390000,390000,100000,0,NONPI,6%,46161,46169,46174,46190,姜通,JL5879,李咏媱
Z10003128,G685938843,生效,置富理财(香港)有限公司,代理人业务,天领业务,天领机构,天领成都,成都经代,钱语滋,友邦保险（国际）有限公司,储蓄,环宇盈活储蓄保险计划,5,年缴,美金,20000,156000,156000,100000,0,NONPI,,46164,46169,46170,46190,,JH6936,余迪慷
Z10003119,G685939062,生效,置富理财(香港)有限公司,代理人业务,天领业务,天领机构,天领成都,成都经代,钱语滋,友邦保险（国际）有限公司,重疾,「爱伴航」保险计划2,25,年缴,美金,1953,15233.4,15233.4,150000,0,NONPI,,46164,46169,46169,46190,,JH6936,余迪慷
J10003263,602070399,生效,九富保险服务有限公司,代理人业务,天领业务,天领机构,天领重庆,重庆经代,王栎丽,香港永明金融有限公司,储蓄,万年青·星河尊享保险计划II,5,预缴,美金,100000,780000,780000,500000,0,NONPI,20%,46168,46169,46171,46182,,JL5879,李咏媱
U103752,602070394,生效,九富保险服务有限公司,经代业务,同行经代,持牌经纪,天誉国际,宏安证券有限公司,宏安证券有限公司,香港永明金融有限公司,储蓄,万年青·星河尊享保险计划II,2,年缴,美金,50000,390000,390000,100000,0,NONPI,6%,46161,46170,46176,46199,姜通,JL5879,李咏媱
U104688,611233708,生效,众和恒富理财集团有限公司,经代业务,同行经代,持牌经纪,唯思,唯思财富顾问,唯思财富顾问,香港永明金融有限公司,储蓄,万年青·星河尊享保险计划II,2,预缴,美金,50000,390000,390000,100000,0,NONPI,6%,46168,46170,46170,46199,战略合作,JK6768,林小莎
U104733,611233709,生效,众和恒富理财集团有限公司,经代业务,同行经代,持牌经纪,唯思,唯思财富顾问,唯思财富顾问,香港永明金融有限公司,储蓄,万年青·星河尊享保险计划II,2,年缴,人民币,350000,399000,399000,700000,0,NONPI,,46169,46170,46170,46195,战略合作,JK6768,林小莎
U104742,611233933,生效,众和恒富理财集团有限公司,经代业务,同行经代,持牌经纪,唯思,唯思财富顾问,唯思财富顾问,香港永明金融有限公司,储蓄,万年青·星河尊享保险计划II,2,预缴,美金,25000,195000,195000,50000,0,NONPI,,46169,46170,46170,46182,战略合作,JK7517,王杰辉
J10003326,602070400,生效,九富保险服务有限公司,代理人业务,天领业务,天领机构,天领重庆,重庆经代,王茜,香港永明金融有限公司,储蓄,万年青·星河传承保险计划II,5,预缴,美金,50000,390000,390000,250000,0,NONPI,100%,46169,46170,46176,46185,,JJ5633,陈昊锴
J10003173,602070367,生效,九富保险服务有限公司,代理人业务,天领业务,天领贴牌,合肥,合肥,黄琪坤,香港永明金融有限公司,储蓄,万年青·星河尊享保险计划II,5,年缴,美金,50000,390000,390000,250000,0,NONPI,15%,46168,46170,46176,46190,,JL5879,李咏媱
PI103626,1.00043E+11,生效,天誉国际财富管理有限公司,经代业务,同行经代,持牌经纪,天誉国际(MGA),宏安证券有限公司,宏安证券有限公司,立桥人寿保险有限公司,储蓄,智选储蓄保（20年保障期）,1,整付,美金,250000,1950000,195000,,0,NONPI,,46161,46170,46170,46213,姜通,JH9602,余文茜
PI105705,1.00044E+11,生效,天誉国际财富管理有限公司,经代业务,同行经代,持牌经纪,天誉国际(MGA),宏安证券有限公司,宏安证券有限公司,立桥人寿保险有限公司,储蓄,智选储蓄保（20年保障期）,1,整付,美金,100000,780000,78000,100000,0,NONPI,,46173,46171,46174,46183,姜通,JH9602,余文茜
PI105759,1.00044E+11,生效,天誉国际财富管理有限公司,经代业务,同行经代,持牌经纪,天誉国际(MGA),宏安证券有限公司,宏安证券有限公司,立桥人寿保险有限公司,储蓄,智选储蓄保（20年保障期）,1,整付,美金,12500,97500,9750,,0,NONPI,,46174,46174,46174,46184,姜通,JL6752,王晶晶
U104229,611233938,生效,众和恒富理财集团有限公司,经代业务,同行经代,持牌经纪,天誉国际,盈丰资本财富管理（香港）有限公司,盈丰资本财富管理（香港）有限公司,香港永明金融有限公司,储蓄,万年青·星河尊享保险计划II,5,年缴,美金,15000,117000,117000,75000,0,NONPI,,46164,46171,46176,46181,姜通,JK7517,王杰辉
J001556,602070146,生效,九富保险服务有限公司,经代业务,永明经代,持牌经纪,紫荆保险,紫荆保险,紫荆保险,香港永明金融有限公司,储蓄,万年青·星河尊享保险计划II,2,预缴,美金,75000,585000,585000,150000,0,NONPI,6%,46148,46171,46176,46196,,JF7605,林思思
U104256,611233704,生效,众和恒富理财集团有限公司,经代业务,永明经代,持牌经纪,中天家办,中天家办,中天家办,香港永明金融有限公司,储蓄,万年青·星河尊享保险计划II,5,预缴,美金,100000,780000,780000,500000,0,PI,20%,46164,46171,46175,46199,白博文,JK6768,林小莎
U102951,611233937,生效,众和恒富理财集团有限公司,经代业务,同行经代,持牌经纪,唯思,同智顾问,同智顾问,香港永明金融有限公司,储蓄,万年青·星河尊享保险计划II,5,预缴,美金,20000,156000,156000,100000,0,NONPI,,46155,46171,46176,46199,战略合作,JK7517,王杰辉
D104985,611231877,生效,怡泰财富管理有限公司,经代业务,BK业务,银行网点,平安银行,平安银行,平安香港分行王慧娟,香港永明金融有限公司,储蓄,永誉传承储蓄计划,1,整付,美金,1000000,7800000,780000,1000000,1,NONPI,2.50%,46171,46171,46183,46197,,JF2281,赖晔敏
U104832,611233936,生效,众和恒富理财集团有限公司,经代业务,同行经代,持牌经纪,天誉国际,宏安证券有限公司,宏安证券有限公司,香港永明金融有限公司,储蓄,万年青·星河尊享保险计划II,5,预缴,美金,30000,234000,234000,150000,0,NONPI,,46169,46171,46176,46189,姜通,JK7517,王杰辉
PI104868,93097795,生效,天誉国际财富管理有限公司,经代业务,同行经代,持牌经纪,天誉国际(MGA),宏安证券有限公司,宏安证券有限公司,万通保险国际有限公司,储蓄,富饶万家储蓄保险计划,5,年缴,美金,20000,156000,156000,,0,NONPI,,46170,46171,46174,46203,姜通,JH9602,余文茜
PI104850,93083453,生效,天誉国际财富管理有限公司,经代业务,同行经代,持牌经纪,天誉国际(MGA),宏安证券有限公司,宏安证券有限公司,万通保险国际有限公司,储蓄,富饶万家储蓄保险计划,2,预缴,美金,50000,390000,390000,,0,NONPI,,46170,46171,46174,46197,姜通,JH9602,余文茜
PI104841,92910275,生效,天誉国际财富管理有限公司,经代业务,同行经代,持牌经纪,天誉国际(MGA),宏安证券有限公司,宏安证券有限公司,万通保险国际有限公司,储蓄,富饶万家储蓄保险计划,2,预缴,美金,15000,117000,117000,30000,0,NONPI,,46170,46171,46171,46181,姜通,JL6752,王晶晶
PI104715,506-1186937,生效,天誉国际财富管理有限公司,经代业务,同行经代,持牌经纪,天誉国际(MGA),宏安证券有限公司,宏安证券有限公司,香港安盛保险有限公司,储蓄,盛利II储蓄保险-至尊,2,年缴,美金,20000,156000,156000,40000,0,NONPI,,46168,46171,46174,46184,姜通,JH9602,余文茜
U104724,611233941,生效,众和恒富理财集团有限公司,经代业务,同行经代,持牌经纪,天誉国际,宏安证券有限公司,宏安证券有限公司,香港永明金融有限公司,储蓄,万年青·星河尊享保险计划II,2,年缴,美金,20000,156000,156000,40000,0,NONPI,,46168,46171,46176,46188,姜通,JK7517,王杰辉
U104526,611210804,生效,众和恒富理财集团有限公司,经代业务,永明经代,持牌经纪,堡盛国际,堡盛国际,堡盛国际,香港永明金融有限公司,储蓄,万年青·星河传承保险计划II,5,年缴,美金,40000,312000,312000,200000,0,NONPI,,46167,46171,46175,46189,姜通,JK6768,林小莎
J10003398,602070260,退保,九富保险服务有限公司,代理人业务,成事家办,IYB分公司,杨璐熙,杨璐熙,杨璐熙,香港永明金融有限公司,储蓄,万年青·星河尊享保险计划II,5,年缴,美金,20000,156000,156000,100000,0,NONPI,,46171,46171,46176,46202,,JF7605,林思思
U104958,611233669,生效,众和恒富理财集团有限公司,经代业务,同行经代,持牌经纪,天誉国际,盈丰资本财富管理（香港）有限公司,盈丰资本财富管理（香港）有限公司,香港永明金融有限公司,储蓄,万年青·星河尊享保险计划II,2,预缴,美金,65000,507000,507000,130000,0,NONPI,,46170,46171,46175,46178,姜通,JK6768,林小莎
U104697,611233710,生效,众和恒富理财集团有限公司,经代业务,同行经代,持牌经纪,唯思,唯思财富顾问,唯思财富顾问,香港永明金融有限公司,储蓄,万年青·星河尊享保险计划II,2,年缴,美金,40000,312000,312000,80000,0,NONPI,,46168,46171,46175,46190,战略合作,JK6768,林小莎
U104562,611233940,生效,众和恒富理财集团有限公司,经代业务,永明经代,持牌经纪,企鹅保险,企鹅保险,企鹅保险,香港永明金融有限公司,储蓄,万年青·星河尊享保险计划II,2,年缴,人民币,350000,399000,399000,700000,0,NONPI,6%,46167,46172,46176,46213,姜通,JK7517,王杰辉
U105597,602070365,取消投保,九富保险服务有限公司,经代业务,同行经代,持牌经纪,天誉国际,宏安证券有限公司,宏安证券有限公司,香港永明金融有限公司,储蓄,万年青·星河尊享保险计划II,2,预缴,人民币,700000,798000,798000,1400000,0,PI,8%,46171,46172,46176,,姜通,JL5879,李咏媱
U104598,602070368,生效,九富保险服务有限公司,经代业务,同行经代,持牌经纪,天誉国际,宏安证券有限公司,宏安证券有限公司,香港永明金融有限公司,储蓄,万年青·星河尊享保险计划II,2,预缴,美金,75000,585000,585000,150000,0,NONPI,6%,46167,46172,46176,46190,姜通,JL5879,李咏媱
U104904,611233784,生效,众和恒富理财集团有限公司,经代业务,同行经代,持牌经纪,天誉国际,宏安证券有限公司,宏安证券有限公司,香港永明金融有限公司,储蓄,万年青·星河尊享保险计划II,5,年缴,人民币,30000,34200,34200,150000,0,NONPI,,46170,46172,46175,46189,姜通,JK7517,王杰辉
U104499,611233939,生效,众和恒富理财集团有限公司,经代业务,永明经代,持牌经纪,企鹅保险,企鹅保险,企鹅保险,香港永明金融有限公司,储蓄,万年青·星河尊享保险计划II,2,年缴,人民币,350000,399000,399000,700000,0,NONPI,,46167,46172,46176,46206,姜通,JK7517,王杰辉
U104895,611233943,生效,众和恒富理财集团有限公司,经代业务,永明经代,持牌经纪,中天家办,中天家办,中天家办,香港永明金融有限公司,储蓄,万年青·星河尊享保险计划II,5,预缴,美金,30000,234000,234000,150000,0,NONPI,,46170,46174,46176,46205,白博文,JK7517,王杰辉
J10003029,602070099,生效,九富保险服务有限公司,代理人业务,天领业务,天领机构,天领重庆,重庆经代,张珉婧,香港永明金融有限公司,重疾,万家康卓越保,20,年缴,美金,1341,10459.8,10459.8,100000,0,NONPI,,46163,46174,46176,46182,,JJ5633,陈昊锴
J10003038,602070100,生效,九富保险服务有限公司,代理人业务,天领业务,天领机构,天领重庆,重庆经代,张珉婧,香港永明金融有限公司,储蓄,万年青·星河尊享保险计划II,5,年缴,美金,8000,62400,62400,40000,0,NONPI,,46163,46174,46176,46182,,JJ5633,陈昊锴
U104679,611233942,生效,众和恒富理财集团有限公司,经代业务,永明经代,持牌经纪,堡盛国际,堡盛国际,堡盛国际,香港永明金融有限公司,储蓄,万年青·星河尊享保险计划II,2,年缴,美金,100000,780000,780000,200000,0,NONPI,,46168,46174,46176,46185,姜通,JK7517,王杰辉
U104913,602070371,生效,九富保险服务有限公司,经代业务,同行经代,持牌经纪,天誉国际,宏安证券有限公司,宏安证券有限公司,香港永明金融有限公司,储蓄,万年青·星河尊享保险计划II,2,年缴,美金,120000,936000,936000,240000,0,NONPI,8%,46170,46174,46176,46185,姜通,JL5879,李咏媱
J105732,602070366,生效,九富保险服务有限公司,经代业务,永明经代,持牌经纪,紫荆保险,紫荆保险,紫荆保险,香港永明金融有限公司,储蓄,万年青·星河尊享保险计划II,2,预缴,人民币,200000,228000,228000,400000,0,NONPI,,46174,46174,46176,46183,,JL5879,李咏媱
J105696,861001866,取消投保,九富保险服务有限公司,经代业务,永明经代,持牌经纪,万森保险,万森保险,万森保险,香港永明金融有限公司,人寿,卓裕人寿保险计划系列 III-100,10,年缴,美金,76650,597870,597870,1500000,0,PI,,46173,46174,46203,,高瑶,JF7605,林思思
U105786,611233794,生效,众和恒富理财集团有限公司,经代业务,永明经代,持牌经纪,动力势能,动力势能,动力势能,香港永明金融有限公司,储蓄,万年青·星河尊享保险计划II,2,预缴,人民币,500000,570000,570000,1000000,0,NONPI,,46174,46174,46180,46196,,JK7517,王杰辉
PI104652,1.00044E+11,生效,天誉国际财富管理有限公司,经代业务,同行经代,持牌经纪,天誉国际(MGA),宏安证券有限公司,宏安证券有限公司,立桥人寿保险有限公司,储蓄,智选储蓄保（20年保障期）,1,整付,美金,500000,3900000,390000,500000,0,NONPI,,46168,46175,46175,46198,姜通,JH9602,余文茜
D104760,611233729,生效,怡泰财富管理有限公司,经代业务,BK业务,银行网点,民生银行,民生银行,民生上海分行,香港永明金融有限公司,储蓄,万年青·卓金保险计划II,5,年缴,美金,50000,390000,390000,250000,0,PI,21%,46169,46175,46176,46209,,IA6464,连亮晴
D104769,611231879,生效,怡泰财富管理有限公司,经代业务,BK业务,银行网点,民生银行,民生银行,民生上海分行,香港永明金融有限公司,储蓄,万年青·卓金保险计划II,5,年缴,美金,50000,390000,390000,250000,0,PI,21%,46169,46175,46175,46196,,JF2281,赖晔敏
D104778,611231880,生效,怡泰财富管理有限公司,经代业务,BK业务,银行网点,民生银行,民生银行,民生上海分行,香港永明金融有限公司,储蓄,万年青·卓金保险计划II,5,年缴,美金,50000,390000,390000,250000,0,PI,21%,46169,46175,46175,46185,,JF2281,赖晔敏
U105804,611233732,生效,众和恒富理财集团有限公司,经代业务,同行经代,持牌经纪,天誉国际,宏安证券有限公司,宏安证券有限公司,香港永明金融有限公司,储蓄,万年青·星河尊享保险计划II,2,预缴,人民币,300000,342000,342000,600000,0,NONPI,,46174,46175,46175,46213,姜通,JK6768,林小莎
U105723,611233733,生效,众和恒富理财集团有限公司,经代业务,同行经代,持牌经纪,唯思,同智顾问,同智顾问,香港永明金融有限公司,储蓄,万年青·星河尊享保险计划II,5,预缴,美金,50000,390000,390000,250000,0,NONPI,15%,46174,46175,46176,46196,战略合作,JK6768,林小莎
U104940,602070262,生效,九富保险服务有限公司,经代业务,永明经代,持牌经纪,紫荆保险,紫荆保险,紫荆保险,香港永明金融有限公司,储蓄,万年青·星河尊享保险计划II,5,年缴,人民币,70000,79800,79800,350000,0,NONPI,,46170,46176,46176,46182,,JF7605,林思思
J10003191,602070102,生效,九富保险服务有限公司,代理人业务,天领业务,天领机构,天领重庆,重庆经代,皮磊,香港永明金融有限公司,重疾,万家康尊尚保,25,年缴,美金,1641,12799.8,12799.8,100000,0,NONPI,,46167,46176,46177,46195,,JJ5633,陈昊锴
J10003182,602070101,生效,九富保险服务有限公司,代理人业务,天领业务,天领机构,天领重庆,重庆经代,皮磊,香港永明金融有限公司,储蓄,万年青·星河尊享保险计划II,5,年缴,美金,5000,39000,39000,25000,0,NONPI,,46167,46176,46176,46182,,JJ5633,陈昊锴
J10003335,602070106,生效,九富保险服务有限公司,代理人业务,天领业务,天领机构,天领重庆,重庆经代,杨豪,香港永明金融有限公司,储蓄,万年青·星河传承保险计划II,5,年缴,美金,15000,117000,117000,75000,0,NONPI,,46170,46176,46176,46183,,JJ5633,陈昊锴
J10003542,602070077,生效,九富保险服务有限公司,代理人业务,成事家办,IYB分公司,刘微,刘微,郭倩云,香港永明金融有限公司,储蓄,万年青·星河尊享保险计划II,5,年缴,美金,30000,234000,234000,150000,0,NONPI,,46175,46177,46178,46206,,JL5879,李咏媱
J10003524,602070105,生效,九富保险服务有限公司,代理人业务,天领业务,天领机构,天领重庆,重庆经代,王璐洁,香港永明金融有限公司,储蓄,万年青·星河尊享保险计划II,2,预缴,美金,15000,117000,117000,30000,0,NONPI,,46175,46177,46189,46202,,JJ5633,陈昊锴
J10003299,602070104,生效,九富保险服务有限公司,代理人业务,天领业务,天领贴牌,广西贴牌,广西贴牌,侯靓,香港永明金融有限公司,储蓄,万年青·星河尊享保险计划II,5,年缴,美金,10000,78000,78000,50000,0,NONPI,,46171,46177,46189,46195,,JJ5633,陈昊锴
J10003461,602070109,生效,九富保险服务有限公司,代理人业务,天领业务,天领贴牌,广西贴牌,广西贴牌,罗亦泽,香港永明金融有限公司,储蓄,万年青·星河尊享保险计划II,2,年缴,美金,20000,156000,156000,40000,0,NONPI,,46174,46177,46189,46188,,JJ5633,陈昊锴
J105876,602070035,生效,九富保险服务有限公司,经代业务,永明经代,持牌经纪,万森保险,万森保险,万森保险,香港永明金融有限公司,储蓄,万年青·星河尊享保险计划II,5,年缴,人民币,200000,228000,228000,1000000,0,NONPI,,46176,46177,46178,46189,高瑶,JL5879,李咏媱
PI105885,1.00044E+11,生效,天誉国际财富管理有限公司,经代业务,同行经代,持牌经纪,天誉国际(MGA),堡盛国际,堡盛国际(TY),立桥人寿保险有限公司,储蓄,智选储蓄保（20年保障期）,1,整付,美金,50000,390000,39000,50000,0,NONPI,,46176,46177,46177,46197,姜通,JH9602,余文茜
U106173,602070374,取消投保,九富保险服务有限公司,经代业务,同行经代,持牌经纪,天誉国际,宏安证券有限公司,宏安证券有限公司,香港永明金融有限公司,储蓄,万年青·星河尊享保险计划II,5,年缴,美金,20000,156000,156000,100000,0,NONPI,,46177,46178,46183,,姜通,JL5879,李咏媱
J10003416,602070108,生效,九富保险服务有限公司,代理人业务,天领业务,天领机构,天领重庆,重庆经代,乔华桦,香港永明金融有限公司,重疾,万家康尊尚保,25,年缴,美金,1128,8798.4,8798.4,100000,0,NONPI,,46171,46178,46185,46189,,JJ5633,陈昊锴
J10003425,602070107,生效,九富保险服务有限公司,代理人业务,天领业务,天领机构,天领重庆,重庆经代,乔华桦,香港永明金融有限公司,重疾,万家康尊尚保,25,年缴,美金,1088,8486.4,8486.4,100000,0,NONPI,,46171,46178,46185,46189,,JJ5633,陈昊锴
J10003407,602070112,生效,九富保险服务有限公司,代理人业务,天领业务,天领机构,天领重庆,重庆经代,乔华桦,香港永明金融有限公司,储蓄,万年青·星河传承保险计划II,5,年缴,美金,30000,234000,234000,150000,0,NONPI,,46171,46178,46185,46184,,JJ5633,陈昊锴
U105858,611233739,生效,众和恒富理财集团有限公司,经代业务,同行经代,持牌经纪,唯思,同智顾问,同智顾问,香港永明金融有限公司,储蓄,万年青·星河尊享保险计划II,5,预缴,美金,50000,390000,390000,250000,0,PI,,46175,46178,46182,46189,战略合作,JK6768,林小莎
U105768,602070377,生效,九富保险服务有限公司,经代业务,同行经代,持牌经纪,天誉国际,宏安证券有限公司,宏安证券有限公司,香港永明金融有限公司,储蓄,万年青·星河尊享保险计划II,2,预缴,美金,25000,195000,195000,50000,0,NONPI,,46174,46178,46183,46189,姜通,JL5879,李咏媱
J10003479,602070268,生效,九富保险服务有限公司,代理人业务,天领业务,天领机构,天领重庆,重庆经代,姚晖,香港永明金融有限公司,储蓄,万年青·星河尊享保险计划II,5,年缴,美金,3000,23400,23400,15000,0,NONPI,,46174,46178,46178,46183,,JM3860,丁铭丰
J10003488,602070267,生效,九富保险服务有限公司,代理人业务,天领业务,天领机构,天领重庆,重庆经代,姚晖,香港永明金融有限公司,储蓄,万年青·星河尊享保险计划II,5,年缴,美金,5000,39000,39000,25000,0,NONPI,,46174,46178,46178,46183,,JM3860,丁铭丰
J10003641,602070111,生效,九富保险服务有限公司,代理人业务,天领业务,天领机构,天领重庆,重庆经代,乔华桦,香港永明金融有限公司,重疾,万家康尊尚保,25,年缴,美金,771.5,6017.7,6017.7,50000,0,NONPI,,46178,46178,46185,46185,,JJ5633,陈昊锴
U105903,611233738,生效,众和恒富理财集团有限公司,经代业务,同行经代,持牌经纪,天誉国际,宏安证券有限公司,宏安证券有限公司,香港永明金融有限公司,储蓄,万年青·星河尊享保险计划II,2,预缴,人民币,250000,285000,285000,500000,0,NONPI,,46176,46178,46182,46188,姜通,JK6768,林小莎
J10003434,602070393,生效,九富保险服务有限公司,代理人业务,天领业务,天领机构,天领重庆,重庆经代,王岩,香港永明金融有限公司,储蓄,万年青·星河传承保险计划II,5,年缴,美金,15000,117000,117000,75000,0,NONPI,,46172,46178,46183,46189,,JL5879,李咏媱
U105606,611233809,生效,众和恒富理财集团有限公司,经代业务,同行经代,持牌经纪,唯思,同智顾问,同智顾问,香港永明金融有限公司,储蓄,万年青·星河尊享保险计划II,2,预缴,美金,100000,780000,780000,200000,0,NONPI,8%,46174,46178,46179,46185,战略合作,JF7523,吕静文
U105849,611233740,生效,众和恒富理财集团有限公司,经代业务,同行经代,持牌经纪,唯思,唯思财富顾问,唯思财富顾问,香港永明金融有限公司,储蓄,万年青·星河尊享保险计划II,2,预缴,人民币,350000,399000,399000,700000,0,NONPI,6%,46175,46178,46182,46199,战略合作,JK6768,林小莎
U105714,611233798,生效,众和恒富理财集团有限公司,经代业务,永明经代,持牌经纪,堡盛国际,堡盛国际,堡盛国际,香港永明金融有限公司,储蓄,万年青·星河尊享保险计划II,5,年缴,人民币,210000,239400,239400,1050000,0,NONPI,,46174,46179,46181,46209,姜通,JF7523,吕静文
U106236,611233805,生效,众和恒富理财集团有限公司,经代业务,同行经代,持牌经纪,唯思,唯思财富顾问,唯思财富顾问,香港永明金融有限公司,储蓄,万年青·星河尊享保险计划II,5,年缴,人民币,70000,79800,79800,350000,0,NONPI,,46178,46179,46182,46209,战略合作,JF7523,吕静文
U104751,611233803,生效,众和恒富理财集团有限公司,经代业务,同行经代,持牌经纪,天誉国际,宏安证券有限公司,宏安证券有限公司,香港永明金融有限公司,储蓄,万年青·星河尊享保险计划II,5,年缴,人民币,120000,136800,136800,600000,0,NONPI,,46169,46179,46181,46213,姜通,JF7523,吕静文
U105831,611233801,取消投保,众和恒富理财集团有限公司,经代业务,同行经代,持牌经纪,唯思,唯思财富顾问,唯思财富顾问,香港永明金融有限公司,储蓄,万年青·星河尊享保险计划II,5,年缴,美金,10000,78000,78000,50000,0,NONPI,,46175,46179,46181,,战略合作,JF7523,吕静文
U105840,611233802,生效,众和恒富理财集团有限公司,经代业务,同行经代,持牌经纪,唯思,唯思财富顾问,唯思财富顾问,香港永明金融有限公司,储蓄,万年青·星河尊享保险计划II,5,预缴,美金,10000,78000,78000,50000,0,NONPI,,46175,46179,46181,46218,战略合作,JF7523,吕静文
PI106245,505-9653906,生效,天誉国际财富管理有限公司,经代业务,同行经代,持牌经纪,天誉国际(MGA),堡盛国际,堡盛国际(TY),香港安盛保险有限公司,储蓄,盛利II储蓄保险-至尊,5,年缴,美金,20000,156000,156000,100000,0,NONPI,,46178,46181,46181,46203,姜通,JL6752,王晶晶
PI106362,1.00044E+11,生效,天誉国际财富管理有限公司,经代业务,同行经代,持牌经纪,天誉国际(MGA),堡盛国际,堡盛国际(TY),立桥人寿保险有限公司,储蓄,智选储蓄保（20年保障期）,1,整付,美金,50000,390000,39000,,0,NONPI,,46180,46181,46181,46217,姜通,JL6752,王晶晶
PI106353,1.00044E+11,生效,天誉国际财富管理有限公司,经代业务,同行经代,持牌经纪,天誉国际(MGA),堡盛国际,堡盛国际(TY),立桥人寿保险有限公司,储蓄,智选储蓄保（20年保障期）,1,整付,美金,80000,624000,62400,,0,NONPI,,46180,46181,46181,46198,姜通,JL6752,王晶晶
U106380,611233713,生效,众和恒富理财集团有限公司,经代业务,永明经代,持牌经纪,臻略财富,臻略财富,臻略财富,香港永明金融有限公司,储蓄,万年青·星河尊享保险计划II,5,预缴,美金,10000,78000,78000,50000,0,NONPI,,46180,46181,46182,46206,白博文,JJ7007,王嘉鸣
U106326,611248880,生效,众和恒富理财集团有限公司,经代业务,同行经代,持牌经纪,天誉国际,宏安证券有限公司,宏安证券有限公司,香港永明金融有限公司,储蓄,万年青·星河尊享保险计划II,2,预缴,美金,20000,156000,156000,40000,0,NONPI,,46179,46181,46184,46199,姜通,JK7517,王杰辉
W10003605,G685982718,生效,唯思财富顾问有限公司,代理人业务,成事家办,IYB分公司,刘微,刘微,管宇,友邦保险（国际）有限公司,储蓄,环宇盈活储蓄保险计划,5,年缴,美金,10000,78000,78000,50000,0,NONPI,,46178,46182,46211,46203,,JK6768,林小莎
PI106623,506-1191226,生效,天誉国际财富管理有限公司,经代业务,同行经代,持牌经纪,天誉国际(MGA),堡盛国际,堡盛国际(TY),香港安盛保险有限公司,储蓄,盛利II储蓄保险-至尊,2,预缴,美金,50000,390000,390000,100000,0,NONPI,,46182,46183,46184,46199,姜通,JH9602,余文茜
PI106614,506-1191234,生效,天誉国际财富管理有限公司,经代业务,同行经代,持牌经纪,天誉国际(MGA),堡盛国际,堡盛国际(TY),香港安盛保险有限公司,储蓄,盛利II储蓄保险-至尊,2,预缴,美金,75000,585000,585000,150000,0,NONPI,,46182,46183,46184,46198,姜通,JH9602,余文茜
J105741,602070256,生效,九富保险服务有限公司,经代业务,永明经代,持牌经纪,紫荆保险,紫荆保险,紫荆保险,香港永明金融有限公司,储蓄,万年青·星河尊享保险计划II,2,年缴,美金,100000,780000,780000,200000,0,NONPI,,46174,46183,46184,46206,,JF7605,林思思
PI106569,1.00044E+11,生效,天誉国际财富管理有限公司,经代业务,同行经代,持牌经纪,天誉国际(MGA),堡盛国际,堡盛国际(TY),立桥人寿保险有限公司,储蓄,智选储蓄保（20年保障期）,1,整付,美金,33250,259350,25935,35000,0,NONPI,,46182,46183,46183,46218,姜通,JL6752,王晶晶
U106578,611248873,生效,众和恒富理财集团有限公司,经代业务,永明经代,持牌经纪,堡盛国际,堡盛国际,堡盛国际,香港永明金融有限公司,储蓄,万年青·星河尊享保险计划II,2,预缴,美金,100000,780000,780000,200000,0,NONPI,8%,46182,46183,46185,46206,姜通,JK7517,王杰辉
D107019,611232032,取消投保,怡泰财富管理有限公司,经代业务,BK业务,银行网点,平安银行,平安银行,平安香港分行高原,香港永明金融有限公司,储蓄,万年青·卓金保险计划II,5,年缴,美金,100000,780000,780000,500000,0,PI,21%,46185,46184,46188,,,JH6936,余迪慷
U106551,611233737,生效,众和恒富理财集团有限公司,经代业务,永明经代,持牌经纪,企鹅保险,企鹅保险,企鹅保险,香港永明金融有限公司,储蓄,万年青·星河尊享保险计划II,2,预缴,美金,15000,117000,117000,30000,0,NONPI,,46181,46184,46184,46189,姜通,JM4261,陈焕桃
U106533,611233736,生效,众和恒富理财集团有限公司,经代业务,永明经代,持牌经纪,企鹅保险,企鹅保险,企鹅保险,香港永明金融有限公司,储蓄,万年青·星河尊享保险计划II,5,年缴,美金,3000,23400,23400,15000,0,NONPI,,46181,46184,46184,46189,姜通,JM4261,陈焕桃
U106659,611233681,生效,众和恒富理财集团有限公司,经代业务,同行经代,持牌经纪,唯思,世承财富,世承财富,香港永明金融有限公司,储蓄,万年青·星河尊享保险计划II,2,预缴,美金,40000,312000,312000,80000,0,NONPI,,46182,46184,46184,46205,战略合作,JK6768,林小莎
U106749,611233770,生效,众和恒富理财集团有限公司,经代业务,同行经代,持牌经纪,天誉国际,宏安证券有限公司,宏安证券有限公司,香港永明金融有限公司,储蓄,万年青·星河尊享保险计划II,5,年缴,美金,30000,234000,234000,150000,0,NONPI,,46183,46184,46184,46205,姜通,JK6768,林小莎
D106785,611231901,生效,怡泰财富管理有限公司,KA业务,合伙转介业务,持牌转介,总部职能,总部职能,连亮晴,香港永明金融有限公司,储蓄,万年青·星河尊享保险计划II,5,预缴,美金,10000,78000,78000,50000,0,NONPI,,46184,46184,46185,46206,,IA6464,连亮晴
U106776,611233711,生效,众和恒富理财集团有限公司,经代业务,永明经代,持牌经纪,中天家办,中天家办,中天家办,香港永明金融有限公司,储蓄,万年青·星河尊享保险计划II,5,预缴,美金,100000,780000,780000,500000,0,PI,,46183,46184,46185,46218,白博文,JJ7007,王嘉鸣
U106398,611233735,生效,众和恒富理财集团有限公司,经代业务,永明经代,持牌经纪,企鹅保险,企鹅保险,企鹅保险,香港永明金融有限公司,储蓄,万年青·星河尊享保险计划II,5,年缴,人民币,210000,239400,239400,1050000,0,NONPI,,46181,46185,46185,46206,姜通,JM4261,陈焕桃
D106632,611231881,生效,怡泰财富管理有限公司,经代业务,BK业务,银行网点,民生银行,民生银行,民生呼和浩特分行,香港永明金融有限公司,储蓄,万年青·卓金保险计划II,5,年缴,美金,20000,156000,156000,100000,0,NONPI,59%,46183,46185,46185,46202,,JF2281,赖晔敏
D106560,611232119,生效,怡泰财富管理有限公司,经代业务,BK业务,银行网点,民生银行,民生银行,民生香港分行梁驹团队,香港永明金融有限公司,储蓄,万年青·卓金保险计划II,5,年缴,美金,50000,390000,390000,250000,0,NONPI,59%,46182,46185,46188,46195,,JM4219,黄妙生
U106920,611250500,生效,众和恒富理财集团有限公司,经代业务,永明经代,持牌经纪,企鹅保险,企鹅保险,企鹅保险,香港永明金融有限公司,储蓄,万年青·星河尊享保险计划II,2,预缴,美金,37500,292500,292500,75000,0,NONPI,,46184,46185,46185,46218,姜通,JM4261,陈焕桃
U106605,611233712,生效,众和恒富理财集团有限公司,经代业务,永明经代,持牌经纪,臻略财富,臻略财富,臻略财富,香港永明金融有限公司,储蓄,万年青·星河尊享保险计划II,2,年缴,美金,50000,390000,390000,100000,0,NONPI,,46182,46185,46185,46189,白博文,JJ7007,王嘉鸣
J106110,602070270,生效,九富保险服务有限公司,经代业务,永明经代,持牌经纪,万森保险,万森保险,万森保险,香港永明金融有限公司,储蓄,万年青·星河传承保险计划II,2,年缴,人民币,200000,228000,228000,400000,0,NONPI,,46177,46185,46190,46211,高瑶,JM3860,丁铭丰
J106803,602070200,生效,九富保险服务有限公司,经代业务,永明经代,持牌经纪,万森保险,万森保险,万森保险,香港永明金融有限公司,储蓄,万年青·星河传承保险计划II,5,年缴,美金,100000,780000,780000,500000,0,NONPI,,46184,46185,46199,46205,高瑶,JF7605,林思思
PI106947,506-1192190,生效,天誉国际财富管理有限公司,经代业务,同行经代,持牌经纪,天誉国际(MGA),宏安证券有限公司,宏安证券有限公司,香港安盛保险有限公司,储蓄,盛利II储蓄保险-至尊,5,年缴,美金,30000,234000,234000,,0,NONPI,,46185,46185,46188,46203,姜通,JH9602,余文茜
U106821,602070115,生效,九富保险服务有限公司,经代业务,同行经代,持牌经纪,天誉国际,宏安证券有限公司,宏安证券有限公司,香港永明金融有限公司,储蓄,万年青·星河尊享保险计划II,2,预缴,美金,100000,780000,780000,200000,0,NONPI,,46184,46186,46197,46198,姜通,JJ5633,陈昊锴
J106650,602070114,生效,九富保险服务有限公司,经代业务,永明经代,持牌经纪,万森保险,万森保险,万森保险,香港永明金融有限公司,储蓄,万年青·星河尊享保险计划II,5,年缴,美金,30000,234000,234000,150000,0,NONPI,,46182,46186,46197,46210,高瑶,JJ5633,陈昊锴
PI107091,505-9661685,生效,天誉国际财富管理有限公司,经代业务,同行经代,持牌经纪,天誉国际(MGA),堡盛国际,堡盛国际(TY),香港安盛保险有限公司,储蓄,盛利II储蓄保险-至尊,5,年缴,美金,100000,780000,780000,,0,PI,,46187,46188,46188,46209,姜通,JH9602,余文茜
U106254,611250503,生效,众和恒富理财集团有限公司,经代业务,同行经代,持牌经纪,天誉国际,宏安证券有限公司,宏安证券有限公司,香港永明金融有限公司,储蓄,万年青·星河尊享保险计划II,2,预缴,美金,24000,187200,187200,48000,0,NONPI,,46178,46188,46190,46199,姜通,JM4261,陈焕桃
U106758,602070265,生效,九富保险服务有限公司,经代业务,同行经代,持牌经纪,天誉国际,宏安证券有限公司,宏安证券有限公司,香港永明金融有限公司,储蓄,万年青·星河尊享保险计划II,2,预缴,美金,100000,780000,780000,200000,0,NONPI,,46183,46188,46190,46206,姜通,JM3860,丁铭丰
U107028,611233743,生效,众和恒富理财集团有限公司,经代业务,同行经代,持牌经纪,天誉国际,盈丰资本财富管理（香港）有限公司,盈丰资本财富管理（香港）有限公司,香港永明金融有限公司,储蓄,万年青·星河尊享保险计划II,2,预缴,美金,30000,234000,234000,60000,0,NONPI,,46185,46188,46189,46195,姜通,JK6768,林小莎
J10003812,602070369,生效,九富保险服务有限公司,代理人业务,天领业务,天领机构,天领重庆,重庆经代,王永翠,香港永明金融有限公司,储蓄,万年青·星河尊享保险计划II,5,年缴,美金,20000,156000,156000,100000,0,NONPI,,46185,46189,46197,46206,,JL5879,李咏媱
U107064,611233769,取消投保,众和恒富理财集团有限公司,经代业务,永明经代,持牌经纪,臻略财富,臻略财富,臻略财富,香港永明金融有限公司,储蓄,万年青·星河尊享保险计划II,2,预缴,美金,100000,780000,780000,200000,0,PI,,46187,46189,46190,,白博文,JK6768,林小莎
PI107109,93104885,生效,天誉国际财富管理有限公司,经代业务,同行经代,持牌经纪,天誉国际(MGA),宏安证券有限公司,宏安证券有限公司,万通保险国际有限公司,储蓄,富饶万家储蓄保险计划,5,预缴,美金,20000,156000,156000,100000,0,NONPI,,46188,46189,46190,46195,姜通,JL6752,王晶晶
U107082,611233768,生效,众和恒富理财集团有限公司,经代业务,同行经代,持牌经纪,天誉国际,盈丰资本财富管理（香港）有限公司,盈丰资本财富管理（香港）有限公司,香港永明金融有限公司,储蓄,万年青·星河尊享保险计划II,2,年缴,美金,22000,171600,171600,44000,0,NONPI,,46187,46189,46189,46195,姜通,JK6768,林小莎
J10003560,602070116,生效,九富保险服务有限公司,代理人业务,天领业务,天领机构,天领重庆,重庆经代,王璐洁,香港永明金融有限公司,储蓄,万年青·星河尊享保险计划II,5,年缴,美金,20000,156000,156000,100000,0,NONPI,,46177,46189,46197,46210,,JJ5633,陈昊锴
J10003659,602070380,生效,九富保险服务有限公司,代理人业务,天领业务,天领贴牌,台州,台州,台州,香港永明金融有限公司,储蓄,万年青·星河尊享保险计划II,5,年缴,美金,20000,156000,156000,100000,0,NONPI,,46181,46189,46197,46206,,JL5879,李咏媱
U106641,611248879,生效,众和恒富理财集团有限公司,经代业务,同行经代,持牌经纪,唯思,同智顾问,同智顾问,香港永明金融有限公司,储蓄,万年青·星河尊享保险计划II,2,预缴,人民币,200000,228000,228000,400000,0,NONPI,,46182,46190,46191,46206,战略合作,JK7517,王杰辉
U106731,602070373,生效,九富保险服务有限公司,经代业务,同行经代,持牌经纪,天誉国际,宏安证券有限公司,宏安证券有限公司,香港永明金融有限公司,储蓄,万年青·星河尊享保险计划II,2,年缴,美金,125000,975000,975000,250000,0,PI,,46182,46190,46197,46202,姜通,JL5879,李咏媱
U106596,611233742,生效,众和恒富理财集团有限公司,经代业务,永明经代,持牌经纪,企鹅保险,企鹅保险,企鹅保险,香港永明金融有限公司,储蓄,万年青·星河尊享保险计划II,5,年缴,人民币,400000,456000,456000,2000000,0,NONPI,,46182,46190,46190,46212,姜通,JM4261,陈焕桃
PI106722,A000007636,取消投保,天誉国际财富管理有限公司,经代业务,同行经代,持牌经纪,天誉国际(MGA),堡盛国际,堡盛国际(TY),中国太平洋保险（香港）有限公司,储蓄,世代悦享储蓄保险计划3,2,年缴,美金,125000,975000,975000,,0,PI,25%,46182,46190,46191,,姜通,JH9602,余文茜
U107433,611248926,生效,众和恒富理财集团有限公司,经代业务,永明经代,持牌经纪,臻略财富,臻略财富,臻略财富,香港永明金融有限公司,储蓄,万年青·星河尊享保险计划II,2,预缴,美金,15000,117000,117000,30000,0,NONPI,,46190,46190,46191,46206,白博文,JK7517,王杰辉
J107397,602070386,生效,九富保险服务有限公司,经代业务,永明经代,持牌经纪,万森保险,万森保险,万森保险,香港永明金融有限公司,储蓄,万年青·星河尊享保险计划II,5,预缴,美金,30000,234000,234000,150000,0,NONPI,,46189,46190,46197,46213,高瑶,JL5879,李咏媱
Y107172,8201220006,生效,盈富理财顾问有限公司,经代业务,同行经代,持牌经纪,天誉国际,迪岸香港科技有限公司,迪岸香港科技有限公司,中国人寿保险（海外）股份有限公司（澳门）,储蓄,裕饶传承储蓄保险计划III,5,预缴,港币,3300000,3300000,3300000,,1,NONPI,,46188,46190,46198,46197,姜通,,盈富助理
U107325,611249935,生效,众和恒富理财集团有限公司,经代业务,永明经代,持牌经纪,中天家办,中天家办,中天家办,香港永明金融有限公司,储蓄,万年青·星河尊享保险计划II,2,预缴,美金,20000,156000,156000,40000,0,NONPI,,46189,46190,46190,46198,白博文,JJ7007,王嘉鸣
D107271,611232133,生效,怡泰财富管理有限公司,经代业务,BK业务,银行网点,民生银行,民生银行,民生合肥分行,香港永明金融有限公司,储蓄,万年青·卓金保险计划II,5,年缴,美金,80000,624000,624000,400000,0,NONPI,59%,46189,46190,46196,46198,,JM4219,黄妙生
PI107163,505-9666023,生效,天誉国际财富管理有限公司,经代业务,同行经代,持牌经纪,天誉国际(MGA),盈丰资本财富管理（香港）有限公司,盈丰资本财富管理（香港）有限公司,香港安盛保险有限公司,储蓄,盛利II储蓄保险-至尊,2,预缴,美金,100000,780000,780000,200000,0,PI,,46188,46191,46191,46197,姜通,JH9602,余文茜
D107253,611231882,生效,怡泰财富管理有限公司,经代业务,BK业务,银行网点,民生银行,民生银行,民生呼和浩特分行,香港永明金融有限公司,储蓄,万年青·卓金保险计划II,5,年缴,美金,20000,156000,156000,100000,0,NONPI,59%,46189,46191,46191,46202,,JF2281,赖晔敏
U104967,611248878,生效,众和恒富理财集团有限公司,经代业务,同行经代,持牌经纪,唯思,唯思财富顾问,唯思财富顾问,香港永明金融有限公司,储蓄,万年青·星河尊享保险计划II,5,年缴,美金,10000,78000,78000,50000,0,NONPI,,46170,46191,46195,46206,战略合作,JK7517,王杰辉
U107550,611249936,生效,众和恒富理财集团有限公司,经代业务,永明经代,持牌经纪,中天家办,中天家办,中天家办,香港永明金融有限公司,储蓄,万年青·星河尊享保险计划II,5,年缴,人民币,140000,159600,159600,700000,0,NONPI,,46190,46191,46195,46220,白博文,JJ7007,王嘉鸣
U107568,611249937,生效,众和恒富理财集团有限公司,经代业务,永明经代,持牌经纪,臻略财富,臻略财富,臻略财富,香港永明金融有限公司,储蓄,万年青·星河尊享保险计划II,2,预缴,人民币,700000,798000,798000,1400000,0,PI,,46191,46191,46195,46220,白博文,JJ7007,王嘉鸣
PI107559,A000007700,生效,天誉国际财富管理有限公司,经代业务,同行经代,持牌经纪,天誉国际(MGA),堡盛国际,堡盛国际(TY),中国太平洋保险（香港）有限公司,储蓄,世代悦享储蓄保险计划3,1,整付,美金,100000,780000,78000,,0,NONPI,8%,46190,46193,46196,46206,姜通,JH9602,余文茜
U106155,611233741,生效,众和恒富理财集团有限公司,经代业务,永明经代,持牌经纪,富仕德,富仕德,富仕德,香港永明金融有限公司,储蓄,万年青·星河尊享保险计划II,5,年缴,人民币,210000,239400,239400,1050000,0,NONPI,,46177,46193,46195,46211,,JK6768,林小莎
PI107289,505-9668409,生效,天誉国际财富管理有限公司,经代业务,同行经代,持牌经纪,天誉国际(MGA),盈丰资本财富管理（香港）有限公司,盈丰资本财富管理（香港）有限公司,香港安盛保险有限公司,储蓄,盛利II储蓄保险-至尊,2,预缴,美金,50000,390000,390000,100000,0,NONPI,,46189,46193,46196,46198,姜通,JH9602,余文茜
U107298,611233746,生效,众和恒富理财集团有限公司,经代业务,同行经代,持牌经纪,天誉国际,盈丰资本财富管理（香港）有限公司,盈丰资本财富管理（香港）有限公司,香港永明金融有限公司,储蓄,万年青·星河尊享保险计划II,5,预缴,美金,30000,234000,234000,150000,0,NONPI,,46189,46193,46195,46206,姜通,JK6768,林小莎
J10003497,602070390,生效,九富保险服务有限公司,代理人业务,成事家办,IYB分公司,杨璐熙,杨璐熙,沈柳,香港永明金融有限公司,储蓄,万年青·星河尊享保险计划II,5,预缴,美金,15000,117000,117000,75000,0,NONPI,,46175,46193,46197,46211,,JL5879,李咏媱
U107595,611233745,生效,众和恒富理财集团有限公司,经代业务,同行经代,持牌经纪,天誉国际,宏安证券有限公司,宏安证券有限公司,香港永明金融有限公司,储蓄,万年青·星河尊享保险计划II,5,年缴,美金,20000,156000,156000,100000,0,NONPI,,46191,46193,46195,46210,姜通,JK6768,林小莎
J107244,602070379,生效,九富保险服务有限公司,经代业务,永明经代,持牌经纪,紫荆保险,紫荆保险,紫荆保险,香港永明金融有限公司,人寿,永延保障计划,25,年缴,美金,2967,23142.6,23142.6,300000,0,NONPI,,46189,46193,46198,46210,,JL5879,李咏媱
J107235,602070381,生效,九富保险服务有限公司,经代业务,永明经代,持牌经纪,紫荆保险,紫荆保险,紫荆保险,香港永明金融有限公司,储蓄,万年青·星河尊享保险计划II,5,年缴,美金,20000,156000,156000,100000,0,NONPI,,46189,46193,46197,46203,,JL5879,李咏媱
J107424,602070376,生效,九富保险服务有限公司,经代业务,永明经代,持牌经纪,紫荆保险,紫荆保险,紫荆保险,香港永明金融有限公司,重疾,万家康卓越保,20,年缴,美金,818.4,6383.52,6383.52,60000,0,NONPI,,46190,46193,46197,46203,,JL5879,李咏媱
J10003830,602068451,生效,九富保险服务有限公司,代理人业务,天领业务,天领机构,天领成都,成都经代,姚净琳,香港永明金融有限公司,储蓄,万年青·星河尊享保险计划II,5,预缴,美金,20000,156000,156000,100000,0,NONPI,,46188,46193,46197,46216,,JL5879,李咏媱
U107118,611248932,生效,众和恒富理财集团有限公司,经代业务,永明经代,持牌经纪,堡盛国际,堡盛国际,堡盛国际,香港永明金融有限公司,储蓄,万年青·星河尊享保险计划II,2,预缴,人民币,500000,570000,570000,1000000,0,NONPI,,46188,46195,46197,46218,姜通,JK7517,王杰辉
U107190,611248885,生效,众和恒富理财集团有限公司,经代业务,永明经代,持牌经纪,巨蚁环球,巨蚁环球,巨蚁环球,香港永明金融有限公司,储蓄,万年青·星河尊享保险计划II,5,预缴,美金,50000,390000,390000,250000,0,NONPI,,46188,46195,46197,46209,姜通,JK7517,王杰辉
U107676,611233773,生效,众和恒富理财集团有限公司,经代业务,永明经代,持牌经纪,万城保险,万城保险,万城保险,香港永明金融有限公司,储蓄,万年青·星河尊享保险计划II,5,年缴,美金,5000,39000,39000,25000,0,NONPI,,46191,46195,46195,46198,姜通,JK6768,林小莎
U107721,611249938,生效,众和恒富理财集团有限公司,经代业务,永明经代,持牌经纪,臻略财富,臻略财富,臻略财富,香港永明金融有限公司,储蓄,万年青·星河尊享保险计划II,2,年缴,美金,30000,234000,234000,60000,0,NONPI,,46194,46195,46195,46218,白博文,JJ7007,王嘉鸣
J10003857,602068452,生效,九富保险服务有限公司,代理人业务,天领业务,天领贴牌,苏州贴牌,苏州,舒俊然,香港永明金融有限公司,储蓄,万年青·星河尊享保险计划II,5,年缴,美金,15000,117000,117000,75000,0,NONPI,,46191,46195,46198,46203,,JL5879,李咏媱
U107865,611250509,取消投保,众和恒富理财集团有限公司,经代业务,同行经代,持牌经纪,唯思,同智顾问,同智顾问,香港永明金融有限公司,储蓄,万年青·星河尊享保险计划II,2,年缴,美金,25253,196973.4,196973.4,50506,0,NONPI,,46195,46196,46198,,战略合作,JK6768,林小莎
U107856,611250508,取消投保,众和恒富理财集团有限公司,经代业务,同行经代,持牌经纪,唯思,同智顾问,同智顾问,香港永明金融有限公司,储蓄,万年青·星河尊享保险计划II,2,预缴,美金,25253,196973.4,196973.4,50506,0,NONPI,,46195,46196,46197,,战略合作,JK6768,林小莎
U107451,602070252,生效,九富保险服务有限公司,经代业务,同行经代,持牌经纪,天誉国际,宏安证券有限公司,宏安证券有限公司,香港永明金融有限公司,储蓄,万年青·星河尊享保险计划II,5,年缴,人民币,200000,228000,228000,1000000,0,NONPI,,46190,46196,46196,46213,姜通,JM5389,赖裕
U107901,602070253,取消投保,九富保险服务有限公司,经代业务,同行经代,持牌经纪,天誉国际,宏安证券有限公司,宏安证券有限公司,香港永明金融有限公司,储蓄,万年青·星河尊享保险计划II,2,预缴,人民币,200000,228000,228000,400000,0,NONPI,,46195,46196,46196,,姜通,JM5389,赖裕
U107874,611250456,取消投保,众和恒富理财集团有限公司,经代业务,同行经代,持牌经纪,唯思,同智顾问,同智顾问,香港永明金融有限公司,储蓄,万年青·星河尊享保险计划II,2,年缴,美金,35354,275761.2,275761.2,70708,0,NONPI,,46195,46196,46198,,战略合作,JM4261,陈焕桃
U107766,602070251,生效,九富保险服务有限公司,经代业务,同行经代,持牌经纪,天誉国际,宏安证券有限公司,宏安证券有限公司,香港永明金融有限公司,储蓄,万年青·星河尊享保险计划II,5,年缴,美金,20000,156000,156000,100000,0,NONPI,,46195,46196,46196,46206,姜通,JM5389,赖裕
U107658,611250507,生效,众和恒富理财集团有限公司,经代业务,永明经代,持牌经纪,企鹅保险,企鹅保险,企鹅保险,香港永明金融有限公司,储蓄,万年青·星河尊享保险计划II,2,预缴,美金,44000,343200,343200,88000,0,NONPI,,46191,46196,46196,46213,姜通,JK6768,林小莎
D107829,611231902,生效,怡泰财富管理有限公司,经代业务,BK业务,银行网点,平安银行,平安银行,平安香港分行许菁,香港永明金融有限公司,储蓄,万年青·卓金保险计划II,5,年缴,美金,50000,390000,390000,250000,0,PI,21%,46195,46196,46199,46198,,JF2281,赖晔敏
J107343,602070387,生效,九富保险服务有限公司,经代业务,永明经代,持牌经纪,万森保险,万森保险,万森保险,香港永明金融有限公司,储蓄,万年青·星河尊享保险计划II,2,预缴,美金,15000,117000,117000,30000,0,NONPI,,46190,46197,46198,46203,高瑶,JL5879,李咏媱
PI107802,505-9674290,生效,天誉国际财富管理有限公司,经代业务,同行经代,持牌经纪,天誉国际(MGA),堡盛国际,堡盛国际(TY),香港安盛保险有限公司,储蓄,盛利II储蓄保险-至尊,5,年缴,人民币,60000,68400,68400,300000,0,NONPI,,46195,46197,46198,46216,姜通,JH9602,余文茜
D108468,60283513-26071117,生效,怡泰财富管理有限公司,KA业务,合伙转介业务,同行个人转介,个人转介,陈也非,陈也非,保柏（亚洲）有限公司,医疗,保柏非凡自愿医保计划（智选）,,年缴,港币,10003,10003,10003,,0,NONPI,,46198,46197,46198,46217,,JF2281,赖晔敏
D108486,60283525-26071113,生效,怡泰财富管理有限公司,KA业务,合伙转介业务,同行个人转介,个人转介,陈也非,陈也非,保柏（亚洲）有限公司,医疗,保柏非凡自愿医保计划（智选）,,年缴,港币,9717,9717,9717,,0,NONPI,,46198,46198,46198,46217,,JF2281,赖晔敏
PI107937,A000007877,生效,天誉国际财富管理有限公司,经代业务,同行经代,持牌经纪,天誉国际(MGA),堡盛国际,堡盛国际(TY),中国太平洋保险（香港）有限公司,储蓄,世代悦享储蓄保险计划3,1,整付,美金,45000,351000,35100,,0,NONPI,,46195,46198,46198,46210,姜通,JH9602,余文茜
J10004037,602068448,生效,九富保险服务有限公司,代理人业务,成事家办,IYB分公司,杨帆,杨帆,冉萌,香港永明金融有限公司,储蓄,万年青·星河尊享保险计划II,2,预缴,美金,50000,390000,390000,100000,0,NONPI,,46196,46198,46203,46209,,JL5879,李咏媱
PI107388,93089881,生效,天誉国际财富管理有限公司,经代业务,同行经代,持牌经纪,天誉国际(MGA),堡盛国际,堡盛国际(TY),万通保险国际有限公司,储蓄,富饶万家储蓄保险计划,2,年缴,美金,35000,273000,273000,70000,0,NONPI,,46189,46198,46198,46206,姜通,JL6752,王晶晶
J108234,602068449,生效,九富保险服务有限公司,经代业务,永明经代,持牌经纪,万森保险,万森保险,万森保险,香港永明金融有限公司,储蓄,万年青·星河尊享保险计划II,5,年缴,美金,10000,78000,78000,50000,0,NONPI,,46197,46198,46203,46206,高瑶,JL5879,李咏媱
U108099,611250470,生效,众和恒富理财集团有限公司,经代业务,永明经代,持牌经纪,企鹅保险,企鹅保险,企鹅保险,香港永明金融有限公司,储蓄,万年青·星河尊享保险计划II,2,预缴,美金,150000,1170000,1170000,300000,0,NONPI,,46196,46198,46199,46206,姜通,JM4261,陈焕桃
U108189,611250458,生效,众和恒富理财集团有限公司,经代业务,同行经代,持牌经纪,唯思,同智顾问,同智顾问,香港永明金融有限公司,储蓄,万年青·星河尊享保险计划II,5,年缴,美金,35000,273000,273000,175000,0,NONPI,,46197,46198,46198,46209,战略合作,JM4261,陈焕桃
J107973,602070382,生效,九富保险服务有限公司,经代业务,永明经代,持牌经纪,万森保险,万森保险,万森保险,香港永明金融有限公司,储蓄,万年青·星河尊享保险计划II,5,预缴,美金,30000,234000,234000,150000,0,NONPI,,46196,46198,46203,46203,高瑶,JL5879,李咏媱
J108108,602070385,生效,九富保险服务有限公司,经代业务,永明经代,持牌经纪,万森保险,万森保险,万森保险,香港永明金融有限公司,储蓄,万年青·星河尊享保险计划II,5,年缴,美金,10000,78000,78000,50000,0,NONPI,,46196,46198,46203,46209,高瑶,JL5879,李咏媱
U107694,611249939,生效,众和恒富理财集团有限公司,经代业务,永明经代,持牌经纪,中天家办,中天家办,中天家办,香港永明金融有限公司,储蓄,万年青·星河尊享保险计划II,2,预缴,美金,50000,390000,390000,100000,0,NONPI,,46191,46199,46199,46212,白博文,JJ7007,王嘉鸣
J107793,602070249,生效,九富保险服务有限公司,经代业务,永明经代,持牌经纪,紫荆保险,紫荆保险,紫荆保险,香港永明金融有限公司,储蓄,万年青·星河尊享保险计划II,2,年缴,美金,50000,390000,390000,100000,0,NONPI,,46195,46199,46199,46206,,JM5389,赖裕
U108135,611248896,生效,众和恒富理财集团有限公司,经代业务,永明经代,持牌经纪,堡盛国际,堡盛国际,堡盛国际,香港永明金融有限公司,储蓄,万年青·星河尊享保险计划II,2,预缴,美金,40000,312000,312000,80000,0,NONPI,,46197,46199,46202,46210,姜通,JK7517,王杰辉
U108252,611233749,生效,众和恒富理财集团有限公司,经代业务,永明经代,持牌经纪,企鹅保险,企鹅保险,企鹅保险,香港永明金融有限公司,储蓄,万年青·星河尊享保险计划II,5,预缴,美金,30000,234000,234000,150000,0,NONPI,,46197,46199,46199,46210,姜通,JK6768,林小莎
J108540,602070155,生效,九富保险服务有限公司,经代业务,永明经代,持牌经纪,万森保险,万森保险,万森保险,香港永明金融有限公司,储蓄,万年青·星河尊享保险计划II,5,年缴,人民币,700000,798000,798000,3500000,0,NONPI,,46199,46199,46203,46209,高瑶,JM3860,丁铭丰
U108522,611250515,生效,众和恒富理财集团有限公司,经代业务,同行经代,持牌经纪,唯思,唯思财富顾问,唯思财富顾问,香港永明金融有限公司,储蓄,万年青·星河尊享保险计划II,5,年缴,美金,10000,78000,78000,50000,0,NONPI,,46199,46199,46203,46216,战略合作,JK6768,林小莎
U107586,611248892,生效,众和恒富理财集团有限公司,经代业务,永明经代,持牌经纪,堡盛国际,堡盛国际,堡盛国际,香港永明金融有限公司,储蓄,万年青·星河尊享保险计划II,2,预缴,美金,50000,390000,390000,100000,0,NONPI,,46191,46199,46202,46220,姜通,JK7517,王杰辉
J108117,602070151,生效,九富保险服务有限公司,经代业务,永明经代,持牌经纪,万森保险,万森保险,万森保险,香港永明金融有限公司,储蓄,万年青·星河尊享保险计划II,2,年缴,人民币,200000,228000,228000,400000,0,NONPI,,46196,46199,46202,46212,高瑶,JM3860,丁铭丰
U107919,611248891,生效,众和恒富理财集团有限公司,经代业务,永明经代,持牌经纪,企鹅保险,企鹅保险,企鹅保险,香港永明金融有限公司,储蓄,万年青·星河尊享保险计划II,2,年缴,美金,75000,585000,585000,150000,0,NONPI,,46195,46199,46202,46212,姜通,JK7517,王杰辉
U108549,611248902,生效,众和恒富理财集团有限公司,经代业务,永明经代,持牌经纪,企鹅保险,企鹅保险,企鹅保险,香港永明金融有限公司,储蓄,万年青·星河尊享保险计划II,2,预缴,美金,35000,273000,273000,70000,0,NONPI,,46199,46200,46202,46211,姜通,JK7517,王杰辉
PI107208,505-9679562,生效,天誉国际财富管理有限公司,经代业务,同行经代,持牌经纪,天誉国际(MGA),盈丰资本财富管理（香港）有限公司,盈丰资本财富管理（香港）有限公司,香港安盛保险有限公司,储蓄,盛利II储蓄保险-至尊,2,年缴,美金,10000,78000,78000,20000,0,NONPI,,46188,46200,46205,46209,姜通,JL6752,王晶晶
U108036,611250555,生效,众和恒富理财集团有限公司,经代业务,同行经代,持牌经纪,唯思,同智顾问,同智顾问,香港永明金融有限公司,储蓄,万年青·星河尊享保险计划II,2,年缴,人民币,500000,570000,570000,1000000,0,NONPI,,46196,46200,46203,46210,战略合作,JK6768,林小莎
U107883,611250549,生效,众和恒富理财集团有限公司,经代业务,同行经代,持牌经纪,唯思,唯思财富顾问,唯思财富顾问,香港永明金融有限公司,储蓄,万年青·星河传承保险计划II,2,预缴,美金,75000,585000,585000,150000,0,NONPI,,46195,46200,46209,46212,战略合作,JK6768,林小莎
U108162,602070269,生效,九富保险服务有限公司,经代业务,同行经代,持牌经纪,天誉国际,宏安证券有限公司,宏安证券有限公司,香港永明金融有限公司,储蓄,万年青·星河尊享保险计划II,2,预缴,美金,25000,195000,195000,50000,0,NONPI,,46197,46202,46203,46209,姜通,JM3860,丁铭丰
J10004145,602068445,生效,九富保险服务有限公司,代理人业务,天领业务,天领机构,天领重庆,重庆经代,王栎丽,香港永明金融有限公司,储蓄,万年青·星河尊享保险计划II,5,预缴,美金,10000,78000,78000,50000,0,NONPI,,46198,46202,46206,46212,,JL5879,李咏媱
J10003947,602070152,生效,九富保险服务有限公司,代理人业务,天领业务,天领机构,天领重庆,重庆经代,王栎丽,香港永明金融有限公司,储蓄,万年青·星河尊享保险计划II,5,预缴,美金,15000,117000,117000,75000,0,NONPI,,46196,46202,46205,46218,,JF7605,林思思
J10004262,602070153,生效,九富保险服务有限公司,代理人业务,天领业务,天领机构,天领重庆,重庆经代,王栎丽,香港永明金融有限公司,重疾,万家康卓越保,20,年缴,美金,1344.7,10488.66,10488.66,70000,0,NONPI,,46201,46202,46205,46213,,JF7605,林思思
D108306,611232079,生效,怡泰财富管理有限公司,经代业务,BK业务,银行网点,民生银行,民生银行,民生合肥分行,香港永明金融有限公司,储蓄,万年青·卓金保险计划II,5,年缴,美金,50000,390000,390000,250000,0,PI,21%,46197,46202,46202,46212,,JH6936,余迪慷
U108567,611250513,生效,众和恒富理财集团有限公司,经代业务,永明经代,持牌经纪,臻略财富,臻略财富,臻略财富,香港永明金融有限公司,储蓄,万年青·星河尊享保险计划II,2,年缴,美金,15000,117000,117000,30000,0,NONPI,,46199,46202,46203,46212,白博文,JK6768,林小莎
PI108594,505-9682350,生效,天誉国际财富管理有限公司,经代业务,同行经代,持牌经纪,天誉国际(MGA),堡盛国际,堡盛国际(TY),香港安盛保险有限公司,储蓄,盛利II储蓄保险-至尊,5,年缴,美金,30000,234000,234000,150000,0,NONPI,,46199,46202,46205,46216,姜通,JL6752,王晶晶
PI105894,505-9682178,生效,天誉国际财富管理有限公司,经代业务,同行经代,持牌经纪,天誉国际(MGA),堡盛国际,堡盛国际(TY),香港安盛保险有限公司,储蓄,盛利II储蓄保险-至尊,2,年缴,美金,120000,936000,936000,240000,0,NONPI,,46176,46202,46202,46209,姜通,JH9602,余文茜
U108738,611250543,生效,众和恒富理财集团有限公司,经代业务,同行经代,持牌经纪,天誉国际,盈丰资本财富管理（香港）有限公司,盈丰资本财富管理（香港）有限公司,香港永明金融有限公司,储蓄,万年青·星河尊享保险计划II,5,预缴,美金,30000,234000,234000,150000,0,NONPI,,46200,46202,46203,46216,姜通,JK6768,林小莎
U108747,611250462,生效,众和恒富理财集团有限公司,经代业务,同行经代,持牌经纪,天誉国际,盈丰资本财富管理（香港）有限公司,盈丰资本财富管理（香港）有限公司,香港永明金融有限公司,储蓄,万年青·星河尊享保险计划II,5,预缴,美金,15000,117000,117000,75000,0,NONPI,,46200,46202,46205,46219,姜通,JM4261,陈焕桃
PI108279,505-9682368,生效,天誉国际财富管理有限公司,经代业务,同行经代,持牌经纪,天誉国际(MGA),堡盛国际,堡盛国际(TY),香港安盛保险有限公司,储蓄,盛利II储蓄保险-至尊,5,年缴,美金,10000,78000,78000,50000,0,NONPI,,46197,46202,46202,46209,姜通,JH9602,余文茜
D10004118,14341176,生效,怡泰财富管理有限公司,代理人业务,天领业务,天领机构,天领重庆,重庆经代,张文嘉,保诚保险有限公司,储蓄,世誉财富,1,年缴,美金,30000,234000,234000,30000,0,NONPI,,46198,46202,46203,46216,,JM4219,黄妙生
PI108693,505-9683556,生效,天誉国际财富管理有限公司,经代业务,同行经代,持牌经纪,天誉国际(MGA),堡盛国际,堡盛国际(TY),香港安盛保险有限公司,储蓄,盛利II储蓄保险-至尊,2,预缴,美金,25000,195000,195000,,0,NONPI,,46199,46203,46203,46210,姜通,JL6752,王晶晶
PI108585,505-9683457,生效,天誉国际财富管理有限公司,经代业务,同行经代,持牌经纪,天誉国际(MGA),堡盛国际,堡盛国际(TY),香港安盛保险有限公司,储蓄,盛利II储蓄保险-至尊,2,预缴,美金,22500,175500,175500,,0,NONPI,,46199,46203,46203,46201,姜通,JH9602,余文茜
J10004316,602068487,生效,九富保险服务有限公司,代理人业务,天领业务,天领机构,天领重庆,重庆经代,罗兰,香港永明金融有限公司,储蓄,万年青·星河尊享保险计划II,5,年缴,美金,10000,78000,78000,50000,0,NONPI,,46202,46203,46206,46211,,JL5879,李咏媱
U109116,611250531,取消投保,众和恒富理财集团有限公司,经代业务,同行经代,持牌经纪,天誉国际,盈丰资本财富管理（香港）有限公司,盈丰资本财富管理（香港）有限公司,香港永明金融有限公司,储蓄,万年青·星河尊享保险计划II,2,年缴,人民币,250000,285000,285000,500000,0,NONPI,,46204,46205,46209,,姜通,JK6768,林小莎
PI109242,505-9687714,生效,天誉国际财富管理有限公司,经代业务,同行经代,持牌经纪,天誉国际(MGA),堡盛国际,堡盛国际(TY),香港安盛保险有限公司,储蓄,盛利II储蓄保险-至尊,5,年缴,美金,15000,117000,117000,75000,0,NONPI,,46206,46207,46209,46207,姜通,JL6752,王晶晶
U109107,611248928,生效,众和恒富理财集团有限公司,经代业务,永明经代,持牌经纪,堡盛国际,堡盛国际,堡盛国际,香港永明金融有限公司,储蓄,万年青·星河尊享保险计划II,5,预缴,美金,30000,234000,234000,150000,0,NONPI,,46204,46209,46217,46220,姜通,JK7517,王杰辉
PI108936,505-9689520,生效,天誉国际财富管理有限公司,经代业务,同行经代,持牌经纪,天誉国际(MGA),盈丰资本财富管理（香港）有限公司,盈丰资本财富管理（香港）有限公司,香港安盛保险有限公司,储蓄,盛利II储蓄保险-至尊,2,年缴,美金,10000,78000,78000,20000,0,NONPI,,46203,46209,46209,46209,姜通,JH9602,余文茜
D109737,1.00045E+11,生效,怡泰财富管理有限公司,KA业务,合伙转介业务,持牌转介,总部职能,总部职能,连亮晴,立桥人寿保险有限公司,储蓄,智选储蓄保（20年保障期）,1,整付,美金,290000,2262000,226200,290000,0,NONPI,,46210,46210,46212,46218,,IA6464,连亮晴
J109683,602069937,生效,九富保险服务有限公司,经代业务,永明经代,持牌经纪,万森保险,万森保险,万森保险,香港永明金融有限公司,储蓄,万年青·星河尊享保险计划II,5,年缴,美金,20000,156000,156000,100000,0,NONPI,,46210,46210,46212,46217,高瑶,JL5879,李咏媱
PI109323,505-9691120,生效,天誉国际财富管理有限公司,经代业务,同行经代,持牌经纪,天誉国际(MGA),堡盛国际,堡盛国际(TY),香港安盛保险有限公司,储蓄,盛利II储蓄保险-至尊,2,预缴,美金,10000,78000,78000,20000,0,NONPI,,46209,46210,46211,46216,姜通,JH9602,余文茜
J109755,602069268,生效,九富保险服务有限公司,经代业务,永明经代,持牌经纪,万森保险,万森保险,万森保险,香港永明金融有限公司,储蓄,万年青·星河尊享保险计划II,5,预缴,美金,50000,390000,390000,250000,0,PI,,46210,46212,46213,46219,高瑶,JL5879,李咏媱
U109800,611250511,生效,众和恒富理财集团有限公司,经代业务,同行经代,持牌经纪,天誉国际,宏安证券有限公司,宏安证券有限公司,香港永明金融有限公司,储蓄,万年青·星河尊享保险计划II,5,预缴,美金,60000,468000,468000,300000,0,NONPI,,46211,46213,46216,46218,姜通,JK6768,林小莎
U109818,611250512,生效,众和恒富理财集团有限公司,经代业务,同行经代,持牌经纪,天誉国际,宏安证券有限公司,宏安证券有限公司,香港永明金融有限公司,储蓄,万年青·星河尊享保险计划II,5,年缴,美金,30000,234000,234000,150000,0,NONPI,,46212,46213,46216,46219,姜通,JK6768,林小莎
PI109692,0,排期,天誉国际财富管理有限公司,经代业务,同行经代,持牌经纪,天誉国际(MGA),堡盛国际,堡盛国际(TY),中国太平洋保险（香港）有限公司,储蓄,世代悦享储蓄保险计划3,2,年缴,美金,30000,234000,234000,60000,0,NONPI,,46210,46221,,,姜通,JH9602,余文茜
U110205,611249879,排期,众和恒富理财集团有限公司,经代业务,永明经代,持牌经纪,企鹅保险,企鹅保险,企鹅保险,香港永明金融有限公司,储蓄,万年青·星河尊享保险计划II,2,年缴,美金,75000,585000,585000,150000,0,NONPI,,46217,46221,,,姜通,JK7517,王杰辉
PI109989,0,排期,天誉国际财富管理有限公司,经代业务,同行经代,持牌经纪,天誉国际(MGA),堡盛国际,堡盛国际(TY),香港安盛保险有限公司,储蓄,盛利II储蓄保险-至尊,2,年缴,美金,37500,292500,292500,,0,NONPI,,46214,46221,,,姜通,JH9602,余文茜
U110367,611249882,排期,众和恒富理财集团有限公司,经代业务,同行经代,持牌经纪,天誉国际,盈丰资本财富管理（香港）有限公司,盈丰资本财富管理（香港）有限公司,香港永明金融有限公司,储蓄,万年青·星河尊享保险计划II,2,预缴,美金,35000,273000,273000,70000,0,NONPI,,46218,46221,,,姜通,JK7517,王杰辉
U110322,611249880,排期,众和恒富理财集团有限公司,经代业务,同行经代,持牌经纪,天誉国际,宏安证券有限公司,宏安证券有限公司,香港永明金融有限公司,储蓄,万年青·星河尊享保险计划II,5,年缴,美金,10000,78000,78000,50000,0,NONPI,,46218,46221,,,姜通,JK7517,王杰辉
PI110412,0,排期,天誉国际财富管理有限公司,经代业务,同行经代,持牌经纪,天誉国际(MGA),盈丰资本财富管理（香港）有限公司,盈丰资本财富管理（香港）有限公司,香港安盛保险有限公司,储蓄,盛利II储蓄保险-至尊,2,预缴,美金,75000,585000,585000,150000,0,NONPI,,46218,46222,,,姜通,JH9602,余文茜
U110430,0,排期,九富保险服务有限公司,经代业务,同行经代,持牌经纪,天誉国际,宏安证券有限公司,宏安证券有限公司,香港永明金融有限公司,储蓄,万年青·星河尊享保险计划II,2,年缴,人民币,250000,285000,285000,500000,0,NONPI,,46219,46222,,,姜通,JL5879,李咏媱
PI108999,0,排期,天誉国际财富管理有限公司,经代业务,同行经代,持牌经纪,天誉国际(MGA),堡盛国际,堡盛国际(TY),香港安盛保险有限公司,储蓄,盛利II储蓄保险-至尊,2,年缴,美金,75000,585000,585000,150000,0,NONPI,,46203,46223,,,姜通,JL6752,王晶晶
PI110187,0,排期,天誉国际财富管理有限公司,经代业务,同行经代,持牌经纪,天誉国际(MGA),盈丰资本财富管理（香港）有限公司,盈丰资本财富管理（香港）有限公司,香港安盛保险有限公司,储蓄,盛利II储蓄保险-至尊,2,预缴,美金,41000,319800,319800,82000,0,NONPI,,46217,46223,,,姜通,JH9602,余文茜
PI110565,0,排期,天誉国际财富管理有限公司,经代业务,同行经代,持牌经纪,天誉国际(MGA),盈丰资本财富管理（香港）有限公司,盈丰资本财富管理（香港）有限公司,香港安盛保险有限公司,储蓄,盛利II储蓄保险-至尊,2,年缴,美金,100000,780000,780000,200000,0,NONPI,,46220,46223,,,姜通,,
U110520,602070340,排期,九富保险服务有限公司,经代业务,同行经代,持牌经纪,天誉国际,宏安证券有限公司,宏安证券有限公司,香港永明金融有限公司,储蓄,万年青·星河尊享保险计划II,5,年缴,人民币,21000,23940,23940,105000,0,NONPI,,46220,46223,,,姜通,JM5389,赖裕
PI110196,0,排期,天誉国际财富管理有限公司,经代业务,同行经代,持牌经纪,天誉国际(MGA),堡盛国际,堡盛国际(TY),中国太平洋保险（香港）有限公司,储蓄,世代悦享储蓄保险计划3,5,年缴,美金,10000,78000,78000,,0,NONPI,,46217,46223,,,姜通,JL6752,王晶晶
PI110232,0,排期,天誉国际财富管理有限公司,经代业务,同行经代,持牌经纪,天誉国际(MGA),堡盛国际,堡盛国际(TY),中国太平洋保险（香港）有限公司,储蓄,鑫安逸储蓄保险计划,3,预缴,美金,35000,273000,273000,,0,NONPI,,46217,46223,,,姜通,JH9602,余文茜
PI110241,0,排期,天誉国际财富管理有限公司,经代业务,同行经代,持牌经纪,天誉国际(MGA),堡盛国际,堡盛国际(TY),立桥人寿保险有限公司,储蓄,智选储蓄保（20年保障期）,1,整付,美金,50000,390000,39000,,0,NONPI,,46217,46223,,,姜通,JH9602,余文茜
U110385,0,排期,众和恒富理财集团有限公司,经代业务,永明经代,持牌经纪,中天家办,中天家办,中天家办,香港永明金融有限公司,储蓄,万年青·星河尊享保险计划II,2,预缴,美金,100000,780000,780000,200000,0,NONPI,,46218,46223,,,白博文,JJ7007,王嘉鸣
D10004568,0,排期,怡泰财富管理有限公司,代理人业务,天领业务,天领机构,天领重庆,重庆经代,张欣,立桥人寿保险有限公司,储蓄,智选储蓄保（20年保障期）,1,整付,美金,100000,780000,78000,100000,0,NONPI,,46220,46223,,,,JM4219,黄妙生
D10004559,0,排期,怡泰财富管理有限公司,代理人业务,天领业务,天领机构,天领重庆,重庆经代,张欣,立桥人寿保险有限公司,储蓄,智选储蓄保（20年保障期）,1,整付,美金,100000,780000,78000,100000,0,NONPI,,46219,46223,,,,JM4219,黄妙生
PI110259,0,排期,天誉国际财富管理有限公司,经代业务,同行经代,持牌经纪,天誉国际(MGA),盈丰资本财富管理（香港）有限公司,盈丰资本财富管理（香港）有限公司,香港安盛保险有限公司,储蓄,盛利II储蓄保险-至尊,2,年缴,美金,40000,312000,312000,,0,NONPI,,46217,46224,,,姜通,JH9602,余文茜
U109746,611249877,排期,众和恒富理财集团有限公司,经代业务,永明经代,持牌经纪,堡盛国际,堡盛国际,堡盛国际,香港永明金融有限公司,储蓄,万年青·星河尊享保险计划II,2,年缴,人民币,250000,285000,285000,500000,0,NONPI,,46210,46224,,,姜通,JK7517,王杰辉
U110457,0,排期,众和恒富理财集团有限公司,经代业务,同行经代,持牌经纪,唯思,唯思财富顾问,唯思财富顾问,香港永明金融有限公司,储蓄,万年青·星河尊享保险计划II,2,预缴,美金,100000,780000,780000,200000,0,NONPI,,46219,46224,,,战略合作,JK7517,王杰辉
PI110448,0,排期,天誉国际财富管理有限公司,经代业务,同行经代,持牌经纪,天誉国际(MGA),堡盛国际,堡盛国际(TY),香港安盛保险有限公司,储蓄,盛利II储蓄保险-至尊,2,年缴,美金,100000,780000,780000,200000,0,NONPI,,46219,46225,,,姜通,JH9602,余文茜
J10004532,0,排期,九富保险服务有限公司,代理人业务,天领业务,天领机构,天领重庆,重庆经代,田苗,香港永明金融有限公司,储蓄,万年青·星河传承保险计划II,5,年缴,美金,20000,156000,156000,100000,0,NONPI,,46217,46225,,,,JL5879,李咏媱
U110538,0,排期,众和恒富理财集团有限公司,经代业务,同行经代,持牌经纪,唯思,同智顾问,同智顾问,香港永明金融有限公司,重疾,万家康卓越保,20,年缴,美金,3748,29234.4,29234.4,200000,0,NONPI,,46220,46225,,,战略合作,JK6768,林小莎
U107910,611250463,排期,众和恒富理财集团有限公司,经代业务,同行经代,持牌经纪,唯思,同智顾问,同智顾问,香港永明金融有限公司,储蓄,万年青·星河尊享保险计划II,2,预缴,人民币,250000,285000,285000,500000,0,NONPI,,46205,46225,,,战略合作,JM4261,陈焕桃
U110556,0,排期,众和恒富理财集团有限公司,经代业务,永明经代,持牌经纪,企鹅保险,企鹅保险,企鹅保险,香港永明金融有限公司,储蓄,万年青·星河尊享保险计划II,2,预缴,美金,25000,195000,195000,50000,0,NONPI,,46220,46226,,,姜通,JM4261,陈焕桃
PI110133,0,排期,天誉国际财富管理有限公司,经代业务,同行经代,持牌经纪,天誉国际(MGA),盈丰资本财富管理（香港）有限公司,盈丰资本财富管理（香港）有限公司,香港安盛保险有限公司,储蓄,盛利II储蓄保险-至尊,2,预缴,美金,37500,292500,292500,,0,NONPI,,46216,46226,,,姜通,JH9602,余文茜
PI110421,0,排期,天誉国际财富管理有限公司,经代业务,同行经代,持牌经纪,天誉国际(MGA),堡盛国际,堡盛国际(TY),香港安盛保险有限公司,储蓄,盛利II储蓄保险-至尊,2,预缴,美金,25000,195000,195000,50000,0,NONPI,,46218,46226,,,姜通,JL6752,王晶晶
PI110502,0,排期,天誉国际财富管理有限公司,经代业务,同行经代,持牌经纪,天誉国际(MGA),堡盛国际,堡盛国际(TY),香港安盛保险有限公司,储蓄,盛利II储蓄保险-至尊,2,预缴,美金,200000,1560000,1560000,400000,0,PI,,46219,46226,,,姜通,JH9602,余文茜
PI108954,0,排期,天誉国际财富管理有限公司,经代业务,同行经代,持牌经纪,天誉国际(MGA),堡盛国际,堡盛国际(TY),香港安盛保险有限公司,储蓄,盛利II储蓄保险-至尊,2,年缴,美金,40000,312000,312000,80000,0,NONPI,,46203,46226,,,姜通,JH9602,余文茜
PI108981,0,排期,天誉国际财富管理有限公司,经代业务,同行经代,持牌经纪,天誉国际(MGA),堡盛国际,堡盛国际(TY),香港安盛保险有限公司,储蓄,盛利II储蓄保险-至尊,2,年缴,美金,40000,312000,312000,80000,0,NONPI,,46203,46226,,,姜通,JH9602,余文茜
PI110214,0,排期,天誉国际财富管理有限公司,经代业务,同行经代,持牌经纪,天誉国际(MGA),堡盛国际,堡盛国际(TY),香港安盛保险有限公司,储蓄,盛利II储蓄保险-至尊,5,年缴,美金,80000,624000,624000,,0,NONPI,,46217,46226,,,姜通,JL6752,王晶晶
PI109845,0,排期,天誉国际财富管理有限公司,经代业务,同行经代,持牌经纪,天誉国际(MGA),堡盛国际,堡盛国际(TY),香港安盛保险有限公司,储蓄,盛利II储蓄保险-至尊,2,年缴,美金,75000,585000,585000,150000,0,NONPI,,46212,46227,,,姜通,JH9602,余文茜
J110025,0,排期,九富保险服务有限公司,经代业务,永明经代,持牌经纪,紫荆保险,紫荆保险,紫荆保险,香港永明金融有限公司,储蓄,万年青·星河尊享保险计划II,2,预缴,人民币,500000,570000,570000,1000000,0,NONPI,,46216,46228,,,,JF7605,林思思
J10004370,0,排期,九富保险服务有限公司,代理人业务,天领业务,天领机构,天领重庆,重庆经代,王璐洁,香港永明金融有限公司,储蓄,万年青·星河尊享保险计划II,5,年缴,美金,10000,78000,78000,50000,0,NONPI,,46208,46228,,,,JF7605,林思思
PI110223,0,排期,天誉国际财富管理有限公司,经代业务,同行经代,持牌经纪,天誉国际(MGA),堡盛国际,堡盛国际(TY),香港安盛保险有限公司,储蓄,盛利II储蓄保险-至尊,2,年缴,美金,50000,390000,390000,,0,NONPI,,46217,46230,,,姜通,JL6752,王晶晶
PI109251,0,排期,天誉国际财富管理有限公司,经代业务,同行经代,持牌经纪,天誉国际(MGA),堡盛国际,堡盛国际(TY),香港安盛保险有限公司,储蓄,盛利II储蓄保险-至尊,2,年缴,人民币,500000,570000,570000,1000000,0,NONPI,,46206,46230,,,姜通,JH9602,余文茜
U110583,0,排期,众和恒富理财集团有限公司,经代业务,同行经代,持牌经纪,天誉国际,宏安证券有限公司,宏安证券有限公司,香港永明金融有限公司,储蓄,万年青·星河尊享保险计划II,2,预缴,美金,50000,390000,390000,100000,0,NONPI,,46220,46230,,,姜通,,
U110439,0,排期,众和恒富理财集团有限公司,经代业务,同行经代,持牌经纪,唯思,唯思财富顾问,唯思财富顾问,香港永明金融有限公司,储蓄,万年青·星河尊享保险计划II,2,预缴,美金,100000,780000,780000,200000,0,NONPI,,46219,46232,,,战略合作,JK6768,林小莎
U109782,0,排期,众和恒富理财集团有限公司,经代业务,同行经代,持牌经纪,天誉国际,盈丰资本财富管理（香港）有限公司,盈丰资本财富管理（香港）有限公司,香港永明金融有限公司,储蓄,万年青·星河尊享保险计划II,2,预缴,美金,51000,397800,397800,102000,0,NONPI,,46211,46232,,,姜通,JK6768,林小莎
PI110484,0,排期,天誉国际财富管理有限公司,经代业务,同行经代,持牌经纪,天誉国际(MGA),堡盛国际,堡盛国际(TY),立桥人寿保险有限公司,储蓄,智选储蓄保（20年保障期）,1,整付,美金,150000,1170000,117000,150000,0,NONPI,,46219,46234,,,姜通,JH9602,余文茜
J110070,0,排期,九富保险服务有限公司,经代业务,永明经代,持牌经纪,紫荆保险,紫荆保险,紫荆保险,香港永明金融有限公司,储蓄,万年青·星河尊享保险计划II,2,年缴,美金,50000,390000,390000,100000,0,PI,,46216,46244,,,,JL5879,李咏媱
U110547,0,排期,九富保险服务有限公司,经代业务,同行经代,持牌经纪,天誉国际,宏安证券有限公司,宏安证券有限公司,香港永明金融有限公司,储蓄,万年青·星河尊享保险计划II,2,预缴,美金,37500,292500,292500,75000,0,NONPI,,46220,46245,,,姜通,,
U000208,861001655,待批核,众和恒富理财集团有限公司,KA业务,合伙转介业务,同行机构转介,迪岸,迪岸,曾育超,香港永明金融有限公司,人寿,卓裕人寿系列II-70,1,整付,美金,181760,1417728,141772.8,1000000,0,NONPI,,45870,45871,45901,,,JF7523,吕静文
U000209,861001656,待批核,众和恒富理财集团有限公司,KA业务,合伙转介业务,同行机构转介,迪岸,迪岸,曾育超,香港永明金融有限公司,人寿,卓裕人寿系列II-70,10,年缴,美金,25740,200772,200772,1000000,0,NONPI,,45870,45871,45901,,,JF7523,吕静文
D001877,611208705,尚欠保费,怡泰财富管理有限公司,经代业务,BK业务,银行网点,平安银行,平安银行,平安香港分行许菁,香港永明金融有限公司,储蓄,永誉传承储蓄计划,1,整付,美金,1000000,7800000,780000,1000000,1,NONPI,,45944,45944,45951,,,JF2281,赖晔敏
D001897,611203272,尚欠保费,怡泰财富管理有限公司,经代业务,BK业务,银行网点,民生银行,民生银行,民生温州分行,香港永明金融有限公司,储蓄,永誉传承储蓄计划,1,整付,美金,2000000,15600000,1560000,2000000,1,NONPI,3.50%,45957,45958,45968,,,,肖锦源
D001927,611222902,尚欠保费,怡泰财富管理有限公司,经代业务,BK业务,银行网点,民生银行,民生银行,民生广州分行,香港永明金融有限公司,储蓄,永誉传承储蓄计划,1,整付,美金,2000000,15600000,1560000,2000000,1,NONPI,3.50%,45968,45973,45986,,,,肖锦源
D002021,611222995,尚欠保费,怡泰财富管理有限公司,经代业务,BK业务,银行网点,民生银行,民生银行,民生深圳分行,香港永明金融有限公司,储蓄,永誉传承储蓄计划,1,整付,美金,2000000,15600000,1560000,2000000,1,NONPI,3.50%,45979,45981,45993,,,IA6464,连亮晴
D002002,611208702,尚欠保费,怡泰财富管理有限公司,经代业务,BK业务,银行网点,民生银行,民生银行,民生北京分行,香港永明金融有限公司,储蓄,永誉传承储蓄计划,1,整付,美金,1000000,7800000,780000,1000000,1,NONPI,3.50%,45975,45982,45995,,,IA6464,连亮晴
D002034,611222858,尚欠保费,怡泰财富管理有限公司,经代业务,BK业务,银行网点,民生银行,民生银行,民生香港分行梁驹团队,香港永明金融有限公司,储蓄,永誉传承储蓄计划,1,整付,美金,1000000,7800000,780000,1000000,1,NONPI,3.50%,45987,45992,45999,,,JH6936,余迪慷
U000786,611227263,pending,众和恒富理财集团有限公司,经代业务,永明经代,持牌经纪,堡盛国际,堡盛国际,堡盛国际,香港永明金融有限公司,储蓄,万年青·星河尊享保险计划II,2,预缴,美金,70000,546000,546000,140000,0,NONPI,,46007,46010,46013,,姜通,JK7517,王杰辉
D002138,611232116,pending,怡泰财富管理有限公司,经代业务,BK业务,银行网点,民生银行,民生银行,民生北京分行,香港永明金融有限公司,储蓄,万年青·卓金保险计划II,5,预缴,美金,200000,1560000,1560000,,0,PI,21%,46056,46062,46063,,,JH6936,余迪慷
TY000001,1.00039E+11,尚欠保费,天誉国际财富管理有限公司,经代业务,同行经代,持牌经纪,天誉国际(MGA),迪岸香港科技有限公司,迪岸香港科技有限公司,立桥人寿保险有限公司,万用寿险,智选储蓄保（20年保障期）,1,整付,美金,100000,780000,78000,,0,NONPI,,46064,46064,46064,,姜通,JL6752,王晶晶
J001352,602069457,尚欠保费,九富保险服务有限公司,经代业务,永明经代,持牌经纪,紫荆保险,紫荆保险,紫荆保险,香港永明金融有限公司,储蓄,万年青·星河尊享保险计划II,5,年缴,美金,12000,93600,93600,,0,NONPI,,46090,46092,46108,,,JL2755,唐婧瑶
J10001337,602069646,pending,九富保险服务有限公司,代理人业务,天领业务,天领贴牌,宁波贴牌,宁波,宁波,香港永明金融有限公司,储蓄,万年青·星河传承保险计划II,5,预缴,美金,235000,1833000,1833000,,0,PI,,46098,46099,46112,,,JJ5633,陈昊锴
TY000014,1.00041E+11,尚欠保费,天誉国际财富管理有限公司,经代业务,同行经代,持牌经纪,天誉国际(MGA),迪岸香港科技有限公司,迪岸香港科技有限公司,立桥人寿保险有限公司,万用寿险,智选储蓄保（20年保障期）,1,整付,美金,250000,1950000,195000,,0,NONPI,2%,46104,46105,46108,,姜通,JL6752,王晶晶
D002168,611222962,pending,怡泰财富管理有限公司,经代业务,BK业务,银行网点,民生银行,民生银行,民生南京分行,香港永明金融有限公司,储蓄,万年青·卓金保险计划II,5,年缴,美金,50000,390000,390000,250000,0,PI,21%,46098,46106,46107,,,JH6936,余迪慷
D002169,611222963,pending,怡泰财富管理有限公司,经代业务,BK业务,银行网点,民生银行,民生银行,民生南京分行,香港永明金融有限公司,储蓄,万年青·卓金保险计划II,5,年缴,美金,50000,390000,390000,,0,PI,21%,46098,46106,46107,,,JH6936,余迪慷
J001421,602069471,尚欠保费,九富保险服务有限公司,经代业务,永明经代,持牌经纪,紫荆保险,紫荆保险,紫荆保险,香港永明金融有限公司,储蓄,万年青·星河尊享保险计划II,2,年缴,美金,25000,195000,195000,50000,0,NONPI,,46105,46106,46111,,,JL2755,唐婧瑶
TY000019,92809416,pending,天誉国际财富管理有限公司,经代业务,同行经代,持牌经纪,天誉国际(MGA),迪岸香港科技有限公司,迪岸香港科技有限公司,万通保险国际有限公司,重疾,万通危疾加护保(优越版),25,年缴,美金,533,4157.4,4157.4,,0,NONPI,,46108,46109,46125,,姜通,JL6752,王晶晶
TY000020,92636952,pending,天誉国际财富管理有限公司,经代业务,同行经代,持牌经纪,天誉国际(MGA),迪岸香港科技有限公司,迪岸香港科技有限公司,万通保险国际有限公司,重疾,万通危疾加护保(优越版),25,年缴,美金,1066,8314.8,8314.8,,0,NONPI,,46108,46109,46125,,姜通,JL6752,王晶晶
J001443,602069487,pending,九富保险服务有限公司,经代业务,永明经代,持牌经纪,紫荆保险,紫荆保险,紫荆保险,香港永明金融有限公司,储蓄,万年青·星河尊享保险计划II,2,预缴,美金,100000,780000,780000,,0,PI,8%,46111,46112,46112,,,JF7605,林思思
D002177,611231864,尚欠保费,怡泰财富管理有限公司,经代业务,BK业务,银行网点,民生银行,民生银行,民生南京分行,香港永明金融有限公司,储蓄,万年青·卓金保险计划II,5,年缴,美金,100000,780000,780000,,0,PI,21%,46105,46114,46114,,,JF2281,赖晔敏
J10001544,602069683,pending,九富保险服务有限公司,代理人业务,天领业务,天领机构,天领重庆,重庆经代,程琦,香港永明金融有限公司,储蓄,万年青·星河尊享保险计划II,5,年缴,美金,30000,234000,234000,,0,NONPI,,46111,46114,46114,,,JJ5633,陈昊锴
TY000025,1.00042E+11,尚欠保费,天誉国际财富管理有限公司,经代业务,同行经代,持牌经纪,天誉国际(MGA),迪岸香港科技有限公司,迪岸香港科技有限公司,立桥人寿保险有限公司,万用寿险,智选储蓄保（20年保障期）,1,整付,美金,100000,780000,78000,,0,NONPI,,46122,46123,46123,,姜通,JH9602,余文茜
PI101403,506-1120092,尚欠保费,天誉国际财富管理有限公司,经代业务,同行经代,持牌经纪,天誉国际(MGA),宏安证券有限公司,宏安证券有限公司,香港安盛保险有限公司,储蓄,盛利II储蓄保险-至尊,2,年缴,美金,35000,273000,273000,,0,NONPI,,46126,46127,46127,,姜通,JH9602,余文茜
PI101574,506-1120068,尚欠保费,天誉国际财富管理有限公司,经代业务,同行经代,持牌经纪,天誉国际(MGA),宏安证券有限公司,宏安证券有限公司,香港安盛保险有限公司,储蓄,盛利II储蓄保险-至尊,2,年缴,美金,100000,780000,780000,,0,NONPI,,46127,46127,46127,,姜通,JL6752,王晶晶
J001560,602068714（1）,pending,九富保险服务有限公司,经代业务,同行经代,持牌经纪,唯思,同智顾问,同智顾问,香港永明金融有限公司,医疗,身故还原保障,15,年缴,美金,381,2971.8,2971.8,,0,NONPI,,46129,46133,46135,,战略合作,JL2755,唐婧瑶
J001503,602068714,pending,九富保险服务有限公司,经代业务,同行经代,持牌经纪,唯思,同智顾问,同智顾问,香港永明金融有限公司,重疾,万家康尊尚保,15,年缴,美金,1942,15147.6,15147.6,100000,0,NONPI,,46129,46133,46135,,战略合作,JL2755,唐婧瑶
U101853,611233673,pending,众和恒富理财集团有限公司,经代业务,同行经代,持牌经纪,天誉国际,宏安证券有限公司,宏安证券有限公司,香港永明金融有限公司,储蓄,万年青·星河尊享保险计划II,5,预缴,美金,30000,234000,234000,150000,0,NONPI,,46134,46136,46140,,姜通,JF7523,吕静文
J10002372,602069589,尚欠保费,九富保险服务有限公司,代理人业务,天领业务,天领贴牌,广西贴牌,广西贴牌,马娇,香港永明金融有限公司,储蓄,万年青·星河尊享保险计划II,5,年缴,美金,3000,23400,23400,,0,NONPI,,46148,46146,46148,,,JL5879,李咏媱
J10002408,602069587,pending,九富保险服务有限公司,代理人业务,天领业务,天领贴牌,广西贴牌,广西贴牌,马娇,香港永明金融有限公司,储蓄,万年青·星河尊享保险计划II,2,预缴,美金,25000,195000,195000,,0,NONPI,,46141,46146,46148,,,JJ5633,陈昊锴
J001549,602069580,pending,九富保险服务有限公司,经代业务,永明经代,持牌经纪,紫荆保险,紫荆保险,紫荆保险,香港永明金融有限公司,储蓄,万年青·星河尊享保险计划II,2,预缴,美金,250000,1950000,1950000,,0,NONPI,,46145,46146,46148,,,JL5879,李咏媱
U001044,611233685,pending,众和恒富理财集团有限公司,经代业务,永明经代,持牌经纪,万城保险,万城保险,万城保险,香港永明金融有限公司,储蓄,万年青·星河尊享保险计划II,2,预缴,美金,50000,390000,390000,,0,NONPI,,46150,46151,46153,,姜通,JK7517,王杰辉
U001046,611233723,pending,众和恒富理财集团有限公司,KA业务,合伙转介业务,持牌转介,总部职能,总部职能,王钟轶,香港永明金融有限公司,重疾,万家康卓越保,10,年缴,美金,2476,19312.8,19312.8,100000,0,NONPI,,46153,46154,46156,,,JK6768,林小莎
U001045,611233725,尚欠保费,众和恒富理财集团有限公司,KA业务,合伙转介业务,持牌转介,总部职能,总部职能,王钟轶,香港永明金融有限公司,重疾,万家康卓越保,20,年缴,美金,3261,25435.8,25435.8,100000,0,NONPI,,46153,46154,46156,,,JK6768,林小莎
J10002687,602070083,pending,九富保险服务有限公司,代理人业务,天领业务,天领机构,天领重庆,重庆经代,王栎丽,香港永明金融有限公司,储蓄,万年青·星河尊享保险计划II,2,预缴,美金,30000,234000,234000,60000,0,NONPI,,46152,46154,46162,,,JJ5633,陈昊锴
D002213,611231885,尚欠保费,怡泰财富管理有限公司,经代业务,同行经代,持牌资管,利泰丰,利泰丰管理有限公司,黄子峰,香港永明金融有限公司,储蓄,万年青·星河传承保险计划II,5,年缴,美金,100000,780000,780000,500000,0,PI,,46153,46154,46155,,,JF2281,赖晔敏
D10002651,1.00043E+11,pending,怡泰财富管理有限公司,代理人业务,天领业务,天领机构,天领重庆,重庆经代,王涵,立桥人寿保险有限公司,储蓄,智选储蓄保（20年保障期）,1,整付,美金,50000,390000,39000,50000,0,NONPI,,46151,46157,46157,,,JH6936,余迪慷
J103455,602070141,尚欠保费,九富保险服务有限公司,代理人业务,成事家办,IYB分公司,刘微,刘微,孟丽君,香港永明金融有限公司,储蓄,万年青·星河尊享保险计划II,5,年缴,美金,30000,234000,234000,150000,0,NONPI,,46157,46157,46160,,,JL2755,唐婧瑶
J10002696,602070140,尚欠保费,九富保险服务有限公司,代理人业务,天领业务,天领贴牌,宁波贴牌,宁波,宁波,香港永明金融有限公司,储蓄,万年青·星河尊享保险计划II,5,年缴,美金,50000,390000,390000,250000,0,PI,,46153,46157,46160,,,JL2755,唐婧瑶
PI103500,1.00043E+11,尚欠保费,天誉国际财富管理有限公司,经代业务,同行经代,持牌经纪,天誉国际(MGA),宏安证券有限公司,宏安证券有限公司,立桥人寿保险有限公司,储蓄,智选储蓄保（20年保障期）,1,整付,美金,150000,1170000,117000,,0,NONPI,,46157,46158,46158,,姜通,JH9602,余文茜
PI103509,1.00043E+11,尚欠保费,天誉国际财富管理有限公司,经代业务,同行经代,持牌经纪,天誉国际(MGA),宏安证券有限公司,宏安证券有限公司,立桥人寿保险有限公司,储蓄,智选储蓄保（20年保障期）,1,整付,美金,200000,1560000,156000,,0,NONPI,,46157,46158,46158,,姜通,JH9602,余文茜
U102681,611233786,尚欠保费,众和恒富理财集团有限公司,经代业务,同行经代,持牌经纪,天誉国际,宏安证券有限公司,宏安证券有限公司,香港永明金融有限公司,储蓄,万年青·星河传承保险计划II,5,年缴,美金,130000,1014000,1014000,650000,0,NONPI,,46149,46160,46168,,姜通,JF7523,吕静文
U102654,611233785,尚欠保费,众和恒富理财集团有限公司,经代业务,同行经代,持牌经纪,天誉国际,宏安证券有限公司,宏安证券有限公司,香港永明金融有限公司,储蓄,万年青·星河传承保险计划II,5,年缴,美金,130000,1014000,1014000,650000,0,NONPI,,46148,46160,46168,,姜通,JF7523,吕静文
J10002840,602070356,pending,九富保险服务有限公司,代理人业务,成事家办,IYB分公司,杨洪美,杨洪美,赵浩丽,香港永明金融有限公司,储蓄,万年青·星河尊享保险计划II,5,预缴,美金,60000,468000,468000,300000,0,NONPI,,46156,46162,46170,,,JL5879,李咏媱
PI103653,506-1182969,尚欠保费,天誉国际财富管理有限公司,经代业务,同行经代,持牌经纪,天誉国际(MGA),宏安证券有限公司,宏安证券有限公司,香港安盛保险有限公司,储蓄,盛利II储蓄保险-至尊,5,年缴,美金,20000,156000,156000,150000,0,NONPI,,46161,46162,46164,,姜通,JH9602,余文茜
D002217,611231870,pending,怡泰财富管理有限公司,经代业务,同行经代,持牌资管,利泰丰,利泰丰管理有限公司,黄子峰,香港永明金融有限公司,重疾,万家康尊尚保,25,年缴,美金,11164,87079.2,87079.2,400000,0,NONPI,,46161,46162,46174,,,JF2281,赖晔敏
D103995,611231871,pending,怡泰财富管理有限公司,经代业务,同行经代,持牌资管,利泰丰,利泰丰管理有限公司,利泰丰管理有限公司,香港永明金融有限公司,重疾,万家康尊尚保,25,年缴,美金,9208,71822.4,71822.4,400000,0,NONPI,,46162,46163,46174,,,JF2281,赖晔敏
D104112,611231872,pending,怡泰财富管理有限公司,经代业务,同行经代,持牌资管,利泰丰,利泰丰管理有限公司,利泰丰管理有限公司,香港永明金融有限公司,重疾,万家康尊尚保,25,年缴,美金,9208,71822.4,71822.4,400000,0,NONPI,,46163,46163,46174,,,JF2281,赖晔敏
PI103338,505-9632884,pending,天誉国际财富管理有限公司,经代业务,同行经代,持牌经纪,天誉国际(MGA),宏安证券有限公司,宏安证券有限公司,香港安盛保险有限公司,储蓄,盛利II储蓄保险-至尊,2,年缴,美金,50000,390000,390000,100000,0,NONPI,,46156,46163,46163,,姜通,JL6752,王晶晶
D104013,1.00043E+11,尚欠保费,怡泰财富管理有限公司,经代业务,BK业务,银行网点,平安银行,平安银行,平安香港分行许菁,立桥人寿保险有限公司,储蓄,智选储蓄保（20年保障期）,1,整付,美金,1000000,7800000,780000,,0,NONPI,2%,46162,46163,46164,,,JH6936,余迪慷
J103950,611233789,尚欠保费,众和恒富理财集团有限公司,经代业务,永明经代,持牌经纪,紫荆保险,紫荆保险,紫荆保险,香港永明金融有限公司,储蓄,万年青·星河尊享保险计划II,5,年缴,美金,20000,156000,156000,100000,0,NONPI,,46162,46164,46168,,,JF7523,吕静文
D104670,611232022,尚欠保费,怡泰财富管理有限公司,经代业务,BK业务,银行网点,民生银行,民生银行,民生香港分行梁驹团队,香港永明金融有限公司,储蓄,永誉传承储蓄计划,1,整付,美金,2000000,15600000,1560000,2000000,1,NONPI,3.50%,46168,46169,46176,,,JH6936,余迪慷
J104535,602070396,pending,九富保险服务有限公司,经代业务,永明经代,持牌经纪,万森保险,万森保险,万森保险,香港永明金融有限公司,储蓄,万年青·星河尊享保险计划II,2,预缴,美金,100000,780000,780000,200000,0,PI,,46167,46170,46175,,高瑶,JL5879,李咏媱
PI104886,1.00044E+11,尚欠保费,天誉国际财富管理有限公司,经代业务,同行经代,持牌经纪,天誉国际(MGA),宏安证券有限公司,宏安证券有限公司,立桥人寿保险有限公司,储蓄,智选储蓄保（20年保障期）,1,整付,美金,51000,397800,39780,51000,0,NONPI,,46170,46170,46170,,姜通,JH9602,余文茜
PI105660,93087392,pending,天誉国际财富管理有限公司,经代业务,同行经代,持牌经纪,天誉国际(MGA),宏安证券有限公司,宏安证券有限公司,万通保险国际有限公司,储蓄,富饶万家储蓄保险计划,5,预缴,美金,30000,234000,234000,,0,NONPI,,46172,46171,46175,,姜通,JH9602,余文茜
PI105669,93088487,pending,天誉国际财富管理有限公司,经代业务,同行经代,持牌经纪,天誉国际(MGA),宏安证券有限公司,宏安证券有限公司,万通保险国际有限公司,储蓄,富饶万家储蓄保险计划,5,预缴,美金,60000,468000,468000,300000,0,NONPI,,46172,46171,46174,,姜通,JH9602,余文茜
PI105651,93103465,pending,天誉国际财富管理有限公司,经代业务,同行经代,持牌经纪,天誉国际(MGA),宏安证券有限公司,宏安证券有限公司,万通保险国际有限公司,储蓄,富饶万家储蓄保险计划,5,预缴,美金,100000,780000,780000,500000,0,NONPI,,46172,46171,46174,,姜通,JL6752,王晶晶
PI105642,93083518,pending,天誉国际财富管理有限公司,经代业务,同行经代,持牌经纪,天誉国际(MGA),宏安证券有限公司,宏安证券有限公司,万通保险国际有限公司,储蓄,富饶万家储蓄保险计划,5,预缴,美金,100000,780000,780000,,0,NONPI,,46172,46171,46174,,姜通,JL6752,王晶晶
J001557,602070145,尚欠保费,九富保险服务有限公司,经代业务,永明经代,持牌经纪,紫荆保险,紫荆保险,紫荆保险,香港永明金融有限公司,储蓄,万年青·星河尊享保险计划II,2,预缴,美金,37500,292500,292500,75000,0,NONPI,,46148,46171,46176,,,JF7605,林思思
U104490,602070259,pending,九富保险服务有限公司,经代业务,永明经代,持牌经纪,紫荆保险,紫荆保险,紫荆保险,香港永明金融有限公司,储蓄,万年青·星河尊享保险计划II,2,年缴,人民币,250000,285000,285000,500000,0,NONPI,,46167,46171,46176,,,JF7605,林思思
PI105678,93096888,待批核,天誉国际财富管理有限公司,经代业务,同行经代,持牌经纪,天誉国际(MGA),宏安证券有限公司,宏安证券有限公司,万通保险国际有限公司,储蓄,富饶万家储蓄保险计划,5,预缴,美金,70000,546000,546000,350000,0,NONPI,,46172,46171,46182,,姜通,JL6752,王晶晶
PI105615,93097457,待批核,天誉国际财富管理有限公司,经代业务,同行经代,持牌经纪,天誉国际(MGA),宏安证券有限公司,宏安证券有限公司,万通保险国际有限公司,储蓄,富饶万家储蓄保险计划,2,预缴,美金,50000,390000,390000,100000,0,NONPI,,46172,46171,46174,,姜通,JL6752,王晶晶
PI105633,93099577,待批核,天誉国际财富管理有限公司,经代业务,同行经代,持牌经纪,天誉国际(MGA),宏安证券有限公司,宏安证券有限公司,万通保险国际有限公司,储蓄,富饶万家储蓄保险计划,5,预缴,美金,5000,39000,39000,,0,NONPI,,46172,46171,46174,,姜通,JL6752,王晶晶
PI105624,93093068,pending,天誉国际财富管理有限公司,经代业务,同行经代,持牌经纪,天誉国际(MGA),宏安证券有限公司,宏安证券有限公司,万通保险国际有限公司,储蓄,富饶万家储蓄保险计划,5,预缴,美金,100000,780000,780000,,0,NONPI,,46172,46171,46174,,姜通,JH9602,余文茜
PI104976,93083283,pending,天誉国际财富管理有限公司,经代业务,同行经代,持牌经纪,天誉国际(MGA),宏安证券有限公司,宏安证券有限公司,万通保险国际有限公司,储蓄,富饶万家储蓄保险计划,5,年缴,美金,100000,780000,780000,,0,NONPI,,46170,46171,46174,,姜通,JH9602,余文茜
J10003281,602070103,pending,九富保险服务有限公司,代理人业务,天领业务,天领贴牌,宁波贴牌,宁波,宁波,香港永明金融有限公司,储蓄,万年青·星河传承保险计划II,5,年缴,美金,100000,780000,780000,500000,0,NONPI,,46173,46174,46176,,,JJ5633,陈昊锴
U104706,602070370,pending,九富保险服务有限公司,经代业务,永明经代,持牌经纪,紫荆保险,紫荆保险,紫荆保险,香港永明金融有限公司,储蓄,万年青·星河尊享保险计划II,2,预缴,人民币,175000,199500,199500,350000,0,NONPI,,46168,46175,46177,,,JL5879,李咏媱
PI105867,1.00043E+11,pending,天誉国际财富管理有限公司,经代业务,同行经代,持牌经纪,天誉国际(MGA),堡盛国际,堡盛国际(TY),立桥人寿保险有限公司,储蓄,智选储蓄保（20年保障期）,1,整付,美金,100000,780000,78000,,0,NONPI,,46175,46176,46176,,姜通,JH9602,余文茜
PI105030,0,待批核,天誉国际财富管理有限公司,经代业务,同行经代,持牌经纪,天誉国际(MGA),堡盛国际,堡盛国际(TY),香港安盛保险有限公司,储蓄,盛利II储蓄保险-至尊,2,年缴,美金,75000,585000,585000,150000,0,NONPI,,46171,46176,46177,,姜通,JH9602,余文茜
U105948,611233793,pending,众和恒富理财集团有限公司,经代业务,同行经代,持牌经纪,唯思,唯思财富顾问,唯思财富顾问,香港永明金融有限公司,重疾,万家康卓越保,25,年缴,美金,2800.01,21840.08,21840.08,111777,0,NONPI,,46176,46177,46202,,战略合作,JK7517,王杰辉
U104994,602070266,pending,九富保险服务有限公司,经代业务,永明经代,持牌经纪,紫荆保险,紫荆保险,紫荆保险,香港永明金融有限公司,储蓄,万年青·星河尊享保险计划II,2,预缴,美金,50000,390000,390000,100000,0,NONPI,6%,46171,46178,46178,,,JM3860,丁铭丰
U104067,611233807,尚欠保费,众和恒富理财集团有限公司,经代业务,永明经代,持牌经纪,堡盛国际,堡盛国际,堡盛国际,香港永明金融有限公司,储蓄,万年青·星河尊享保险计划II,5,年缴,人民币,210000,239400,239400,1050000,0,NONPI,,46174,46178,46179,,姜通,JF7523,吕静文
U106263,611248872,尚欠保费,众和恒富理财集团有限公司,经代业务,永明经代,持牌经纪,堡盛国际,堡盛国际,堡盛国际,香港永明金融有限公司,储蓄,万年青·星河尊享保险计划II,2,年缴,人民币,250000,285000,285000,500000,0,NONPI,,46179,46181,46183,,姜通,JK7517,王杰辉
U106119,602070389,pending,九富保险服务有限公司,经代业务,同行经代,持牌经纪,天誉国际,宏安证券有限公司,宏安证券有限公司,香港永明金融有限公司,储蓄,万年青·星河尊享保险计划II,2,预缴,美金,50000,390000,390000,100000,0,NONPI,6%,46177,46181,46183,,姜通,JL5879,李咏媱
U106164,861001870,已签单,众和恒富理财集团有限公司,经代业务,永明经代,持牌经纪,万城保险,万城保险,万城保险,香港永明金融有限公司,人寿,卓裕人寿保险计划系列 III-50,1,整付,美金,126990,990522,99052.2,900000,0,NONPI,,46181,46183,,,姜通,JK6768,林小莎
D107010,611232031,尚欠保费,怡泰财富管理有限公司,经代业务,BK业务,银行网点,平安银行,平安银行,平安香港分行许菁,香港永明金融有限公司,储蓄,永誉传承储蓄计划,1,整付,美金,500000,3900000,390000,500000,1,NONPI,2.50%,46185,46184,46190,,,JH6936,余迪慷
J10003767,602070110,pending,九富保险服务有限公司,代理人业务,天领业务,天领机构,天领重庆,重庆经代,黄涵,香港永明金融有限公司,储蓄,万年青·星河尊享保险计划II,5,预缴,美金,60000,468000,468000,300000,0,NONPI,,46183,46184,46197,,,JJ5633,陈昊锴
PI106524,506-1191218,pending,天誉国际财富管理有限公司,经代业务,同行经代,持牌经纪,天誉国际(MGA),堡盛国际,堡盛国际(TY),香港安盛保险有限公司,储蓄,盛利II储蓄保险-至尊,5,年缴,美金,30000,234000,234000,150000,0,NONPI,,46181,46184,46184,,姜通,JH9602,余文茜
D106857,611231875,尚欠保费,怡泰财富管理有限公司,经代业务,BK业务,银行网点,民生银行,民生银行,民生重庆分行,香港永明金融有限公司,储蓄,万年青·卓金保险计划II,5,预缴,美金,60000,468000,468000,300000,0,PI,21%,46184,46184,46184,,,JF2281,赖晔敏
D106407,611231869,尚欠保费,怡泰财富管理有限公司,经代业务,BK业务,银行网点,平安银行,平安银行,平安香港分行许菁,香港永明金融有限公司,储蓄,永誉传承储蓄计划,1,整付,美金,1000000,7800000,780000,1000000,1,NONPI,2.50%,46181,46185,46195,,,JH6936,余迪慷
D106992,611232128,尚欠保费,怡泰财富管理有限公司,经代业务,BK业务,银行网点,平安银行,平安银行,平安香港分行许菁,香港永明金融有限公司,储蓄,万年青·卓金保险计划II,5,年缴,美金,100000,780000,780000,500000,0,PI,21%,46185,46185,46195,,,JH6936,余迪慷
U106929,602070263,pending,九富保险服务有限公司,经代业务,同行经代,持牌经纪,天誉国际,宏安证券有限公司,宏安证券有限公司,香港永明金融有限公司,储蓄,万年青·星河尊享保险计划II,2,预缴,美金,75000,585000,585000,150000,0,NONPI,,46185,46188,46190,,姜通,JM3860,丁铭丰
U106983,611250504,尚欠保费,众和恒富理财集团有限公司,经代业务,同行经代,持牌经纪,唯思,同智顾问,同智顾问,香港永明金融有限公司,储蓄,万年青·星河尊享保险计划II,2,预缴,美金,125000,975000,975000,250000,0,PI,,46185,46188,46190,,战略合作,JM4261,陈焕桃
U106902,611250502,尚欠保费,众和恒富理财集团有限公司,经代业务,同行经代,持牌经纪,唯思,唯思财富顾问,唯思财富顾问,香港永明金融有限公司,储蓄,万年青·星河传承保险计划II,2,预缴,人民币,150000,171000,171000,300000,0,NONPI,,46184,46188,46190,,战略合作,JM4261,陈焕桃
U107307,611249933,尚欠保费,众和恒富理财集团有限公司,经代业务,永明经代,持牌经纪,臻略财富,臻略财富,臻略财富,香港永明金融有限公司,储蓄,万年青·星河尊享保险计划II,2,年缴,美金,100000,780000,780000,200000,0,NONPI,,46189,46189,46190,,白博文,JJ7007,王嘉鸣
U107073,611249932,尚欠保费,众和恒富理财集团有限公司,经代业务,永明经代,持牌经纪,臻略财富,臻略财富,臻略财富,香港永明金融有限公司,储蓄,万年青·星河尊享保险计划II,2,预缴,美金,100000,780000,780000,200000,0,PI,,46187,46189,46190,,白博文,JJ7007,王嘉鸣
J106794,602070372,pending,九富保险服务有限公司,经代业务,永明经代,持牌经纪,紫荆保险,紫荆保险,紫荆保险,香港永明金融有限公司,储蓄,万年青·星河尊享保险计划II,5,预缴,美金,10000,78000,78000,50000,0,NONPI,,46184,46189,46197,,,JL5879,李咏媱
J106893,602070375,pending,九富保险服务有限公司,经代业务,永明经代,持牌经纪,万森保险,万森保险,万森保险,香港永明金融有限公司,储蓄,万年青·星河传承保险计划II,5,年缴,美金,60000,468000,468000,300000,0,PI,,46184,46189,46197,,高瑶,JL5879,李咏媱
D106956,611232034,尚欠保费,怡泰财富管理有限公司,经代业务,BK业务,银行网点,民生银行,民生银行,民生广州分行,香港永明金融有限公司,储蓄,万年青·卓金保险计划II,5,年缴,美金,50000,390000,390000,250000,0,PI,21%,46185,46189,46190,,,JH6936,余迪慷
PI106704,505-9664150,待批核,天誉国际财富管理有限公司,经代业务,同行经代,持牌经纪,天誉国际(MGA),堡盛国际,堡盛国际(TY),香港安盛保险有限公司,储蓄,盛利II储蓄保险-至尊,2,预缴,美金,75000,585000,585000,150000,0,NONPI,,46182,46189,46190,,姜通,JL6752,王晶晶
J10003749,602070378,pending,九富保险服务有限公司,代理人业务,天领业务,天领机构,天领重庆,重庆经代,张文嘉,香港永明金融有限公司,储蓄,万年青·星河尊享保险计划II,5,年缴,美金,50000,390000,390000,250000,0,NONPI,,46183,46189,46197,,,JL5879,李咏媱
PI106713,A000007638,待批核,天誉国际财富管理有限公司,经代业务,同行经代,持牌经纪,天誉国际(MGA),堡盛国际,堡盛国际(TY),中国太平洋保险（香港）有限公司,储蓄,世代悦享储蓄保险计划3,1,整付,美金,250000,1950000,195000,,0,PI,10%,46182,46190,46191,,姜通,JH9602,余文茜
D106227,611232129,尚欠保费,怡泰财富管理有限公司,经代业务,BK业务,银行网点,平安银行,平安银行,平安香港分行王慧娟,香港永明金融有限公司,储蓄,永誉传承储蓄计划,1,整付,美金,1500000,11700000,1170000,1500000,1,NONPI,3.50%,46178,46191,46203,,,JM4219,黄妙生
D107730,611232062,尚欠保费,怡泰财富管理有限公司,经代业务,BK业务,银行网点,平安银行,平安银行,平安香港分行高凯,香港永明金融有限公司,储蓄,永誉传承储蓄计划,1,整付,美金,2000000,15600000,1560000,2000000,1,NONPI,2.50%,46194,46195,46199,,,JM4219,黄妙生
U106884,611250453,pending,众和恒富理财集团有限公司,经代业务,永明经代,持牌经纪,堡盛国际,堡盛国际,堡盛国际,香港永明金融有限公司,储蓄,万年青·星河尊享保险计划II,2,年缴,美金,37500,292500,292500,75000,0,NONPI,,46184,46196,46197,,姜通,JM4261,陈焕桃
PI107037,505-9672302,待批核,天誉国际财富管理有限公司,经代业务,同行经代,持牌经纪,天誉国际(MGA),堡盛国际,堡盛国际(TY),香港安盛保险有限公司,储蓄,盛利II储蓄保险-至尊,2,年缴,美金,37500,292500,292500,75000,0,NONPI,,46185,46196,46197,,姜通,JH9602,余文茜
U107757,611227314,待批核,众和恒富理财集团有限公司,KA业务,合伙转介业务,持牌转介,总部职能,总部职能,吕静文,香港永明金融有限公司,储蓄,万年青·星河尊享保险计划II,5,年缴,美金,10000,78000,78000,50000,0,NONPI,,46195,46196,46218,,,JK6768,林小莎
PI107982,A000007826,待批核,天誉国际财富管理有限公司,经代业务,同行经代,持牌经纪,天誉国际(MGA),宏安证券有限公司,宏安证券有限公司,中国太平洋保险（香港）有限公司,储蓄,世代悦享储蓄保险计划3,1,整付,美金,100000,780000,78000,,0,NONPI,8%,46196,46197,46197,,姜通,JH9602,余文茜
U107784,611248890,pending,众和恒富理财集团有限公司,经代业务,同行经代,持牌经纪,天誉国际,宏安证券有限公司,宏安证券有限公司,香港永明金融有限公司,储蓄,万年青·星河尊享保险计划II,2,年缴,美金,50000,390000,390000,100000,0,NONPI,,46195,46197,46197,,姜通,JK7517,王杰辉
U107955,602070388,pending,九富保险服务有限公司,经代业务,同行经代,持牌经纪,天誉国际,宏安证券有限公司,宏安证券有限公司,香港永明金融有限公司,储蓄,万年青·星河尊享保险计划II,2,年缴,美金,50000,390000,390000,100000,0,NONPI,,46196,46197,46198,,姜通,JL5879,李咏媱
D107748,611232033,尚欠保费,怡泰财富管理有限公司,经代业务,BK业务,银行网点,平安银行,平安银行,平安香港分行徐艳,香港永明金融有限公司,储蓄,永誉传承储蓄计划,1,整付,美金,1000000,7800000,780000,1000000,1,NONPI,2.50%,46195,46198,46202,,,JH6936,余迪慷
U106830,611250550,待批核,众和恒富理财集团有限公司,经代业务,同行经代,持牌经纪,唯思,同智顾问,同智顾问,香港永明金融有限公司,储蓄,万年青·星河尊享保险计划II,2,预缴,美金,150000,1170000,1170000,300000,0,NONPI,,46184,46198,46218,,战略合作,JF7523,吕静文
U107262,611250551,待批核,众和恒富理财集团有限公司,经代业务,同行经代,持牌经纪,唯思,同智顾问,同智顾问,香港永明金融有限公司,储蓄,万年青·星河尊享保险计划II,2,预缴,美金,250000,1950000,1950000,500000,0,NONPI,,46189,46198,46218,,战略合作,JF7523,吕静文
PI108477,505-9677293,待批核,天誉国际财富管理有限公司,经代业务,同行经代,持牌经纪,天誉国际(MGA),宏安证券有限公司,宏安证券有限公司,香港安盛保险有限公司,储蓄,盛利II储蓄保险-至尊,5,年缴,美金,30000,234000,234000,150000,0,NONPI,,46198,46199,46201,,姜通,JL6752,王晶晶
J10003893,602070248,待批核,九富保险服务有限公司,代理人业务,天领业务,天领机构,天领重庆,重庆经代,牟佳,香港永明金融有限公司,储蓄,万年青·星河尊享保险计划II,5,年缴,美金,10000,78000,78000,50000,0,NONPI,,46195,46199,46199,,,JM5389,赖裕
U108333,611248898,已签单,众和恒富理财集团有限公司,经代业务,永明经代,持牌经纪,中天家办,中天家办,中天家办,香港永明金融有限公司,重疾,万家康卓越保,20,年缴,美金,2202,17175.6,17175.6,75000,0,NONPI,,46198,46199,,,白博文,JK7517,王杰辉
U108153,602069932,pending,九富保险服务有限公司,经代业务,永明经代,持牌经纪,万城保险,万城保险,万城保险,香港永明金融有限公司,储蓄,万年青·星河尊享保险计划II,5,预缴,美金,60000,468000,468000,300000,0,NONPI,,46197,46199,46203,,姜通,JL5879,李咏媱
J10004082,602069588,待批核,九富保险服务有限公司,代理人业务,天领业务,天领机构,天领深圳,大湾区,黄莹,香港永明金融有限公司,储蓄,万年青·星河尊享保险计划II,5,预缴,美金,200000,1560000,1560000,1000000,0,NONPI,20%,46197,46199,46202,,,JJ5633,陈昊锴
U108387,611233747,已签单,众和恒富理财集团有限公司,经代业务,永明经代,持牌经纪,中天家办,中天家办,中天家办,香港永明金融有限公司,重疾,万家康卓越保,20,年缴,美金,2655.75,20714.85,20714.85,75000,0,NONPI,,46198,46199,,,白博文,JK6768,林小莎
PI106965,505-9677384,pending,天誉国际财富管理有限公司,经代业务,同行经代,持牌经纪,天誉国际(MGA),堡盛国际,堡盛国际(TY),香港安盛保险有限公司,储蓄,盛利II储蓄保险-至尊,2,预缴,美金,100000,780000,780000,300000,0,NONPI,,46185,46199,46199,,姜通,JH9602,余文茜
PI108000,92901878,pending,天誉国际财富管理有限公司,经代业务,同行经代,持牌经纪,天誉国际(MGA),宏安证券有限公司,宏安证券有限公司,万通保险国际有限公司,储蓄,富饶万家储蓄保险计划,2,预缴,美金,75000,585000,585000,150000,0,NONPI,,46196,46199,46205,,姜通,JL6752,王晶晶
U108396,611249941,pending,众和恒富理财集团有限公司,经代业务,永明经代,持牌经纪,中天家办,中天家办,中天家办,香港永明金融有限公司,储蓄,万年青·星河尊享保险计划II,2,年缴,美金,100000,780000,780000,200000,0,PI,,46198,46199,46206,,白博文,JJ7007,王嘉鸣
U108081,505-9677707,待批核,天誉国际财富管理有限公司,经代业务,同行经代,持牌经纪,天誉国际(MGA),盈丰资本财富管理（香港）有限公司,盈丰资本财富管理（香港）有限公司,香港安盛保险有限公司,储蓄,盛利II储蓄保险-至尊,2,年缴,人民币,500000,570000,570000,1000000,0,NONPI,,46196,46199,46199,,姜通,JH9602,余文茜
D108369,暂无3,pending,怡泰财富管理有限公司,经代业务,BK业务,银行网点,民生银行,民生银行,民生上海分行张江支行,永明金融有限公司,万用寿险,永明辉煌指数型万能寿险,10,年缴,美金,26700,208260,208260,3000000,0,NONPI,,46198,46199,46209,,,IA6464,连亮晴
D108378,暂无2,pending,怡泰财富管理有限公司,经代业务,BK业务,银行网点,民生银行,民生银行,民生上海分行张江支行,永明金融有限公司,万用寿险,永明辉煌指数型万能寿险,10,年缴,美金,32300,251940,251940,3000000,0,NONPI,,46198,46199,46209,,,IA6464,连亮晴
U108144,611249940,pending,众和恒富理财集团有限公司,经代业务,永明经代,持牌经纪,中天家办,中天家办,中天家办,香港永明金融有限公司,储蓄,万年青·星河尊享保险计划II,2,预缴,人民币,300000,342000,342000,600000,0,NONPI,,46197,46199,46204,,白博文,JJ7007,王嘉鸣
U108216,611248897,pending,众和恒富理财集团有限公司,经代业务,永明经代,持牌经纪,富仕德,富仕德,富仕德,香港永明金融有限公司,储蓄,万年青·星河尊享保险计划II,2,年缴,美金,25000,195000,195000,50000,0,NONPI,,46197,46199,46202,,,JK7517,王杰辉
PI108270,505-968408,待批核,天誉国际财富管理有限公司,经代业务,同行经代,持牌经纪,天誉国际(MGA),堡盛国际,堡盛国际(TY),香港安盛保险有限公司,储蓄,盛利II储蓄保险-至尊,2,年缴,美金,75000,585000,585000,150000,0,NONPI,,46197,46199,46206,,姜通,JL6752,王晶晶
PI108126,1.00045E+11,待批核,天誉国际财富管理有限公司,经代业务,同行经代,持牌经纪,天誉国际(MGA),堡盛国际,堡盛国际(TY),立桥人寿保险有限公司,储蓄,智选储蓄保（20年保障期）,1,整付,美金,500000,3900000,390000,500000,0,NONPI,,46197,46199,46202,,姜通,JH9602,余文茜
U107685,602069593,待批核,九富保险服务有限公司,经代业务,同行经代,持牌经纪,天誉国际,宏安证券有限公司,宏安证券有限公司,香港永明金融有限公司,储蓄,万年青·星河尊享保险计划II,2,预缴,美金,100000,780000,780000,200000,0,NONPI,,46191,46200,46205,,姜通,JJ5633,陈昊锴
J10003875,602069585,待批核,九富保险服务有限公司,代理人业务,天领业务,天领机构,天领重庆,重庆经代,雷蕾,香港永明金融有限公司,储蓄,万年青·星河传承保险计划II,5,预缴,美金,60000,468000,468000,300000,0,NONPI,100%,46193,46200,46205,,,JJ5633,陈昊锴
U108423,611248903,pending,众和恒富理财集团有限公司,经代业务,永明经代,持牌经纪,中天家办,中天家办,中天家办,香港永明金融有限公司,储蓄,万年青·星河尊享保险计划II,2,预缴,人民币,200000,228000,228000,400000,0,NONPI,,46198,46200,46202,,白博文,JK7517,王杰辉
J10004100,602070113,pending,九富保险服务有限公司,代理人业务,天领业务,天领贴牌,武汉贴牌,武汉贴牌,陈青,香港永明金融有限公司,重疾,万家康尊尚保,20,年缴,美金,2756,21496.8,21496.8,100000,0,NONPI,,46198,46200,46205,,,JJ5633,陈昊锴
U108729,611248909,pending,众和恒富理财集团有限公司,经代业务,同行经代,持牌经纪,天誉国际,宏安证券有限公司,宏安证券有限公司,香港永明金融有限公司,重疾,万家康尊尚保,25,年缴,美金,1464,11419.2,11419.2,50000,0,NONPI,,46200,46200,46209,,姜通,JK7517,王杰辉
U107640,611250557,pending,众和恒富理财集团有限公司,经代业务,永明经代,持牌经纪,堡盛国际,堡盛国际,堡盛国际,香港永明金融有限公司,储蓄,万年青·星河尊享保险计划II,5,年缴,美金,30000,234000,234000,150000,0,NONPI,,46191,46200,46209,,姜通,JK6768,林小莎
U107622,611250556,pending,众和恒富理财集团有限公司,经代业务,永明经代,持牌经纪,堡盛国际,堡盛国际,堡盛国际,香港永明金融有限公司,储蓄,万年青·星河尊享保险计划II,5,年缴,美金,30000,234000,234000,150000,0,NONPI,,46191,46200,46203,,姜通,JK6768,林小莎
D108324,611231890,pending,怡泰财富管理有限公司,经代业务,BK业务,银行网点,民生银行,民生银行,民生南京分行,香港永明金融有限公司,储蓄,万年青·卓金保险计划II,5,年缴,美金,50000,390000,390000,250000,0,PI,59%,46198,46202,46202,,,JF2281,赖晔敏
PI108684,1.00045E+11,待批核,天誉国际财富管理有限公司,经代业务,同行经代,持牌经纪,天誉国际(MGA),宏安证券有限公司,宏安证券有限公司,立桥人寿保险有限公司,储蓄,智选储蓄保（20年保障期）,1,整付,美金,250000,1950000,195000,,0,NONPI,,46199,46202,46203,,姜通,JH9602,余文茜
J10004028,602069700,待批核,九富保险服务有限公司,代理人业务,天领业务,天领贴牌,苏州贴牌,苏州,胡永丽,香港永明金融有限公司,储蓄,万年青·星河传承保险计划II,5,预缴,美金,50000,390000,390000,250000,0,NONPI,100%,46197,46202,46205,,,JJ5633,陈昊锴
J10004208,602070391,待批核,九富保险服务有限公司,代理人业务,天领业务,天领机构,天领重庆,重庆经代,王栎丽,香港永明金融有限公司,人寿,永延保障计划,12,年缴,美金,1970.25,15367.95,15367.95,75000,0,NONPI,,46201,46202,46213,,,JL5879,李咏媱
U108765,611250521,待批核,众和恒富理财集团有限公司,经代业务,永明经代,持牌经纪,富仕德,富仕德,富仕德,香港永明金融有限公司,重疾,万家康卓越保,25,年缴,美金,1508.5,11766.3,11766.3,50000,0,NONPI,,46201,46202,46218,,,JK6768,林小莎
U108774,611250520,尚欠保费,众和恒富理财集团有限公司,经代业务,永明经代,持牌经纪,富仕德,富仕德,富仕德,香港永明金融有限公司,重疾,万家康卓越保,25,年缴,美金,1069,8338.2,8338.2,100000,0,NONPI,,46201,46202,46211,,,JK6768,林小莎
J10004127,602069935,待批核,九富保险服务有限公司,代理人业务,天领业务,天领机构,天领重庆,重庆经代,程琦,香港永明金融有限公司,储蓄,万年青·星河传承保险计划II,5,预缴,美金,50000,390000,390000,250000,0,NONPI,100%,46198,46202,46206,,,JL5879,李咏媱
D10004307,1.00045E+11,尚欠保费,怡泰财富管理有限公司,代理人业务,天领业务,天领机构,天领重庆,重庆经代,王栎丽,立桥人寿保险有限公司,储蓄,智选储蓄保（20年保障期）,1,整付,美金,20000,156000,15600,20000,0,NONPI,,46202,46202,46205,,,JM4219,黄妙生
J10004199,602069930,待批核,九富保险服务有限公司,代理人业务,天领业务,天领贴牌,武汉贴牌,武汉贴牌,陈青,香港永明金融有限公司,储蓄,万年青·星河传承保险计划II,5,预缴,美金,50000,390000,390000,250000,0,NONPI,100%,46199,46202,46206,,,JL5879,李咏媱
D10004325,TPLHK100066357956008,尚欠保费,怡泰财富管理有限公司,代理人业务,天领业务,天领机构,天领重庆,重庆经代,王栎丽,中国太平保险（香港）有限公司,储蓄,喜裕储蓄保险计划,1,整付,美金,30000,234000,23400,30000,0,NONPI,,46202,46202,46209,,,JM4219,黄妙生
J10004253,602070188,待批核,九富保险服务有限公司,KA业务,合伙转介业务,同行机构转介,懿丰家族,懿丰家族,懿丰家族,香港永明金融有限公司,储蓄,万年青·星河传承保险计划II,5,预缴,美金,500000,3900000,3900000,2500000,0,PI,,46199,46202,46205,,,JF7605,林思思
U108495,611250457,pending,众和恒富理财集团有限公司,经代业务,同行经代,持牌经纪,天誉国际,盈丰资本财富管理（香港）有限公司,盈丰资本财富管理（香港）有限公司,香港永明金融有限公司,储蓄,万年青·星河尊享保险计划II,5,年缴,人民币,210000,239400,239400,1050000,0,NONPI,,46198,46203,46210,,姜通,JM4261,陈焕桃
U108819,611248910,pending,众和恒富理财集团有限公司,经代业务,同行经代,持牌经纪,天誉国际,宏安证券有限公司,宏安证券有限公司,香港永明金融有限公司,储蓄,万年青·星河尊享保险计划II,2,预缴,人民币,500000,570000,570000,1000000,0,NONPI,,46201,46203,46209,,姜通,JK7517,王杰辉
U108405,611248916,pending,众和恒富理财集团有限公司,经代业务,永明经代,持牌经纪,企鹅保险,企鹅保险,企鹅保险,香港永明金融有限公司,储蓄,万年青·星河尊享保险计划II,5,年缴,人民币,210000,239400,239400,1050000,0,NONPI,,46198,46203,46209,,姜通,JK7517,王杰辉
PI108828,1.00045E+11,待批核,天誉国际财富管理有限公司,经代业务,同行经代,持牌经纪,天誉国际(MGA),宏安证券有限公司,宏安证券有限公司,立桥人寿保险有限公司,储蓄,智选储蓄保（20年保障期）,1,整付,美金,150000,1170000,117000,,0,NONPI,,46201,46203,46203,,姜通,JH9602,余文茜
U108837,611248915,pending,众和恒富理财集团有限公司,经代业务,永明经代,持牌经纪,企鹅保险,企鹅保险,企鹅保险,香港永明金融有限公司,储蓄,万年青·星河尊享保险计划II,5,预缴,美金,40000,312000,312000,200000,0,NONPI,,46202,46203,46209,,姜通,JK7517,王杰辉
PI108801,505-9684257,待批核,天誉国际财富管理有限公司,经代业务,同行经代,持牌经纪,天誉国际(MGA),堡盛国际,堡盛国际(TY),香港安盛保险有限公司,储蓄,盛利II储蓄保险-至尊,5,年缴,美金,80000,624000,624000,,0,NONPI,,46201,46203,46203,,姜通,JH9602,余文茜
PI108846,505-9684166,待批核,天誉国际财富管理有限公司,经代业务,同行经代,持牌经纪,天誉国际(MGA),堡盛国际,堡盛国际(TY),香港安盛保险有限公司,储蓄,盛利II储蓄保险-至尊,5,年缴,美金,80000,624000,624000,400000,0,NONPI,,46202,46203,46203,,姜通,JH9602,余文茜
J108810,602069933,pending,九富保险服务有限公司,经代业务,永明经代,持牌经纪,万森保险,万森保险,万森保险,香港永明金融有限公司,储蓄,万年青·星河尊享保险计划II,5,年缴,美金,100000,780000,780000,500000,0,NONPI,,46201,46203,46206,,高瑶,JL5879,李咏媱
U108927,611248939,pending,众和恒富理财集团有限公司,经代业务,同行经代,持牌经纪,唯思,唯思财富顾问,唯思财富顾问,香港永明金融有限公司,储蓄,万年青·星河尊享保险计划II,5,年缴,美金,10000,78000,78000,50000,0,NONPI,,46203,46203,46209,,战略合作,JK7517,王杰辉
U109026,611221146,pending,众和恒富理财集团有限公司,经代业务,同行经代,持牌经纪,天誉国际,宏安证券有限公司,宏安证券有限公司,香港永明金融有限公司,储蓄,万年青·星河尊享保险计划II,5,预缴,美金,115730,902694,902694,578650,0,PI,,46203,46205,46213,,姜通,JF7523,吕静文
U109017,611221142,pending,众和恒富理财集团有限公司,经代业务,同行经代,持牌经纪,天誉国际,宏安证券有限公司,宏安证券有限公司,香港永明金融有限公司,储蓄,万年青·星河尊享保险计划II,5,预缴,美金,115730,902694,902694,578650,0,PI,,46203,46205,46213,,姜通,JF7523,吕静文
U108558,611250505,pending,众和恒富理财集团有限公司,经代业务,永明经代,持牌经纪,堡盛国际,堡盛国际,堡盛国际,香港永明金融有限公司,储蓄,万年青·星河尊享保险计划II,2,年缴,美金,35000,273000,273000,70000,0,NONPI,,46199,46205,46210,,姜通,JM4261,陈焕桃
U108342,611250525,pending,众和恒富理财集团有限公司,经代业务,永明经代,持牌经纪,堡盛国际,堡盛国际,堡盛国际,香港永明金融有限公司,储蓄,万年青·星河尊享保险计划II,2,年缴,美金,35000,273000,273000,70000,0,NONPI,,46198,46205,46209,,姜通,JK6768,林小莎
PI108900,505-9685650,待批核,天誉国际财富管理有限公司,经代业务,同行经代,持牌经纪,天誉国际(MGA),盈丰资本财富管理（香港）有限公司,盈丰资本财富管理（香港）有限公司,香港安盛保险有限公司,储蓄,盛利II储蓄保险-至尊,2,年缴,美金,73500,573300,573300,150000,0,NONPI,,46202,46205,46205,,姜通,JH9602,余文茜
U108090,611250526,pending,众和恒富理财集团有限公司,经代业务,同行经代,持牌经纪,天誉国际,盈丰资本财富管理（香港）有限公司,盈丰资本财富管理（香港）有限公司,香港永明金融有限公司,储蓄,万年青·星河尊享保险计划II,2,年缴,人民币,250000,285000,285000,500000,0,NONPI,,46196,46205,46209,,姜通,JK6768,林小莎
U109152,611250527,已签单,众和恒富理财集团有限公司,经代业务,同行经代,持牌经纪,唯思,同智顾问,同智顾问,香港永明金融有限公司,人寿,永延保障计划,25,年缴,美金,12636,98560.8,98560.8,1300000,0,PI,,46204,46205,,,战略合作,JK6768,林小莎
U109062,611249943,pending,众和恒富理财集团有限公司,经代业务,永明经代,持牌经纪,龙腾财富,龙腾财富,龙腾财富,香港永明金融有限公司,储蓄,万年青·星河尊享保险计划II,5,预缴,美金,10000,78000,78000,50000,0,NONPI,,46204,46206,46210,,,JJ7007,王嘉鸣
U109071,611249942,pending,众和恒富理财集团有限公司,经代业务,永明经代,持牌经纪,龙腾财富,龙腾财富,龙腾财富,香港永明金融有限公司,储蓄,万年青·星河尊享保险计划II,5,预缴,美金,10000,78000,78000,50000,0,NONPI,,46204,46206,46210,,,JJ7007,王嘉鸣
U109035,611248927,pending,众和恒富理财集团有限公司,经代业务,同行经代,持牌经纪,天誉国际,宏安证券有限公司,宏安证券有限公司,香港永明金融有限公司,储蓄,万年青·星河尊享保险计划II,5,年缴,美金,30000,234000,234000,150000,0,NONPI,,46203,46206,46212,,姜通,JK7517,王杰辉
D109197,611232048,pending,怡泰财富管理有限公司,经代业务,BK业务,银行网点,平安银行,平安银行,平安香港分行朱慧娟,香港永明金融有限公司,储蓄,万年青·卓金保险计划II,5,年缴,美金,100000,780000,780000,500000,0,PI,21%,46205,46206,46209,,,JM4219,黄妙生
D109278,611232065,pending,怡泰财富管理有限公司,经代业务,BK业务,银行网点,平安银行,平安银行,平安香港分行徐艳,香港永明金融有限公司,储蓄,万年青·卓金保险计划II,5,年缴,美金,50000,390000,390000,250000,0,PI,21%,46209,46206,46213,,,JH6936,余迪慷
D109341,611232070,尚欠保费,怡泰财富管理有限公司,经代业务,BK业务,银行网点,平安银行,平安银行,平安香港分行徐艳,香港永明金融有限公司,储蓄,万年青·卓金保险计划II,5,年缴,美金,50000,390000,390000,250000,0,PI,21%,46209,46206,46213,,,JH6936,余迪慷
U108990,611248920,pending,众和恒富理财集团有限公司,经代业务,同行经代,持牌经纪,唯思,唯思财富顾问,唯思财富顾问,香港永明金融有限公司,储蓄,万年青·星河尊享保险计划II,5,年缴,人民币,50000,57000,57000,250000,0,NONPI,,46203,46206,46209,,战略合作,JK7517,王杰辉
D109377,611232063,尚欠保费,怡泰财富管理有限公司,经代业务,BK业务,银行网点,平安银行,平安银行,平安香港分行朱慧娟,香港永明金融有限公司,储蓄,永誉传承储蓄计划,1,整付,美金,1000000,7800000,780000,1000000,1,NONPI,7%,46209,46206,46212,,,JM4219,黄妙生
PI109134,505-9687011,pending,天誉国际财富管理有限公司,经代业务,同行经代,持牌经纪,天誉国际(MGA),堡盛国际,堡盛国际(TY),香港安盛保险有限公司,储蓄,盛利II储蓄保险-至尊,5,年缴,美金,2000,15600,15600,10000,0,NONPI,,46204,46206,46209,,姜通,JL6752,王晶晶
U109008,611248921,pending,众和恒富理财集团有限公司,经代业务,永明经代,持牌经纪,万城保险,万城保险,万城保险,香港永明金融有限公司,储蓄,万年青·星河尊享保险计划II,5,预缴,美金,10000,78000,78000,50000,0,NONPI,,46203,46206,46209,,姜通,JK7517,王杰辉
PI109206,505-9687359,待批核,天誉国际财富管理有限公司,经代业务,同行经代,持牌经纪,天誉国际(MGA),堡盛国际,堡盛国际(TY),香港安盛保险有限公司,储蓄,盛利II储蓄保险-至尊,5,年缴,美金,50000,390000,390000,250000,0,NONPI,,46205,46206,46209,,姜通,JL6752,王晶晶
U109179,611248922,pending,众和恒富理财集团有限公司,经代业务,同行经代,持牌经纪,唯思,唯思财富顾问,唯思财富顾问,香港永明金融有限公司,储蓄,万年青·星河尊享保险计划II,2,预缴,人民币,250000,285000,285000,500000,0,NONPI,,46205,46207,46217,,战略合作,JK7517,王杰辉
U109224,602070245,pending,九富保险服务有限公司,经代业务,同行经代,持牌经纪,天誉国际,宏安证券有限公司,宏安证券有限公司,香港永明金融有限公司,储蓄,万年青·星河尊享保险计划II,5,预缴,美金,12000,93600,93600,60000,0,NONPI,,46205,46209,46211,,姜通,JM5389,赖裕
U109359,611250510,pending,众和恒富理财集团有限公司,经代业务,同行经代,持牌经纪,唯思,唯思财富顾问,唯思财富顾问,香港永明金融有限公司,储蓄,万年青·星河尊享保险计划II,5,年缴,人民币,210000,239400,239400,1050000,0,NONPI,,46209,46210,46210,,战略合作,JK6768,林小莎
PI109476,505-9690700,待批核,天誉国际财富管理有限公司,经代业务,同行经代,持牌经纪,天誉国际(MGA),堡盛国际,堡盛国际(TY),香港安盛保险有限公司,储蓄,盛利II储蓄保险-至尊,2,预缴,美金,50000,390000,390000,,0,NONPI,,46210,46210,46210,,姜通,JL6752,王晶晶
U107991,611250476,待批核,众和恒富理财集团有限公司,经代业务,同行经代,持牌经纪,天誉国际,宏安证券有限公司,宏安证券有限公司,香港永明金融有限公司,储蓄,万年青·星河传承保险计划II,5,年缴,美金,10000,78000,78000,50000,0,NONPI,,46196,46210,46212,,姜通,JM4261,陈焕桃
PI109494,505-9690668,待批核,天誉国际财富管理有限公司,经代业务,同行经代,持牌经纪,天誉国际(MGA),堡盛国际,堡盛国际(TY),香港安盛保险有限公司,储蓄,盛利II储蓄保险-至尊,5,年缴,美金,50000,390000,390000,,0,NONPI,,46210,46210,46210,,姜通,JL6752,王晶晶
J109593,602069938,pending,九富保险服务有限公司,经代业务,永明经代,持牌经纪,万森保险,万森保险,万森保险,香港永明金融有限公司,储蓄,万年青·星河尊享保险计划II,5,年缴,美金,10000,78000,78000,50000,0,NONPI,,46210,46210,46212,,高瑶,JL5879,李咏媱
U109044,611249945,pending,众和恒富理财集团有限公司,经代业务,永明经代,持牌经纪,中天家办,中天家办,中天家办,香港永明金融有限公司,储蓄,万年青·星河尊享保险计划II,5,年缴,人民币,120000,136800,136800,600000,0,NONPI,,46203,46210,46212,,白博文,JJ7007,王嘉鸣
U109467,861001875,已签单,众和恒富理财集团有限公司,经代业务,永明经代,持牌经纪,中天家办,中天家办,中天家办,香港永明金融有限公司,人寿,卓裕人寿保险计划系列 III-100,1,整付,美金,192590,1502202,150220.2,,0,NONPI,,46209,46210,,,白博文,JJ7007,王嘉鸣
U109413,611249947,pending,众和恒富理财集团有限公司,经代业务,永明经代,持牌经纪,中天家办,中天家办,中天家办,香港永明金融有限公司,储蓄,万年青·星河尊享保险计划II,2,预缴,美金,20000,156000,156000,40000,0,NONPI,,46209,46211,46212,,白博文,JJ7007,王嘉鸣
PI109386,505-9691740,待批核,天誉国际财富管理有限公司,经代业务,同行经代,持牌经纪,天誉国际(MGA),堡盛国际,堡盛国际(TY),香港安盛保险有限公司,储蓄,盛利II储蓄保险-至尊,2,预缴,美金,50000,390000,390000,100000,0,NONPI,,46209,46211,46211,,姜通,JH9602,余文茜
J109188,602070157,pending,九富保险服务有限公司,经代业务,永明经代,持牌经纪,万森保险,万森保险,万森保险,香港永明金融有限公司,储蓄,万年青·星河尊享保险计划II,2,年缴,人民币,800000,912000,912000,1600000,0,NONPI,,46205,46211,46213,,高瑶,JM3860,丁铭丰
PI109764,1.00045E+11,待批核,天誉国际财富管理有限公司,经代业务,同行经代,持牌经纪,天誉国际(MGA),堡盛国际,堡盛国际(TY),立桥人寿保险有限公司,储蓄,智选储蓄保（20年保障期）,1,整付,美金,53200,414960,41496,53200,0,NONPI,,46210,46211,46212,,姜通,JL6752,王晶晶
PI109314,505-9693019,待批核,天誉国际财富管理有限公司,经代业务,同行经代,持牌经纪,天誉国际(MGA),盈丰资本财富管理（香港）有限公司,盈丰资本财富管理（香港）有限公司,香港安盛保险有限公司,储蓄,盛利II储蓄保险-至尊,2,年缴,美金,100000,780000,780000,200000,0,NONPI,,46209,46212,46213,,姜通,JH9602,余文茜
PI109719,505-9693050,待批核,天誉国际财富管理有限公司,经代业务,同行经代,持牌经纪,天誉国际(MGA),盈丰资本财富管理（香港）有限公司,盈丰资本财富管理（香港）有限公司,香港安盛保险有限公司,储蓄,盛利II储蓄保险-至尊,5,年缴,美金,10000,78000,78000,50000,0,NONPI,,46210,46212,46213,,姜通,JL6752,王晶晶
J10004073,602069269,待批核,九富保险服务有限公司,代理人业务,天领业务,天领机构,天领重庆,重庆经代,徐雪,香港永明金融有限公司,储蓄,万年青·星河尊享保险计划II,5,年缴,美金,20000,156000,156000,100000,0,NONPI,,46202,46212,46213,,,JL5879,李咏媱
PI109503,A000008327,待批核,天誉国际财富管理有限公司,经代业务,同行经代,持牌经纪,天誉国际(MGA),堡盛国际,堡盛国际(TY),中国太平洋保险（香港）有限公司,储蓄,世代悦享储蓄保险计划3,5,预缴,美金,90000,702000,702000,450000,0,NONPI,,46210,46212,46213,,姜通,JH9602,余文茜
D109368,611232132,待批核,怡泰财富管理有限公司,经代业务,BK业务,银行网点,平安银行,平安银行,平安香港分行王慧娟,香港永明金融有限公司,储蓄,万年青·卓金保险计划II,5,年缴,美金,100000,780000,780000,500000,0,PI,21%,46209,46213,46219,,,JM4219,黄妙生
D109773,611232122,待批核,怡泰财富管理有限公司,经代业务,BK业务,银行网点,平安银行,平安银行,平安香港分行王慧娟,香港永明金融有限公司,储蓄,永誉传承储蓄计划,1,整付,美金,1000000,7800000,780000,1000000,1,NONPI,8%,46210,46213,46219,,,JM4219,黄妙生
PI109287,505-9694553,待批核,天誉国际财富管理有限公司,经代业务,同行经代,持牌经纪,天誉国际(MGA),堡盛国际,堡盛国际(TY),香港安盛保险有限公司,储蓄,盛利II储蓄保险-至尊,2,年缴,人民币,500000,570000,570000,1000000,0,NONPI,,46209,46213,46214,,姜通,JL6752,王晶晶
PI109143,505-9694447,待批核,天誉国际财富管理有限公司,经代业务,同行经代,持牌经纪,天誉国际(MGA),堡盛国际,堡盛国际(TY),香港安盛保险有限公司,储蓄,盛利II储蓄保险-至尊,2,年缴,人民币,100000,114000,114000,200000,0,NONPI,,46204,46213,46213,,姜通,JH9602,余文茜
PI109854,505-9694637,待批核,天誉国际财富管理有限公司,经代业务,同行经代,持牌经纪,天誉国际(MGA),堡盛国际,堡盛国际(TY),香港安盛保险有限公司,储蓄,盛利II储蓄保险-至尊,2,年缴,美金,40000,312000,312000,,0,NONPI,,46212,46213,46213,,姜通,JH9602,余文茜
D109926,611232068,待批核,怡泰财富管理有限公司,经代业务,BK业务,银行网点,平安银行,平安银行,平安香港分行许菁,香港永明金融有限公司,储蓄,永誉传承储蓄计划,1,整付,美金,1000000,7800000,780000,1000000,1,NONPI,7%,46213,46213,46218,,,JH6936,余迪慷
J10004280,602070254,待批核,九富保险服务有限公司,代理人业务,天领业务,天领贴牌,武汉贴牌,武汉贴牌,陈青,香港永明金融有限公司,储蓄,万年青·星河传承保险计划II,5,预缴,美金,60000,468000,468000,300000,0,NONPI,100%,46201,46214,46216,,,JF7605,林思思
PI109944,505-9695485,待批核,天誉国际财富管理有限公司,经代业务,同行经代,持牌经纪,天誉国际(MGA),盈丰资本财富管理（香港）有限公司,盈丰资本财富管理（香港）有限公司,香港安盛保险有限公司,储蓄,盛利II储蓄保险-至尊,2,年缴,美金,50000,390000,390000,100000,0,NONPI,,46213,46214,46220,,姜通,JH9602,余文茜
W10004451,0,待批核,唯思财富顾问有限公司,KA业务,合伙转介业务,异业机构转介,励欧移民,励欧移民,励欧移民,友邦保险（国际）有限公司,重疾,「爱伴航」保险计划2,18,年缴,美金,1638,12776.4,12776.4,100000,0,NONPI,,46213,46214,46219,,,JJ7007,王嘉鸣
W10004442,0,待批核,唯思财富顾问有限公司,KA业务,合伙转介业务,异业机构转介,励欧移民,励欧移民,励欧移民,友邦保险（国际）有限公司,重疾,「爱伴航」保险计划2,18,年缴,美金,1926,15022.8,15022.8,100000,0,NONPI,,46213,46214,46219,,,JJ7007,王嘉鸣
U109908,611249948,已签单,众和恒富理财集团有限公司,经代业务,永明经代,持牌经纪,中天家办,中天家办,中天家办,香港永明金融有限公司,储蓄,万年青·星河传承保险计划II,5,年缴,人民币,21000,23940,23940,105000,0,NONPI,,46213,46214,,,白博文,JJ7007,王嘉鸣
U109998,611249954,待批核,众和恒富理财集团有限公司,经代业务,同行经代,持牌经纪,天誉国际,宏安证券有限公司,宏安证券有限公司,香港永明金融有限公司,储蓄,万年青·星河传承保险计划II,5,预缴,美金,15000,117000,117000,75000,0,NONPI,,46214,46215,46216,,姜通,JJ7007,王嘉鸣
U109332,611250482,待批核,众和恒富理财集团有限公司,经代业务,同行经代,持牌经纪,天誉国际,盈丰资本财富管理（香港）有限公司,盈丰资本财富管理（香港）有限公司,香港永明金融有限公司,储蓄,万年青·星河尊享保险计划II,2,预缴,美金,15000,117000,117000,30000,0,NONPI,,46209,46216,46216,,姜通,JM4261,陈焕桃
U110007,611249953,待批核,众和恒富理财集团有限公司,经代业务,永明经代,持牌经纪,中天家办,中天家办,中天家办,香港永明金融有限公司,储蓄,万年青·星河尊享保险计划II,2,预缴,人民币,1300000,1482000,1482000,2600000,0,NONPI,,46215,46216,46216,,白博文,JJ7007,王嘉鸣
U109863,611250469,已签单,众和恒富理财集团有限公司,经代业务,同行经代,持牌经纪,天誉国际,盈丰资本财富管理（香港）有限公司,盈丰资本财富管理（香港）有限公司,香港永明金融有限公司,储蓄,万年青·星河传承保险计划II,2,年缴,美金,50000,390000,390000,100000,0,PI,,46212,46216,,,姜通,JM4261,陈焕桃
J10004469,602070272,待批核,九富保险服务有限公司,代理人业务,天领业务,天领机构,天领重庆,重庆经代,皮磊,香港永明金融有限公司,储蓄,万年青·星河尊享保险计划II,5,年缴,美金,70000,546000,546000,350000,0,NONPI,15%,46215,46216,46219,,,JL5879,李咏媱
U110043,611250468,待批核,众和恒富理财集团有限公司,经代业务,同行经代,持牌经纪,唯思,同智顾问,同智顾问,香港永明金融有限公司,储蓄,万年青·星河尊享保险计划II,5,年缴,美金,40000,312000,312000,200000,0,NONPI,,46216,46216,46217,,战略合作,JM4261,陈焕桃
J10004379,602070335,待批核,九富保险服务有限公司,代理人业务,成事家办,IYB分公司,杨帆,杨帆,陈艳秋,香港永明金融有限公司,储蓄,万年青·星河尊享保险计划II,5,预缴,美金,30000,234000,234000,150000,0,NONPI,,46209,46216,46217,,,JM5389,赖裕
J109791,602070336,待批核,九富保险服务有限公司,经代业务,永明经代,持牌经纪,裕承资产,裕承资产,裕承资产,香港永明金融有限公司,储蓄,万年青·星河尊享保险计划II,2,年缴,人民币,500000,570000,570000,1000000,0,NONPI,,46211,46216,46217,,白博文,JM5389,赖裕
Y109602,8201228095,待批核,盈富理财顾问有限公司,代理人业务,天领业务,天领机构,天领成都,成都经代,李晓珂,中国人寿保险（海外）股份有限公司（澳门）,储蓄,裕饶传承储蓄保险计划III,5,预缴,港币,1600000,1600000,1600000,,1,NONPI,18%,46210,46217,46218,,,,盈富助理
U109638,611250488,已签单,众和恒富理财集团有限公司,经代业务,永明经代,持牌经纪,企鹅保险,企鹅保险,企鹅保险,香港永明金融有限公司,储蓄,万年青·星河尊享保险计划II,2,预缴,人民币,200000,228000,228000,400000,0,NONPI,,46210,46217,,,姜通,JM4261,陈焕桃
PI109980,505-9698653,待批核,天誉国际财富管理有限公司,经代业务,同行经代,持牌经纪,天誉国际(MGA),盈丰资本财富管理（香港）有限公司,盈丰资本财富管理（香港）有限公司,香港安盛保险有限公司,储蓄,盛利II储蓄保险-至尊,2,年缴,美金,60000,468000,468000,,0,NONPI,,46214,46217,46218,,姜通,JL6752,王晶晶
U110079,602070156,待批核,九富保险服务有限公司,经代业务,同行经代,持牌经纪,天誉国际,宏安证券有限公司,宏安证券有限公司,香港永明金融有限公司,储蓄,万年青·星河尊享保险计划II,2,预缴,美金,25000,195000,195000,50000,0,NONPI,,46216,46217,46217,,姜通,JM3860,丁铭丰
PI110097,505-9699248,待批核,天誉国际财富管理有限公司,经代业务,同行经代,持牌经纪,天誉国际(MGA),盈丰资本财富管理（香港）有限公司,盈丰资本财富管理（香港）有限公司,香港安盛保险有限公司,储蓄,盛利II储蓄保险-至尊,2,预缴,美金,15000,117000,117000,30000,0,NONPI,,46216,46217,46218,,姜通,JL6752,王晶晶
J10004406,602070117,已签单,九富保险服务有限公司,代理人业务,天领业务,天领机构,天领重庆,重庆经代,刘博,香港永明金融有限公司,储蓄,万年青·星河尊享保险计划II,5,年缴,美金,30000,234000,234000,150000,0,NONPI,10%,46212,46218,,,,JJ5633,陈昊锴
J109296,602070148,待批核,九富保险服务有限公司,经代业务,永明经代,持牌经纪,紫荆保险,紫荆保险,紫荆保险,香港永明金融有限公司,储蓄,万年青·星河尊享保险计划II,5,年缴,美金,15000,117000,117000,75000,0,NONPI,,46209,46218,46218,,,JM3860,丁铭丰
PI110115,505-9700111,待批核,天誉国际财富管理有限公司,经代业务,同行经代,持牌经纪,天誉国际(MGA),盈丰资本财富管理（香港）有限公司,盈丰资本财富管理（香港）有限公司,香港安盛保险有限公司,储蓄,盛利II储蓄保险-至尊,2,年缴,美金,60000,468000,468000,120000,0,NONPI,,46216,46218,46218,,姜通,JL6752,王晶晶
U109899,611249949,待批核,众和恒富理财集团有限公司,经代业务,永明经代,持牌经纪,臻略财富,臻略财富,臻略财富,香港永明金融有限公司,储蓄,万年青·星河尊享保险计划II,2,预缴,人民币,140000,159600,159600,280000,0,NONPI,,46213,46218,46219,,白博文,JJ7007,王嘉鸣
PI109827,93087017,已签单,天誉国际财富管理有限公司,经代业务,同行经代,持牌经纪,天誉国际(MGA),堡盛国际,堡盛国际(TY),万通保险国际有限公司,储蓄,富饶万家储蓄保险计划,2,年缴,美金,15000,117000,117000,30000,0,NONPI,,46212,46218,,,姜通,JL6752,王晶晶
U110169,611250545,已签单,众和恒富理财集团有限公司,经代业务,永明经代,持牌经纪,臻略财富,臻略财富,臻略财富,香港永明金融有限公司,储蓄,万年青·星河尊享保险计划II,2,年缴,人民币,175000,199500,199500,350000,0,PI,,46217,46218,,,白博文,JK6768,林小莎
PI109170,0,已签单,天誉国际财富管理有限公司,经代业务,同行经代,持牌经纪,天誉国际(MGA),堡盛国际,堡盛国际(TY),香港安盛保险有限公司,储蓄,盛利II储蓄保险-至尊,2,年缴,美金,250000,1950000,1950000,,0,PI,5%,46205,46218,,,姜通,JL6752,王晶晶
U110340,611249951,待批核,众和恒富理财集团有限公司,经代业务,永明经代,持牌经纪,臻略财富,臻略财富,臻略财富,香港永明金融有限公司,储蓄,万年青·星河尊享保险计划II,5,预缴,美金,15000,117000,117000,75000,0,NONPI,,46218,46218,46219,,白博文,JJ7007,王嘉鸣
J10004433,602070273,已签单,九富保险服务有限公司,代理人业务,天领业务,天领机构,天领重庆,重庆经代,杨媛越,香港永明金融有限公司,储蓄,万年青·星河尊享保险计划II,2,预缴,美金,75000,585000,585000,150000,0,NONPI,6%,46212,46218,,,,JL5879,李咏媱
J10004424,602070118,已签单,九富保险服务有限公司,代理人业务,天领业务,天领机构,天领重庆,重庆经代,杨媛越,香港永明金融有限公司,储蓄,万年青·星河尊享保险计划II,2,预缴,美金,75000,585000,585000,150000,0,NONPI,6%,46212,46218,,,,JJ5633,陈昊锴
U109836,611248933,待批核,众和恒富理财集团有限公司,经代业务,同行经代,持牌经纪,唯思,唯思财富顾问,唯思财富顾问,香港永明金融有限公司,储蓄,万年青·星河尊享保险计划II,2,预缴,美金,50000,390000,390000,100000,0,NONPI,,46212,46219,46220,,战略合作,JK7517,王杰辉
D110052,611232127,待批核,怡泰财富管理有限公司,经代业务,BK业务,银行网点,民生银行,民生银行,民生郑州分行,香港永明金融有限公司,储蓄,万年青·卓金保险计划II,5,年缴,美金,100000,780000,780000,500000,0,PI,21%,46216,46219,46220,,,JM4219,黄妙生
D110061,611232035,待批核,怡泰财富管理有限公司,经代业务,BK业务,银行网点,民生银行,民生银行,民生郑州分行,香港永明金融有限公司,储蓄,万年青·卓金保险计划II,5,年缴,美金,100000,780000,780000,500000,0,PI,21%,46216,46219,46220,,,JH6936,余迪慷
PI110493,505-9701598,已签单,天誉国际财富管理有限公司,经代业务,同行经代,持牌经纪,天誉国际(MGA),堡盛国际,堡盛国际(TY),香港安盛保险有限公司,储蓄,盛利II储蓄保险-至尊,2,预缴,美金,75000,585000,585000,150000,0,NONPI,,46219,46219,,,姜通,JL6752,王晶晶
PI110313,505-9701564,已签单,天誉国际财富管理有限公司,经代业务,同行经代,持牌经纪,天誉国际(MGA),堡盛国际,堡盛国际(TY),香港安盛保险有限公司,储蓄,盛利II储蓄保险-至尊,5,预缴,美金,30000,234000,234000,150000,0,NONPI,,46218,46219,,,姜通,JL6752,王晶晶
U110403,611249878,已签单,众和恒富理财集团有限公司,经代业务,永明经代,持牌经纪,万城保险,万城保险,万城保险,香港永明金融有限公司,储蓄,万年青·星河尊享保险计划II,5,预缴,美金,30000,234000,234000,150000,0,NONPI,,46218,46219,,,姜通,JK7517,王杰辉
U110376,611249881,待批核,众和恒富理财集团有限公司,经代业务,永明经代,持牌经纪,中天家办,中天家办,中天家办,香港永明金融有限公司,储蓄,万年青·星河尊享保险计划II,2,预缴,美金,25000,195000,195000,50000,0,NONPI,,46218,46219,46220,,白博文,JK7517,王杰辉
PI110349,1.00045E+11,待批核,天誉国际财富管理有限公司,经代业务,同行经代,持牌经纪,天誉国际(MGA),宏安证券有限公司,宏安证券有限公司,立桥人寿保险有限公司,储蓄,智选储蓄保（20年保障期）,1,整付,美金,250000,1950000,195000,250000,0,NONPI,,46218,46219,46220,,姜通,JL6752,王晶晶
U109809,861001876,已签单,众和恒富理财集团有限公司,经代业务,永明经代,持牌经纪,中天家办,中天家办,中天家办,香港永明金融有限公司,人寿,卓裕人寿保险计划系列 III-100,1,整付,美金,924500,7211100,721110,5000000,0,NONPI,,46211,46219,,,白博文,JJ7007,王嘉鸣
PI110511,A000008429,已签单,天誉国际财富管理有限公司,经代业务,同行经代,持牌经纪,天誉国际(MGA),堡盛国际,堡盛国际(TY),中国太平洋保险（香港）有限公司,储蓄,世代悦享储蓄保险计划3,1,整付,美金,150000,1170000,117000,150000,0,NONPI,,46219,46219,,,姜通,JL6752,王晶晶
Y109728,0,已签单,盈富理财顾问有限公司,代理人业务,天领业务,天领机构,天领成都,成都经代,肖必双,中国人寿保险（海外）股份有限公司（澳门）,储蓄,裕饶传承储蓄保险计划III,5,预缴,港币,2400000,2400000,2400000,,1,NONPI,23%,46210,46220,,,,,盈富助理
D110106,611231893,待批核,怡泰财富管理有限公司,经代业务,BK业务,银行网点,民生银行,民生银行,民生南京分行,香港永明金融有限公司,储蓄,万年青·卓金保险计划II,5,年缴,美金,50000,390000,390000,250000,0,PI,20%,46216,46220,46220,,,JF2281,赖晔敏
D109953,611231895,待批核,怡泰财富管理有限公司,经代业务,BK业务,银行网点,民生银行,民生银行,民生南京分行,香港永明金融有限公司,储蓄,万年青·卓金保险计划II,5,年缴,美金,50000,390000,390000,250000,0,PI,20%,46213,46220,46220,,,JF2281,赖晔敏
PI109125,505-9702810,待批核,天誉国际财富管理有限公司,经代业务,同行经代,持牌经纪,天誉国际(MGA),堡盛国际,堡盛国际(TY),香港安盛保险有限公司,储蓄,盛利II储蓄保险-至尊,5,年缴,美金,10000,78000,78000,50000,0,NONPI,,46204,46220,46220,,姜通,JH9602,余文茜
D109971,611231896,已签单,怡泰财富管理有限公司,经代业务,BK业务,银行网点,民生银行,民生银行,民生合肥分行,香港永明金融有限公司,储蓄,万年青·卓金保险计划II,5,年缴,美金,100000,780000,780000,500000,0,PI,20%,46213,46220,,,,IA6464,连亮晴
D109962,611232130,已签单,怡泰财富管理有限公司,经代业务,BK业务,银行网点,民生银行,民生银行,民生杭州分行,香港永明金融有限公司,储蓄,万年青·卓金保险计划II,5,年缴,美金,50000,390000,390000,250000,0,PI,21%,46213,46220,,,,JM4219,黄妙生
D110088,611232081,已签单,怡泰财富管理有限公司,经代业务,BK业务,银行网点,民生银行,民生银行,民生合肥分行,香港永明金融有限公司,储蓄,万年青·卓金保险计划II,5,年缴,美金,100000,780000,780000,500000,0,PI,59%,46216,46220,,,,JH6936,余迪慷
PI110178,505-9702935,待批核,天誉国际财富管理有限公司,经代业务,同行经代,持牌经纪,天誉国际(MGA),堡盛国际,堡盛国际(TY),香港安盛保险有限公司,储蓄,盛利II储蓄保险-至尊,2,年缴,人民币,150000,171000,171000,300000,0,NONPI,,46217,46220,46220,,姜通,JH9602,余文茜
PI109935,0,已签单,天誉国际财富管理有限公司,经代业务,同行经代,持牌经纪,天誉国际(MGA),堡盛国际,堡盛国际(TY),香港安盛保险有限公司,储蓄,盛利II储蓄保险-至尊,2,预缴,美金,25000,195000,195000,50000,0,NONPI,,46213,46220,,,姜通,JL6752,王晶晶
PI110250,0,已签单,天誉国际财富管理有限公司,经代业务,同行经代,持牌经纪,天誉国际(MGA),盈丰资本财富管理（香港）有限公司,盈丰资本财富管理（香港）有限公司,香港安盛保险有限公司,储蓄,盛利II储蓄保险-至尊,2,年缴,美金,40000,312000,312000,,0,NONPI,,46217,46220,,,姜通,JL6752,王晶晶
